{"type": "FeatureCollection", "features": [{"type": "Feature", "properties": {"name": "Stream"}, "geometry": {"type": "Polygon", "coordinates": [[[73.78708333327565, 19.079583333342633], [73.78708333327565, 19.0787500000093], [73.78874999994233, 19.0787500000093], [73.78874999994233, 19.079583333342633], [73.78708333327565, 19.079583333342633]]]}}, {"type": "Feature", "properties": {"name": "Stream"}, "geometry": {"type": "Polygon", "coordinates": [[[73.78874999994233, 19.0787500000093], [73.78874999994233, 19.077916666675968], [73.78958333327566, 19.077916666675968], [73.78958333327566, 19.0787500000093], [73.78874999994233, 19.0787500000093]]]}}, {"type": "Feature", "properties": {"name": "Stream"}, "geometry": {"type": "Polygon", "coordinates": [[[73.80541666660898, 19.077916666675968], [73.80541666660898, 19.07708333334263], [73.80708333327564, 19.07708333334263], [73.80708333327564, 19.077916666675968], [73.80541666660898, 19.077916666675968]]]}}, {"type": "Feature", "properties": {"name": "Stream"}, "geometry": {"type": "Polygon", "coordinates": [[[73.78958333327566, 19.077916666675968], [73.78958333327566, 19.0762500000093], [73.79041666660899, 19.0762500000093], [73.79041666660899, 19.077916666675968], [73.78958333327566, 19.077916666675968]]]}}, {"type": "Feature", "properties": {"name": "Stream"}, "geometry": {"type": "Polygon", "coordinates": [[[73.80041666660898, 19.07708333334263], [73.80041666660898, 19.0762500000093], [73.80541666660898, 19.0762500000093], [73.80541666660898, 19.07708333334263], [73.80041666660898, 19.07708333334263]]]}}, {"type": "Feature", "properties": {"name": "Stream"}, "geometry": {"type": "Polygon", "coordinates": [[[73.80708333327564, 19.07708333334263], [73.80708333327564, 19.0762500000093], [73.80958333327565, 19.0762500000093], [73.80958333327565, 19.07708333334263], [73.80708333327564, 19.07708333334263]]]}}, {"type": "Feature", "properties": {"name": "Stream"}, "geometry": {"type": "Polygon", "coordinates": [[[73.79041666660899, 19.0762500000093], [73.79041666660899, 19.075416666675967], [73.79291666660899, 19.075416666675967], [73.79291666660899, 19.0762500000093], [73.79041666660899, 19.0762500000093]]]}}, {"type": "Feature", "properties": {"name": "Stream"}, "geometry": {"type": "Polygon", "coordinates": [[[73.79874999994232, 19.0762500000093], [73.79874999994232, 19.075416666675967], [73.80041666660898, 19.075416666675967], [73.80041666660898, 19.0762500000093], [73.79874999994232, 19.0762500000093]]]}}, {"type": "Feature", "properties": {"name": "Stream"}, "geometry": {"type": "Polygon", "coordinates": [[[73.80958333327565, 19.0762500000093], [73.80958333327565, 19.075416666675967], [73.81041666660899, 19.075416666675967], [73.81041666660899, 19.0762500000093], [73.80958333327565, 19.0762500000093]]]}}, {"type": "Feature", "properties": {"name": "Stream"}, "geometry": {"type": "Polygon", "coordinates": [[[73.79291666660899, 19.075416666675967], [73.79291666660899, 19.074583333342634], [73.79874999994232, 19.074583333342634], [73.79874999994232, 19.075416666675967], [73.79291666660899, 19.075416666675967]]]}}, {"type": "Feature", "properties": {"name": "Stream"}, "geometry": {"type": "Polygon", "coordinates": [[[73.81041666660899, 19.075416666675967], [73.81041666660899, 19.074583333342634], [73.81124999994232, 19.074583333342634], [73.81124999994232, 19.075416666675967], [73.81041666660899, 19.075416666675967]]]}}, {"type": "Feature", "properties": {"name": "Stream"}, "geometry": {"type": "Polygon", "coordinates": [[[73.81124999994232, 19.074583333342634], [73.81124999994232, 19.0737500000093], [73.81624999994231, 19.0737500000093], [73.81624999994231, 19.074583333342634], [73.81124999994232, 19.074583333342634]]]}}, {"type": "Feature", "properties": {"name": "Stream"}, "geometry": {"type": "Polygon", "coordinates": [[[73.81624999994231, 19.0737500000093], [73.81624999994231, 19.07291666667597], [73.81791666660898, 19.07291666667597], [73.81791666660898, 19.0737500000093], [73.81624999994231, 19.0737500000093]]]}}, {"type": "Feature", "properties": {"name": "Stream"}, "geometry": {"type": "Polygon", "coordinates": [[[73.81791666660898, 19.07291666667597], [73.81791666660898, 19.072083333342633], [73.82124999994231, 19.072083333342633], [73.82124999994231, 19.07291666667597], [73.81791666660898, 19.07291666667597]]]}}, {"type": "Feature", "properties": {"name": "Stream"}, "geometry": {"type": "Polygon", "coordinates": [[[73.82124999994231, 19.072083333342633], [73.82124999994231, 19.0712500000093], [73.82208333327564, 19.0712500000093], [73.82208333327564, 19.072083333342633], [73.82124999994231, 19.072083333342633]]]}}, {"type": "Feature", "properties": {"name": "Stream"}, "geometry": {"type": "Polygon", "coordinates": [[[73.82208333327564, 19.0712500000093], [73.82208333327564, 19.070416666675968], [73.82291666660898, 19.070416666675968], [73.82291666660898, 19.0712500000093], [73.82208333327564, 19.0712500000093]]]}}, {"type": "Feature", "properties": {"name": "Stream"}, "geometry": {"type": "Polygon", "coordinates": [[[73.82291666660898, 19.070416666675968], [73.82291666660898, 19.069583333342635], [73.82374999994231, 19.069583333342635], [73.82374999994231, 19.070416666675968], [73.82291666660898, 19.070416666675968]]]}}, {"type": "Feature", "properties": {"name": "Stream"}, "geometry": {"type": "Polygon", "coordinates": [[[73.82374999994231, 19.069583333342635], [73.82374999994231, 19.068750000009302], [73.82458333327564, 19.068750000009302], [73.82458333327564, 19.069583333342635], [73.82374999994231, 19.069583333342635]]]}}, {"type": "Feature", "properties": {"name": "Stream"}, "geometry": {"type": "Polygon", "coordinates": [[[73.82458333327564, 19.068750000009302], [73.82458333327564, 19.06791666667597], [73.82541666660897, 19.06791666667597], [73.82541666660897, 19.068750000009302], [73.82458333327564, 19.068750000009302]]]}}, {"type": "Feature", "properties": {"name": "Stream"}, "geometry": {"type": "Polygon", "coordinates": [[[73.82541666660897, 19.06791666667597], [73.82541666660897, 19.067083333342637], [73.83124999994232, 19.067083333342637], [73.83124999994232, 19.06791666667597], [73.82541666660897, 19.06791666667597]]]}}, {"type": "Feature", "properties": {"name": "Stream"}, "geometry": {"type": "Polygon", "coordinates": [[[73.83124999994232, 19.067083333342637], [73.83124999994232, 19.0662500000093], [73.83291666660898, 19.0662500000093], [73.83291666660898, 19.067083333342637], [73.83124999994232, 19.067083333342637]]]}}, {"type": "Feature", "properties": {"name": "Stream"}, "geometry": {"type": "Polygon", "coordinates": [[[73.83291666660898, 19.0662500000093], [73.83291666660898, 19.06541666667597], [73.83374999994231, 19.06541666667597], [73.83374999994231, 19.0662500000093], [73.83291666660898, 19.0662500000093]]]}}, {"type": "Feature", "properties": {"name": "Stream"}, "geometry": {"type": "Polygon", "coordinates": [[[73.83374999994231, 19.06541666667597], [73.83374999994231, 19.064583333342636], [73.83458333327565, 19.064583333342636], [73.83458333327565, 19.06541666667597], [73.83374999994231, 19.06541666667597]]]}}, {"type": "Feature", "properties": {"name": "Stream"}, "geometry": {"type": "Polygon", "coordinates": [[[73.83458333327565, 19.064583333342636], [73.83458333327565, 19.06208333334264], [73.83541666660898, 19.06208333334264], [73.83541666660898, 19.064583333342636], [73.83458333327565, 19.064583333342636]]]}}, {"type": "Feature", "properties": {"name": "Stream"}, "geometry": {"type": "Polygon", "coordinates": [[[73.83541666660898, 19.06208333334264], [73.83541666660898, 19.05708333334264], [73.83624999994231, 19.05708333334264], [73.83624999994231, 19.06208333334264], [73.83541666660898, 19.06208333334264]]]}}, {"type": "Feature", "properties": {"name": "Stream"}, "geometry": {"type": "Polygon", "coordinates": [[[73.83458333327565, 19.05708333334264], [73.83458333327565, 19.056250000009303], [73.83541666660898, 19.056250000009303], [73.83541666660898, 19.05708333334264], [73.83458333327565, 19.05708333334264]]]}}, {"type": "Feature", "properties": {"name": "Stream"}, "geometry": {"type": "Polygon", "coordinates": [[[73.83374999994231, 19.056250000009303], [73.83374999994231, 19.05541666667597], [73.83458333327565, 19.05541666667597], [73.83458333327565, 19.056250000009303], [73.83374999994231, 19.056250000009303]]]}}, {"type": "Feature", "properties": {"name": "Stream"}, "geometry": {"type": "Polygon", "coordinates": [[[74.05624999994225, 19.056250000009303], [74.05624999994225, 19.05541666667597], [74.05708333327559, 19.05541666667597], [74.05708333327559, 19.056250000009303], [74.05624999994225, 19.056250000009303]]]}}, {"type": "Feature", "properties": {"name": "Stream"}, "geometry": {"type": "Polygon", "coordinates": [[[73.83458333327565, 19.05541666667597], [73.83458333327565, 19.054583333342638], [73.83541666660898, 19.054583333342638], [73.83541666660898, 19.05541666667597], [73.83458333327565, 19.05541666667597]]]}}, {"type": "Feature", "properties": {"name": "Stream"}, "geometry": {"type": "Polygon", "coordinates": [[[74.05708333327559, 19.05541666667597], [74.05708333327559, 19.054583333342638], [74.05874999994226, 19.054583333342638], [74.05874999994226, 19.05541666667597], [74.05708333327559, 19.05541666667597]]]}}, {"type": "Feature", "properties": {"name": "Stream"}, "geometry": {"type": "Polygon", "coordinates": [[[73.83541666660898, 19.054583333342638], [73.83541666660898, 19.052916666675973], [73.83708333327564, 19.052916666675973], [73.83708333327564, 19.053750000009305], [73.83624999994231, 19.053750000009305], [73.83624999994231, 19.054583333342638], [73.83541666660898, 19.054583333342638]]]}}, {"type": "Feature", "properties": {"name": "Stream"}, "geometry": {"type": "Polygon", "coordinates": [[[73.83708333327564, 19.052916666675973], [73.83708333327564, 19.05208333334264], [73.85041666660898, 19.05208333334264], [73.85041666660898, 19.052916666675973], [73.83708333327564, 19.052916666675973]]]}}, {"type": "Feature", "properties": {"name": "Stream"}, "geometry": {"type": "Polygon", "coordinates": [[[74.05874999994226, 19.054583333342638], [74.05874999994226, 19.051250000009304], [74.0595833332756, 19.051250000009304], [74.0595833332756, 19.054583333342638], [74.05874999994226, 19.054583333342638]]]}}, {"type": "Feature", "properties": {"name": "Stream"}, "geometry": {"type": "Polygon", "coordinates": [[[73.85041666660898, 19.05208333334264], [73.85041666660898, 19.051250000009304], [73.85124999994231, 19.051250000009304], [73.85124999994231, 19.05208333334264], [73.85041666660898, 19.05208333334264]]]}}, {"type": "Feature", "properties": {"name": "Stream"}, "geometry": {"type": "Polygon", "coordinates": [[[73.86791666660896, 19.05208333334264], [73.86791666660896, 19.051250000009304], [73.8787499999423, 19.051250000009304], [73.8787499999423, 19.05208333334264], [73.86791666660896, 19.05208333334264]]]}}, {"type": "Feature", "properties": {"name": "Stream"}, "geometry": {"type": "Polygon", "coordinates": [[[73.85124999994231, 19.051250000009304], [73.85124999994231, 19.05041666667597], [73.85208333327564, 19.05041666667597], [73.85208333327564, 19.051250000009304], [73.85124999994231, 19.051250000009304]]]}}, {"type": "Feature", "properties": {"name": "Stream"}, "geometry": {"type": "Polygon", "coordinates": [[[73.86458333327563, 19.051250000009304], [73.86458333327563, 19.05041666667597], [73.86791666660896, 19.05041666667597], [73.86791666660896, 19.051250000009304], [73.86458333327563, 19.051250000009304]]]}}, {"type": "Feature", "properties": {"name": "Stream"}, "geometry": {"type": "Polygon", "coordinates": [[[73.8787499999423, 19.051250000009304], [73.8787499999423, 19.05041666667597], [73.87958333327563, 19.05041666667597], [73.87958333327563, 19.051250000009304], [73.8787499999423, 19.051250000009304]]]}}, {"type": "Feature", "properties": {"name": "Stream"}, "geometry": {"type": "Polygon", "coordinates": [[[73.8837499999423, 19.051250000009304], [73.8837499999423, 19.05041666667597], [73.88541666660896, 19.05041666667597], [73.88541666660896, 19.051250000009304], [73.8837499999423, 19.051250000009304]]]}}, {"type": "Feature", "properties": {"name": "Stream"}, "geometry": {"type": "Polygon", "coordinates": [[[74.0595833332756, 19.051250000009304], [74.0595833332756, 19.04958333334264], [74.06041666660893, 19.04958333334264], [74.06041666660893, 19.051250000009304], [74.0595833332756, 19.051250000009304]]]}}, {"type": "Feature", "properties": {"name": "Stream"}, "geometry": {"type": "Polygon", "coordinates": [[[73.85208333327564, 19.05041666667597], [73.85208333327564, 19.04958333334264], [73.85291666660898, 19.04958333334264], [73.85291666660898, 19.05041666667597], [73.85208333327564, 19.05041666667597]]]}}, {"type": "Feature", "properties": {"name": "Stream"}, "geometry": {"type": "Polygon", "coordinates": [[[73.86208333327563, 19.05041666667597], [73.86208333327563, 19.04958333334264], [73.86458333327563, 19.04958333334264], [73.86458333327563, 19.05041666667597], [73.86208333327563, 19.05041666667597]]]}}, {"type": "Feature", "properties": {"name": "Stream"}, "geometry": {"type": "Polygon", "coordinates": [[[73.87958333327563, 19.05041666667597], [73.87958333327563, 19.04958333334264], [73.8837499999423, 19.04958333334264], [73.8837499999423, 19.05041666667597], [73.87958333327563, 19.05041666667597]]]}}, {"type": "Feature", "properties": {"name": "Stream"}, "geometry": {"type": "Polygon", "coordinates": [[[73.88541666660896, 19.05041666667597], [73.88541666660896, 19.04958333334264], [73.8862499999423, 19.04958333334264], [73.8862499999423, 19.05041666667597], [73.88541666660896, 19.05041666667597]]]}}, {"type": "Feature", "properties": {"name": "Stream"}, "geometry": {"type": "Polygon", "coordinates": [[[73.85291666660898, 19.04958333334264], [73.85291666660898, 19.048750000009306], [73.85374999994231, 19.048750000009306], [73.85374999994231, 19.04958333334264], [73.85291666660898, 19.04958333334264]]]}}, {"type": "Feature", "properties": {"name": "Stream"}, "geometry": {"type": "Polygon", "coordinates": [[[73.8612499999423, 19.04958333334264], [73.8612499999423, 19.048750000009306], [73.86208333327563, 19.048750000009306], [73.86208333327563, 19.04958333334264], [73.8612499999423, 19.04958333334264]]]}}, {"type": "Feature", "properties": {"name": "Stream"}, "geometry": {"type": "Polygon", "coordinates": [[[74.06041666660893, 19.04958333334264], [74.06041666660893, 19.048750000009306], [74.06124999994226, 19.048750000009306], [74.06124999994226, 19.04958333334264], [74.06041666660893, 19.04958333334264]]]}}, {"type": "Feature", "properties": {"name": "Stream"}, "geometry": {"type": "Polygon", "coordinates": [[[73.8862499999423, 19.04958333334264], [73.8862499999423, 19.047916666675974], [73.88708333327563, 19.047916666675974], [73.88708333327563, 19.04958333334264], [73.8862499999423, 19.04958333334264]]]}}, {"type": "Feature", "properties": {"name": "Stream"}, "geometry": {"type": "Polygon", "coordinates": [[[73.85374999994231, 19.048750000009306], [73.85374999994231, 19.047916666675974], [73.8612499999423, 19.047916666675974], [73.8612499999423, 19.048750000009306], [73.85374999994231, 19.048750000009306]]]}}, {"type": "Feature", "properties": {"name": "Stream"}, "geometry": {"type": "Polygon", "coordinates": [[[74.06124999994226, 19.048750000009306], [74.06124999994226, 19.04708333334264], [74.0620833332756, 19.04708333334264], [74.0620833332756, 19.048750000009306], [74.06124999994226, 19.048750000009306]]]}}, {"type": "Feature", "properties": {"name": "Stream"}, "geometry": {"type": "Polygon", "coordinates": [[[73.88708333327563, 19.047916666675974], [73.88708333327563, 19.04708333334264], [73.88791666660896, 19.04708333334264], [73.88791666660896, 19.047916666675974], [73.88708333327563, 19.047916666675974]]]}}, {"type": "Feature", "properties": {"name": "Stream"}, "geometry": {"type": "Polygon", "coordinates": [[[73.88791666660896, 19.04708333334264], [73.88791666660896, 19.04625000000931], [73.88874999994229, 19.04625000000931], [73.88874999994229, 19.04708333334264], [73.88791666660896, 19.04708333334264]]]}}, {"type": "Feature", "properties": {"name": "Stream"}, "geometry": {"type": "Polygon", "coordinates": [[[74.06041666660893, 19.04708333334264], [74.06041666660893, 19.04625000000931], [74.06124999994226, 19.04625000000931], [74.06124999994226, 19.04708333334264], [74.06041666660893, 19.04708333334264]]]}}, {"type": "Feature", "properties": {"name": "Stream"}, "geometry": {"type": "Polygon", "coordinates": [[[73.88874999994229, 19.04625000000931], [73.88874999994229, 19.045416666675973], [73.88958333327562, 19.045416666675973], [73.88958333327562, 19.04625000000931], [73.88874999994229, 19.04625000000931]]]}}, {"type": "Feature", "properties": {"name": "Stream"}, "geometry": {"type": "Polygon", "coordinates": [[[74.0595833332756, 19.04625000000931], [74.0595833332756, 19.04458333334264], [74.06041666660893, 19.04458333334264], [74.06041666660893, 19.04625000000931], [74.0595833332756, 19.04625000000931]]]}}, {"type": "Feature", "properties": {"name": "Stream"}, "geometry": {"type": "Polygon", "coordinates": [[[73.88958333327562, 19.045416666675973], [73.88958333327562, 19.04458333334264], [73.89208333327564, 19.04458333334264], [73.89208333327564, 19.045416666675973], [73.88958333327562, 19.045416666675973]]]}}, {"type": "Feature", "properties": {"name": "Stream"}, "geometry": {"type": "Polygon", "coordinates": [[[73.89208333327564, 19.04458333334264], [73.89208333327564, 19.043750000009307], [73.89291666660897, 19.043750000009307], [73.89291666660897, 19.04458333334264], [73.89208333327564, 19.04458333334264]]]}}, {"type": "Feature", "properties": {"name": "Stream"}, "geometry": {"type": "Polygon", "coordinates": [[[73.94958333327561, 19.04458333334264], [73.94958333327561, 19.043750000009307], [73.95208333327561, 19.043750000009307], [73.95208333327561, 19.04458333334264], [73.94958333327561, 19.04458333334264]]]}}, {"type": "Feature", "properties": {"name": "Stream"}, "geometry": {"type": "Polygon", "coordinates": [[[74.05874999994226, 19.04458333334264], [74.05874999994226, 19.043750000009307], [74.0595833332756, 19.043750000009307], [74.0595833332756, 19.04458333334264], [74.05874999994226, 19.04458333334264]]]}}, {"type": "Feature", "properties": {"name": "Stream"}, "geometry": {"type": "Polygon", "coordinates": [[[74.0620833332756, 19.04458333334264], [74.0620833332756, 19.043750000009307], [74.06291666660893, 19.043750000009307], [74.06291666660893, 19.04458333334264], [74.0620833332756, 19.04458333334264]]]}}, {"type": "Feature", "properties": {"name": "Stream"}, "geometry": {"type": "Polygon", "coordinates": [[[73.89291666660897, 19.043750000009307], [73.89291666660897, 19.042916666675975], [73.8937499999423, 19.042916666675975], [73.8937499999423, 19.043750000009307], [73.89291666660897, 19.043750000009307]]]}}, {"type": "Feature", "properties": {"name": "Stream"}, "geometry": {"type": "Polygon", "coordinates": [[[73.94874999994228, 19.043750000009307], [73.94874999994228, 19.042916666675975], [73.94958333327561, 19.042916666675975], [73.94958333327561, 19.043750000009307], [73.94874999994228, 19.043750000009307]]]}}, {"type": "Feature", "properties": {"name": "Stream"}, "geometry": {"type": "Polygon", "coordinates": [[[73.95208333327561, 19.043750000009307], [73.95208333327561, 19.042916666675975], [73.95291666660894, 19.042916666675975], [73.95291666660894, 19.043750000009307], [73.95208333327561, 19.043750000009307]]]}}, {"type": "Feature", "properties": {"name": "Stream"}, "geometry": {"type": "Polygon", "coordinates": [[[74.0595833332756, 19.043750000009307], [74.0595833332756, 19.042916666675975], [74.0620833332756, 19.042916666675975], [74.0620833332756, 19.043750000009307], [74.0595833332756, 19.043750000009307]]]}}, {"type": "Feature", "properties": {"name": "Stream"}, "geometry": {"type": "Polygon", "coordinates": [[[73.94791666660895, 19.042916666675975], [73.94791666660895, 19.042083333342642], [73.94874999994228, 19.042083333342642], [73.94874999994228, 19.042916666675975], [73.94791666660895, 19.042916666675975]]]}}, {"type": "Feature", "properties": {"name": "Stream"}, "geometry": {"type": "Polygon", "coordinates": [[[73.95291666660894, 19.042916666675975], [73.95291666660894, 19.042083333342642], [73.95541666660895, 19.042083333342642], [73.95541666660895, 19.042916666675975], [73.95291666660894, 19.042916666675975]]]}}, {"type": "Feature", "properties": {"name": "Stream"}, "geometry": {"type": "Polygon", "coordinates": [[[73.8937499999423, 19.042916666675975], [73.8937499999423, 19.04125000000931], [73.89458333327563, 19.04125000000931], [73.89458333327563, 19.042916666675975], [73.8937499999423, 19.042916666675975]]]}}, {"type": "Feature", "properties": {"name": "Stream"}, "geometry": {"type": "Polygon", "coordinates": [[[73.94708333327561, 19.042083333342642], [73.94708333327561, 19.04125000000931], [73.94791666660895, 19.04125000000931], [73.94791666660895, 19.042083333342642], [73.94708333327561, 19.042083333342642]]]}}, {"type": "Feature", "properties": {"name": "Stream"}, "geometry": {"type": "Polygon", "coordinates": [[[73.95541666660895, 19.042083333342642], [73.95541666660895, 19.04125000000931], [73.95624999994229, 19.04125000000931], [73.95624999994229, 19.042083333342642], [73.95541666660895, 19.042083333342642]]]}}, {"type": "Feature", "properties": {"name": "Stream"}, "geometry": {"type": "Polygon", "coordinates": [[[74.06291666660893, 19.043750000009307], [74.06291666660893, 19.040416666675974], [74.06374999994226, 19.040416666675974], [74.06374999994226, 19.043750000009307], [74.06291666660893, 19.043750000009307]]]}}, {"type": "Feature", "properties": {"name": "Stream"}, "geometry": {"type": "Polygon", "coordinates": [[[73.89458333327563, 19.04125000000931], [73.89458333327563, 19.040416666675974], [73.89541666660897, 19.040416666675974], [73.89541666660897, 19.04125000000931], [73.89458333327563, 19.04125000000931]]]}}, {"type": "Feature", "properties": {"name": "Stream"}, "geometry": {"type": "Polygon", "coordinates": [[[73.94624999994228, 19.04125000000931], [73.94624999994228, 19.040416666675974], [73.94708333327561, 19.040416666675974], [73.94708333327561, 19.04125000000931], [73.94624999994228, 19.04125000000931]]]}}, {"type": "Feature", "properties": {"name": "Stream"}, "geometry": {"type": "Polygon", "coordinates": [[[73.95624999994229, 19.04125000000931], [73.95624999994229, 19.040416666675974], [73.95708333327562, 19.040416666675974], [73.95708333327562, 19.04125000000931], [73.95624999994229, 19.04125000000931]]]}}, {"type": "Feature", "properties": {"name": "Stream"}, "geometry": {"type": "Polygon", "coordinates": [[[73.89541666660897, 19.040416666675974], [73.89541666660897, 19.03958333334264], [73.8962499999423, 19.03958333334264], [73.8962499999423, 19.040416666675974], [73.89541666660897, 19.040416666675974]]]}}, {"type": "Feature", "properties": {"name": "Stream"}, "geometry": {"type": "Polygon", "coordinates": [[[73.94541666660895, 19.040416666675974], [73.94541666660895, 19.03875000000931], [73.94624999994228, 19.03875000000931], [73.94624999994228, 19.040416666675974], [73.94541666660895, 19.040416666675974]]]}}, {"type": "Feature", "properties": {"name": "Stream"}, "geometry": {"type": "Polygon", "coordinates": [[[73.93958333327562, 19.03875000000931], [73.93958333327562, 19.037916666675976], [73.94291666660895, 19.037916666675976], [73.94291666660895, 19.03875000000931], [73.93958333327562, 19.03875000000931]]]}}, {"type": "Feature", "properties": {"name": "Stream"}, "geometry": {"type": "Polygon", "coordinates": [[[73.94458333327562, 19.03875000000931], [73.94458333327562, 19.037916666675976], [73.94541666660895, 19.037916666675976], [73.94541666660895, 19.03875000000931], [73.94458333327562, 19.03875000000931]]]}}, {"type": "Feature", "properties": {"name": "Stream"}, "geometry": {"type": "Polygon", "coordinates": [[[74.06374999994226, 19.040416666675974], [74.06374999994226, 19.037083333342643], [74.06458333327559, 19.037083333342643], [74.06458333327559, 19.040416666675974], [74.06374999994226, 19.040416666675974]]]}}, {"type": "Feature", "properties": {"name": "Stream"}, "geometry": {"type": "Polygon", "coordinates": [[[73.8962499999423, 19.03958333334264], [73.8962499999423, 19.037083333342643], [73.89708333327563, 19.037083333342643], [73.89708333327563, 19.03958333334264], [73.8962499999423, 19.03958333334264]]]}}, {"type": "Feature", "properties": {"name": "Stream"}, "geometry": {"type": "Polygon", "coordinates": [[[73.93458333327563, 19.037916666675976], [73.93458333327563, 19.037083333342643], [73.93958333327562, 19.037083333342643], [73.93958333327562, 19.037916666675976], [73.93458333327563, 19.037916666675976]]]}}, {"type": "Feature", "properties": {"name": "Stream"}, "geometry": {"type": "Polygon", "coordinates": [[[73.94291666660895, 19.037916666675976], [73.94291666660895, 19.037083333342643], [73.94458333327562, 19.037083333342643], [73.94458333327562, 19.037916666675976], [73.94291666660895, 19.037916666675976]]]}}, {"type": "Feature", "properties": {"name": "Stream"}, "geometry": {"type": "Polygon", "coordinates": [[[73.95708333327562, 19.040416666675974], [73.95708333327562, 19.03958333334264], [73.95791666660895, 19.03958333334264], [73.95791666660895, 19.03625000000931], [73.95874999994228, 19.03625000000931], [73.95874999994228, 19.040416666675974], [73.95708333327562, 19.040416666675974]]]}}, {"type": "Feature", "properties": {"name": "Stream"}, "geometry": {"type": "Polygon", "coordinates": [[[73.89708333327563, 19.037083333342643], [73.89708333327563, 19.03625000000931], [73.89791666660896, 19.03625000000931], [73.89791666660896, 19.037083333342643], [73.89708333327563, 19.037083333342643]]]}}, {"type": "Feature", "properties": {"name": "Stream"}, "geometry": {"type": "Polygon", "coordinates": [[[73.9337499999423, 19.037083333342643], [73.9337499999423, 19.03625000000931], [73.93458333327563, 19.03625000000931], [73.93458333327563, 19.037083333342643], [73.9337499999423, 19.037083333342643]]]}}, {"type": "Feature", "properties": {"name": "Stream"}, "geometry": {"type": "Polygon", "coordinates": [[[73.89791666660896, 19.03625000000931], [73.89791666660896, 19.035416666675975], [73.8987499999423, 19.035416666675975], [73.8987499999423, 19.03625000000931], [73.89791666660896, 19.03625000000931]]]}}, {"type": "Feature", "properties": {"name": "Stream"}, "geometry": {"type": "Polygon", "coordinates": [[[73.93208333327561, 19.03625000000931], [73.93208333327561, 19.035416666675975], [73.9337499999423, 19.035416666675975], [73.9337499999423, 19.03625000000931], [73.93208333327561, 19.03625000000931]]]}}, {"type": "Feature", "properties": {"name": "Stream"}, "geometry": {"type": "Polygon", "coordinates": [[[73.95874999994228, 19.03625000000931], [73.95874999994228, 19.035416666675975], [73.95958333327562, 19.035416666675975], [73.95958333327562, 19.03625000000931], [73.95874999994228, 19.03625000000931]]]}}, {"type": "Feature", "properties": {"name": "Stream"}, "geometry": {"type": "Polygon", "coordinates": [[[73.8987499999423, 19.035416666675975], [73.8987499999423, 19.034583333342642], [73.90041666660896, 19.034583333342642], [73.90041666660896, 19.035416666675975], [73.8987499999423, 19.035416666675975]]]}}, {"type": "Feature", "properties": {"name": "Stream"}, "geometry": {"type": "Polygon", "coordinates": [[[73.93124999994228, 19.035416666675975], [73.93124999994228, 19.034583333342642], [73.93208333327561, 19.034583333342642], [73.93208333327561, 19.035416666675975], [73.93124999994228, 19.035416666675975]]]}}, {"type": "Feature", "properties": {"name": "Stream"}, "geometry": {"type": "Polygon", "coordinates": [[[73.95958333327562, 19.035416666675975], [73.95958333327562, 19.034583333342642], [73.96041666660895, 19.034583333342642], [73.96041666660895, 19.035416666675975], [73.95958333327562, 19.035416666675975]]]}}, {"type": "Feature", "properties": {"name": "Stream"}, "geometry": {"type": "Polygon", "coordinates": [[[73.90041666660896, 19.034583333342642], [73.90041666660896, 19.03375000000931], [73.9012499999423, 19.03375000000931], [73.9012499999423, 19.034583333342642], [73.90041666660896, 19.034583333342642]]]}}, {"type": "Feature", "properties": {"name": "Stream"}, "geometry": {"type": "Polygon", "coordinates": [[[73.93041666660895, 19.034583333342642], [73.93041666660895, 19.03375000000931], [73.93124999994228, 19.03375000000931], [73.93124999994228, 19.034583333342642], [73.93041666660895, 19.034583333342642]]]}}, {"type": "Feature", "properties": {"name": "Stream"}, "geometry": {"type": "Polygon", "coordinates": [[[73.96041666660895, 19.034583333342642], [73.96041666660895, 19.03375000000931], [73.96208333327561, 19.03375000000931], [73.96208333327561, 19.034583333342642], [73.96041666660895, 19.034583333342642]]]}}, {"type": "Feature", "properties": {"name": "Stream"}, "geometry": {"type": "Polygon", "coordinates": [[[74.06291666660893, 19.037083333342643], [74.06291666660893, 19.032916666675977], [74.06374999994226, 19.032916666675977], [74.06374999994226, 19.037083333342643], [74.06291666660893, 19.037083333342643]]]}}, {"type": "Feature", "properties": {"name": "Stream"}, "geometry": {"type": "Polygon", "coordinates": [[[73.9012499999423, 19.03375000000931], [73.9012499999423, 19.032916666675977], [73.90541666660896, 19.032916666675977], [73.90541666660896, 19.03375000000931], [73.9012499999423, 19.03375000000931]]]}}, {"type": "Feature", "properties": {"name": "Stream"}, "geometry": {"type": "Polygon", "coordinates": [[[73.92958333327562, 19.03375000000931], [73.92958333327562, 19.032916666675977], [73.93041666660895, 19.032916666675977], [73.93041666660895, 19.03375000000931], [73.92958333327562, 19.03375000000931]]]}}, {"type": "Feature", "properties": {"name": "Stream"}, "geometry": {"type": "Polygon", "coordinates": [[[73.96208333327561, 19.03375000000931], [73.96208333327561, 19.032916666675977], [73.96291666660895, 19.032916666675977], [73.96291666660895, 19.03375000000931], [73.96208333327561, 19.03375000000931]]]}}, {"type": "Feature", "properties": {"name": "Stream"}, "geometry": {"type": "Polygon", "coordinates": [[[73.90541666660896, 19.032916666675977], [73.90541666660896, 19.032083333342644], [73.91041666660895, 19.032083333342644], [73.91041666660895, 19.032916666675977], [73.90541666660896, 19.032916666675977]]]}}, {"type": "Feature", "properties": {"name": "Stream"}, "geometry": {"type": "Polygon", "coordinates": [[[73.9137499999423, 19.032916666675977], [73.9137499999423, 19.032083333342644], [73.91874999994229, 19.032083333342644], [73.91874999994229, 19.032916666675977], [73.9137499999423, 19.032916666675977]]]}}, {"type": "Feature", "properties": {"name": "Stream"}, "geometry": {"type": "Polygon", "coordinates": [[[73.92291666660896, 19.032916666675977], [73.92291666660896, 19.032083333342644], [73.92958333327562, 19.032083333342644], [73.92958333327562, 19.032916666675977], [73.92291666660896, 19.032916666675977]]]}}, {"type": "Feature", "properties": {"name": "Stream"}, "geometry": {"type": "Polygon", "coordinates": [[[73.96291666660895, 19.032916666675977], [73.96291666660895, 19.032083333342644], [73.96374999994228, 19.032083333342644], [73.96374999994228, 19.032916666675977], [73.96291666660895, 19.032916666675977]]]}}, {"type": "Feature", "properties": {"name": "Stream"}, "geometry": {"type": "Polygon", "coordinates": [[[74.0620833332756, 19.032916666675977], [74.0620833332756, 19.032083333342644], [74.06291666660893, 19.032083333342644], [74.06291666660893, 19.032916666675977], [74.0620833332756, 19.032916666675977]]]}}, {"type": "Feature", "properties": {"name": "Stream"}, "geometry": {"type": "Polygon", "coordinates": [[[73.91041666660895, 19.032083333342644], [73.91041666660895, 19.03125000000931], [73.9137499999423, 19.03125000000931], [73.9137499999423, 19.032083333342644], [73.91041666660895, 19.032083333342644]]]}}, {"type": "Feature", "properties": {"name": "Stream"}, "geometry": {"type": "Polygon", "coordinates": [[[73.91874999994229, 19.032083333342644], [73.91874999994229, 19.03125000000931], [73.91958333327563, 19.03125000000931], [73.91958333327563, 19.032083333342644], [73.91874999994229, 19.032083333342644]]]}}, {"type": "Feature", "properties": {"name": "Stream"}, "geometry": {"type": "Polygon", "coordinates": [[[73.92208333327562, 19.032083333342644], [73.92208333327562, 19.03125000000931], [73.92291666660896, 19.03125000000931], [73.92291666660896, 19.032083333342644], [73.92208333327562, 19.032083333342644]]]}}, {"type": "Feature", "properties": {"name": "Stream"}, "geometry": {"type": "Polygon", "coordinates": [[[73.96374999994228, 19.032083333342644], [73.96374999994228, 19.03125000000931], [73.96458333327561, 19.03125000000931], [73.96458333327561, 19.032083333342644], [73.96374999994228, 19.032083333342644]]]}}, {"type": "Feature", "properties": {"name": "Stream"}, "geometry": {"type": "Polygon", "coordinates": [[[74.06124999994226, 19.032083333342644], [74.06124999994226, 19.030416666675976], [74.0620833332756, 19.030416666675976], [74.0620833332756, 19.032083333342644], [74.06124999994226, 19.032083333342644]]]}}, {"type": "Feature", "properties": {"name": "Stream"}, "geometry": {"type": "Polygon", "coordinates": [[[73.91958333327563, 19.03125000000931], [73.91958333327563, 19.030416666675976], [73.92208333327562, 19.030416666675976], [73.92208333327562, 19.03125000000931], [73.91958333327563, 19.03125000000931]]]}}, {"type": "Feature", "properties": {"name": "Stream"}, "geometry": {"type": "Polygon", "coordinates": [[[73.96458333327561, 19.03125000000931], [73.96458333327561, 19.030416666675976], [73.96541666660895, 19.030416666675976], [73.96541666660895, 19.03125000000931], [73.96458333327561, 19.03125000000931]]]}}, {"type": "Feature", "properties": {"name": "Stream"}, "geometry": {"type": "Polygon", "coordinates": [[[73.96541666660895, 19.030416666675976], [73.96541666660895, 19.029583333342643], [73.96624999994228, 19.029583333342643], [73.96624999994228, 19.030416666675976], [73.96541666660895, 19.030416666675976]]]}}, {"type": "Feature", "properties": {"name": "Stream"}, "geometry": {"type": "Polygon", "coordinates": [[[73.96624999994228, 19.029583333342643], [73.96624999994228, 19.02875000000931], [73.96708333327561, 19.02875000000931], [73.96708333327561, 19.029583333342643], [73.96624999994228, 19.029583333342643]]]}}, {"type": "Feature", "properties": {"name": "Stream"}, "geometry": {"type": "Polygon", "coordinates": [[[73.96708333327561, 19.02875000000931], [73.96708333327561, 19.027916666675978], [73.96791666660894, 19.027916666675978], [73.96791666660894, 19.02875000000931], [73.96708333327561, 19.02875000000931]]]}}, {"type": "Feature", "properties": {"name": "Stream"}, "geometry": {"type": "Polygon", "coordinates": [[[73.96791666660894, 19.027916666675978], [73.96791666660894, 19.027083333342645], [73.96874999994228, 19.027083333342645], [73.96874999994228, 19.027916666675978], [73.96791666660894, 19.027916666675978]]]}}, {"type": "Feature", "properties": {"name": "Stream"}, "geometry": {"type": "Polygon", "coordinates": [[[73.96874999994228, 19.027083333342645], [73.96874999994228, 19.026250000009313], [73.96958333327561, 19.026250000009313], [73.96958333327561, 19.027083333342645], [73.96874999994228, 19.027083333342645]]]}}, {"type": "Feature", "properties": {"name": "Stream"}, "geometry": {"type": "Polygon", "coordinates": [[[73.96958333327561, 19.026250000009313], [73.96958333327561, 19.02541666667598], [73.97041666660894, 19.02541666667598], [73.97041666660894, 19.026250000009313], [73.96958333327561, 19.026250000009313]]]}}, {"type": "Feature", "properties": {"name": "Stream"}, "geometry": {"type": "Polygon", "coordinates": [[[74.0620833332756, 19.030416666675976], [74.0620833332756, 19.024583333342644], [74.06291666660893, 19.024583333342644], [74.06291666660893, 19.030416666675976], [74.0620833332756, 19.030416666675976]]]}}, {"type": "Feature", "properties": {"name": "Stream"}, "geometry": {"type": "Polygon", "coordinates": [[[73.97041666660894, 19.02541666667598], [73.97041666660894, 19.02375000000931], [73.97124999994227, 19.02375000000931], [73.97124999994227, 19.02541666667598], [73.97041666660894, 19.02541666667598]]]}}, {"type": "Feature", "properties": {"name": "Stream"}, "geometry": {"type": "Polygon", "coordinates": [[[74.06291666660893, 19.024583333342644], [74.06291666660893, 19.02375000000931], [74.06374999994226, 19.02375000000931], [74.06374999994226, 19.024583333342644], [74.06291666660893, 19.024583333342644]]]}}, {"type": "Feature", "properties": {"name": "Stream"}, "geometry": {"type": "Polygon", "coordinates": [[[73.97124999994227, 19.02375000000931], [73.97124999994227, 19.02291666667598], [73.9720833332756, 19.02291666667598], [73.9720833332756, 19.02375000000931], [73.97124999994227, 19.02375000000931]]]}}, {"type": "Feature", "properties": {"name": "Stream"}, "geometry": {"type": "Polygon", "coordinates": [[[74.06374999994226, 19.02375000000931], [74.06374999994226, 19.02291666667598], [74.06458333327559, 19.02291666667598], [74.06458333327559, 19.02375000000931], [74.06374999994226, 19.02375000000931]]]}}, {"type": "Feature", "properties": {"name": "Stream"}, "geometry": {"type": "Polygon", "coordinates": [[[73.64958333327569, 19.02291666667598], [73.64958333327569, 19.022083333342646], [73.65041666660902, 19.022083333342646], [73.65041666660902, 19.02291666667598], [73.64958333327569, 19.02291666667598]]]}}, {"type": "Feature", "properties": {"name": "Stream"}, "geometry": {"type": "Polygon", "coordinates": [[[74.06458333327559, 19.02291666667598], [74.06458333327559, 19.022083333342646], [74.06708333327559, 19.022083333342646], [74.06708333327559, 19.02291666667598], [74.06458333327559, 19.02291666667598]]]}}, {"type": "Feature", "properties": {"name": "Stream"}, "geometry": {"type": "Polygon", "coordinates": [[[73.9720833332756, 19.02291666667598], [73.9720833332756, 19.021250000009314], [73.97291666660894, 19.021250000009314], [73.97291666660894, 19.02291666667598], [73.9720833332756, 19.02291666667598]]]}}, {"type": "Feature", "properties": {"name": "Stream"}, "geometry": {"type": "Polygon", "coordinates": [[[73.65041666660902, 19.022083333342646], [73.65041666660902, 19.021250000009314], [73.65291666660902, 19.021250000009314], [73.65291666660902, 19.022083333342646], [73.65041666660902, 19.022083333342646]]]}}, {"type": "Feature", "properties": {"name": "Stream"}, "geometry": {"type": "Polygon", "coordinates": [[[73.67208333327568, 19.022083333342646], [73.67208333327568, 19.021250000009314], [73.67708333327568, 19.021250000009314], [73.67708333327568, 19.022083333342646], [73.67208333327568, 19.022083333342646]]]}}, {"type": "Feature", "properties": {"name": "Stream"}, "geometry": {"type": "Polygon", "coordinates": [[[74.06708333327559, 19.022083333342646], [74.06708333327559, 19.02041666667598], [74.06791666660892, 19.02041666667598], [74.06791666660892, 19.022083333342646], [74.06708333327559, 19.022083333342646]]]}}, {"type": "Feature", "properties": {"name": "Stream"}, "geometry": {"type": "Polygon", "coordinates": [[[73.65291666660902, 19.021250000009314], [73.65291666660902, 19.02041666667598], [73.65374999994235, 19.02041666667598], [73.65374999994235, 19.021250000009314], [73.65291666660902, 19.021250000009314]]]}}, {"type": "Feature", "properties": {"name": "Stream"}, "geometry": {"type": "Polygon", "coordinates": [[[73.67041666660901, 19.021250000009314], [73.67041666660901, 19.02041666667598], [73.67208333327568, 19.02041666667598], [73.67208333327568, 19.021250000009314], [73.67041666660901, 19.021250000009314]]]}}, {"type": "Feature", "properties": {"name": "Stream"}, "geometry": {"type": "Polygon", "coordinates": [[[73.67708333327568, 19.021250000009314], [73.67708333327568, 19.02041666667598], [73.67791666660901, 19.02041666667598], [73.67791666660901, 19.021250000009314], [73.67708333327568, 19.021250000009314]]]}}, {"type": "Feature", "properties": {"name": "Stream"}, "geometry": {"type": "Polygon", "coordinates": [[[73.97291666660894, 19.021250000009314], [73.97291666660894, 19.019583333342645], [73.97541666660895, 19.019583333342645], [73.97541666660895, 19.02041666667598], [73.97374999994227, 19.02041666667598], [73.97374999994227, 19.021250000009314], [73.97291666660894, 19.021250000009314]]]}}, {"type": "Feature", "properties": {"name": "Stream"}, "geometry": {"type": "Polygon", "coordinates": [[[73.65374999994235, 19.02041666667598], [73.65374999994235, 19.019583333342645], [73.65458333327568, 19.019583333342645], [73.65458333327568, 19.02041666667598], [73.65374999994235, 19.02041666667598]]]}}, {"type": "Feature", "properties": {"name": "Stream"}, "geometry": {"type": "Polygon", "coordinates": [[[73.66958333327568, 19.02041666667598], [73.66958333327568, 19.019583333342645], [73.67041666660901, 19.019583333342645], [73.67041666660901, 19.02041666667598], [73.66958333327568, 19.02041666667598]]]}}, {"type": "Feature", "properties": {"name": "Stream"}, "geometry": {"type": "Polygon", "coordinates": [[[74.06624999994226, 19.02041666667598], [74.06624999994226, 19.019583333342645], [74.06708333327559, 19.019583333342645], [74.06708333327559, 19.02041666667598], [74.06624999994226, 19.02041666667598]]]}}, {"type": "Feature", "properties": {"name": "Stream"}, "geometry": {"type": "Polygon", "coordinates": [[[73.65458333327568, 19.019583333342645], [73.65458333327568, 19.018750000009312], [73.65624999994235, 19.018750000009312], [73.65624999994235, 19.019583333342645], [73.65458333327568, 19.019583333342645]]]}}, {"type": "Feature", "properties": {"name": "Stream"}, "geometry": {"type": "Polygon", "coordinates": [[[73.66874999994235, 19.019583333342645], [73.66874999994235, 19.018750000009312], [73.66958333327568, 19.018750000009312], [73.66958333327568, 19.019583333342645], [73.66874999994235, 19.019583333342645]]]}}, {"type": "Feature", "properties": {"name": "Stream"}, "geometry": {"type": "Polygon", "coordinates": [[[73.97541666660895, 19.019583333342645], [73.97541666660895, 19.018750000009312], [73.97624999994228, 19.018750000009312], [73.97624999994228, 19.019583333342645], [73.97541666660895, 19.019583333342645]]]}}, {"type": "Feature", "properties": {"name": "Stream"}, "geometry": {"type": "Polygon", "coordinates": [[[73.97708333327562, 19.019583333342645], [73.97708333327562, 19.018750000009312], [73.97958333327561, 19.018750000009312], [73.97958333327561, 19.019583333342645], [73.97708333327562, 19.019583333342645]]]}}, {"type": "Feature", "properties": {"name": "Stream"}, "geometry": {"type": "Polygon", "coordinates": [[[73.98208333327561, 19.019583333342645], [73.98208333327561, 19.018750000009312], [73.98291666660894, 19.018750000009312], [73.98291666660894, 19.019583333342645], [73.98208333327561, 19.019583333342645]]]}}, {"type": "Feature", "properties": {"name": "Stream"}, "geometry": {"type": "Polygon", "coordinates": [[[74.06541666660893, 19.019583333342645], [74.06541666660893, 19.01791666667598], [74.06624999994226, 19.01791666667598], [74.06624999994226, 19.019583333342645], [74.06541666660893, 19.019583333342645]]]}}, {"type": "Feature", "properties": {"name": "Stream"}, "geometry": {"type": "Polygon", "coordinates": [[[73.65624999994235, 19.018750000009312], [73.65624999994235, 19.01791666667598], [73.65708333327568, 19.01791666667598], [73.65708333327568, 19.018750000009312], [73.65624999994235, 19.018750000009312]]]}}, {"type": "Feature", "properties": {"name": "Stream"}, "geometry": {"type": "Polygon", "coordinates": [[[73.66541666660902, 19.018750000009312], [73.66541666660902, 19.01791666667598], [73.66874999994235, 19.01791666667598], [73.66874999994235, 19.018750000009312], [73.66541666660902, 19.018750000009312]]]}}, {"type": "Feature", "properties": {"name": "Stream"}, "geometry": {"type": "Polygon", "coordinates": [[[73.97624999994228, 19.018750000009312], [73.97624999994228, 19.01791666667598], [73.97708333327562, 19.01791666667598], [73.97708333327562, 19.018750000009312], [73.97624999994228, 19.018750000009312]]]}}, {"type": "Feature", "properties": {"name": "Stream"}, "geometry": {"type": "Polygon", "coordinates": [[[73.97958333327561, 19.018750000009312], [73.97958333327561, 19.01791666667598], [73.98208333327561, 19.01791666667598], [73.98208333327561, 19.018750000009312], [73.97958333327561, 19.018750000009312]]]}}, {"type": "Feature", "properties": {"name": "Stream"}, "geometry": {"type": "Polygon", "coordinates": [[[73.98291666660894, 19.018750000009312], [73.98291666660894, 19.01791666667598], [73.98374999994228, 19.01791666667598], [73.98374999994228, 19.018750000009312], [73.98291666660894, 19.018750000009312]]]}}, {"type": "Feature", "properties": {"name": "Stream"}, "geometry": {"type": "Polygon", "coordinates": [[[73.67791666660901, 19.02041666667598], [73.67791666660901, 19.017083333342647], [73.67874999994234, 19.017083333342647], [73.67874999994234, 19.02041666667598], [73.67791666660901, 19.02041666667598]]]}}, {"type": "Feature", "properties": {"name": "Stream"}, "geometry": {"type": "Polygon", "coordinates": [[[73.65708333327568, 19.01791666667598], [73.65708333327568, 19.017083333342647], [73.66541666660902, 19.017083333342647], [73.66541666660902, 19.01791666667598], [73.65708333327568, 19.01791666667598]]]}}, {"type": "Feature", "properties": {"name": "Stream"}, "geometry": {"type": "Polygon", "coordinates": [[[73.69124999994234, 19.01791666667598], [73.69124999994234, 19.017083333342647], [73.695416666609, 19.017083333342647], [73.695416666609, 19.01791666667598], [73.69124999994234, 19.01791666667598]]]}}, {"type": "Feature", "properties": {"name": "Stream"}, "geometry": {"type": "Polygon", "coordinates": [[[74.06624999994226, 19.01791666667598], [74.06624999994226, 19.017083333342647], [74.06791666660892, 19.017083333342647], [74.06791666660892, 19.01791666667598], [74.06624999994226, 19.01791666667598]]]}}, {"type": "Feature", "properties": {"name": "Stream"}, "geometry": {"type": "Polygon", "coordinates": [[[73.98374999994228, 19.01791666667598], [73.98374999994228, 19.016250000009315], [73.98458333327561, 19.016250000009315], [73.98458333327561, 19.01791666667598], [73.98374999994228, 19.01791666667598]]]}}, {"type": "Feature", "properties": {"name": "Stream"}, "geometry": {"type": "Polygon", "coordinates": [[[73.67874999994234, 19.017083333342647], [73.67874999994234, 19.016250000009315], [73.67958333327567, 19.016250000009315], [73.67958333327567, 19.017083333342647], [73.67874999994234, 19.017083333342647]]]}}, {"type": "Feature", "properties": {"name": "Stream"}, "geometry": {"type": "Polygon", "coordinates": [[[73.69041666660901, 19.017083333342647], [73.69041666660901, 19.016250000009315], [73.69124999994234, 19.016250000009315], [73.69124999994234, 19.017083333342647], [73.69041666660901, 19.017083333342647]]]}}, {"type": "Feature", "properties": {"name": "Stream"}, "geometry": {"type": "Polygon", "coordinates": [[[74.06791666660892, 19.017083333342647], [74.06791666660892, 19.016250000009315], [74.06874999994226, 19.016250000009315], [74.06874999994226, 19.017083333342647], [74.06791666660892, 19.017083333342647]]]}}, {"type": "Feature", "properties": {"name": "Stream"}, "geometry": {"type": "Polygon", "coordinates": [[[73.695416666609, 19.017083333342647], [73.695416666609, 19.015416666675982], [73.69624999994234, 19.015416666675982], [73.69624999994234, 19.017083333342647], [73.695416666609, 19.017083333342647]]]}}, {"type": "Feature", "properties": {"name": "Stream"}, "geometry": {"type": "Polygon", "coordinates": [[[73.68791666660901, 19.016250000009315], [73.68791666660901, 19.015416666675982], [73.69041666660901, 19.015416666675982], [73.69041666660901, 19.016250000009315], [73.68791666660901, 19.016250000009315]]]}}, {"type": "Feature", "properties": {"name": "Stream"}, "geometry": {"type": "Polygon", "coordinates": [[[73.70958333327567, 19.016250000009315], [73.70958333327567, 19.015416666675982], [73.710416666609, 19.015416666675982], [73.710416666609, 19.016250000009315], [73.70958333327567, 19.016250000009315]]]}}, {"type": "Feature", "properties": {"name": "Stream"}, "geometry": {"type": "Polygon", "coordinates": [[[74.06874999994226, 19.016250000009315], [74.06874999994226, 19.015416666675982], [74.06958333327559, 19.015416666675982], [74.06958333327559, 19.016250000009315], [74.06874999994226, 19.016250000009315]]]}}, {"type": "Feature", "properties": {"name": "Stream"}, "geometry": {"type": "Polygon", "coordinates": [[[73.67958333327567, 19.016250000009315], [73.67958333327567, 19.014583333342646], [73.680416666609, 19.014583333342646], [73.680416666609, 19.016250000009315], [73.67958333327567, 19.016250000009315]]]}}, {"type": "Feature", "properties": {"name": "Stream"}, "geometry": {"type": "Polygon", "coordinates": [[[73.682916666609, 19.015416666675982], [73.682916666609, 19.014583333342646], [73.68791666660901, 19.014583333342646], [73.68791666660901, 19.015416666675982], [73.682916666609, 19.015416666675982]]]}}, {"type": "Feature", "properties": {"name": "Stream"}, "geometry": {"type": "Polygon", "coordinates": [[[73.70791666660901, 19.015416666675982], [73.70791666660901, 19.014583333342646], [73.70958333327567, 19.014583333342646], [73.70958333327567, 19.015416666675982], [73.70791666660901, 19.015416666675982]]]}}, {"type": "Feature", "properties": {"name": "Stream"}, "geometry": {"type": "Polygon", "coordinates": [[[73.69458333327567, 19.015416666675982], [73.69458333327567, 19.013750000009313], [73.695416666609, 19.013750000009313], [73.695416666609, 19.015416666675982], [73.69458333327567, 19.015416666675982]]]}}, {"type": "Feature", "properties": {"name": "Stream"}, "geometry": {"type": "Polygon", "coordinates": [[[73.680416666609, 19.014583333342646], [73.680416666609, 19.013750000009313], [73.682916666609, 19.013750000009313], [73.682916666609, 19.014583333342646], [73.680416666609, 19.014583333342646]]]}}, {"type": "Feature", "properties": {"name": "Stream"}, "geometry": {"type": "Polygon", "coordinates": [[[73.70708333327568, 19.014583333342646], [73.70708333327568, 19.013750000009313], [73.70791666660901, 19.013750000009313], [73.70791666660901, 19.014583333342646], [73.70708333327568, 19.014583333342646]]]}}, {"type": "Feature", "properties": {"name": "Stream"}, "geometry": {"type": "Polygon", "coordinates": [[[73.710416666609, 19.015416666675982], [73.710416666609, 19.01291666667598], [73.71124999994234, 19.01291666667598], [73.71124999994234, 19.015416666675982], [73.710416666609, 19.015416666675982]]]}}, {"type": "Feature", "properties": {"name": "Stream"}, "geometry": {"type": "Polygon", "coordinates": [[[73.695416666609, 19.013750000009313], [73.695416666609, 19.01291666667598], [73.69624999994234, 19.01291666667598], [73.69624999994234, 19.013750000009313], [73.695416666609, 19.013750000009313]]]}}, {"type": "Feature", "properties": {"name": "Stream"}, "geometry": {"type": "Polygon", "coordinates": [[[73.69958333327567, 19.013750000009313], [73.69958333327567, 19.01291666667598], [73.70708333327568, 19.01291666667598], [73.70708333327568, 19.013750000009313], [73.69958333327567, 19.013750000009313]]]}}, {"type": "Feature", "properties": {"name": "Stream"}, "geometry": {"type": "Polygon", "coordinates": [[[73.69624999994234, 19.01291666667598], [73.69624999994234, 19.012083333342648], [73.69958333327567, 19.012083333342648], [73.69958333327567, 19.01291666667598], [73.69624999994234, 19.01291666667598]]]}}, {"type": "Feature", "properties": {"name": "Stream"}, "geometry": {"type": "Polygon", "coordinates": [[[73.71124999994234, 19.01291666667598], [73.71124999994234, 19.012083333342648], [73.71208333327567, 19.012083333342648], [73.71208333327567, 19.01291666667598], [73.71124999994234, 19.01291666667598]]]}}, {"type": "Feature", "properties": {"name": "Stream"}, "geometry": {"type": "Polygon", "coordinates": [[[73.71208333327567, 19.012083333342648], [73.71208333327567, 19.011250000009316], [73.712916666609, 19.011250000009316], [73.712916666609, 19.012083333342648], [73.71208333327567, 19.012083333342648]]]}}, {"type": "Feature", "properties": {"name": "Stream"}, "geometry": {"type": "Polygon", "coordinates": [[[73.715416666609, 19.012083333342648], [73.715416666609, 19.011250000009316], [73.717916666609, 19.011250000009316], [73.717916666609, 19.012083333342648], [73.715416666609, 19.012083333342648]]]}}, {"type": "Feature", "properties": {"name": "Stream"}, "geometry": {"type": "Polygon", "coordinates": [[[73.98458333327561, 19.016250000009315], [73.98458333327561, 19.010416666675983], [73.98541666660894, 19.010416666675983], [73.98541666660894, 19.016250000009315], [73.98458333327561, 19.016250000009315]]]}}, {"type": "Feature", "properties": {"name": "Stream"}, "geometry": {"type": "Polygon", "coordinates": [[[73.712916666609, 19.011250000009316], [73.712916666609, 19.010416666675983], [73.715416666609, 19.010416666675983], [73.715416666609, 19.011250000009316], [73.712916666609, 19.011250000009316]]]}}, {"type": "Feature", "properties": {"name": "Stream"}, "geometry": {"type": "Polygon", "coordinates": [[[73.717916666609, 19.011250000009316], [73.717916666609, 19.010416666675983], [73.71874999994233, 19.010416666675983], [73.71874999994233, 19.011250000009316], [73.717916666609, 19.011250000009316]]]}}, {"type": "Feature", "properties": {"name": "Stream"}, "geometry": {"type": "Polygon", "coordinates": [[[74.06958333327559, 19.015416666675982], [74.06958333327559, 19.009583333342647], [74.07041666660892, 19.009583333342647], [74.07041666660892, 19.015416666675982], [74.06958333327559, 19.015416666675982]]]}}, {"type": "Feature", "properties": {"name": "Stream"}, "geometry": {"type": "Polygon", "coordinates": [[[73.98541666660894, 19.010416666675983], [73.98541666660894, 19.009583333342647], [73.98624999994227, 19.009583333342647], [73.98624999994227, 19.010416666675983], [73.98541666660894, 19.010416666675983]]]}}, {"type": "Feature", "properties": {"name": "Stream"}, "geometry": {"type": "Polygon", "coordinates": [[[73.98624999994227, 19.009583333342647], [73.98624999994227, 19.008750000009314], [73.9870833332756, 19.008750000009314], [73.9870833332756, 19.009583333342647], [73.98624999994227, 19.009583333342647]]]}}, {"type": "Feature", "properties": {"name": "Stream"}, "geometry": {"type": "Polygon", "coordinates": [[[74.06874999994226, 19.009583333342647], [74.06874999994226, 19.007916666675982], [74.06958333327559, 19.007916666675982], [74.06958333327559, 19.009583333342647], [74.06874999994226, 19.009583333342647]]]}}, {"type": "Feature", "properties": {"name": "Stream"}, "geometry": {"type": "Polygon", "coordinates": [[[73.9870833332756, 19.008750000009314], [73.9870833332756, 19.007916666675982], [73.98791666660894, 19.007916666675982], [73.98791666660894, 19.008750000009314], [73.9870833332756, 19.008750000009314]]]}}, {"type": "Feature", "properties": {"name": "Stream"}, "geometry": {"type": "Polygon", "coordinates": [[[73.71874999994233, 19.010416666675983], [73.71874999994233, 19.00708333334265], [73.71958333327566, 19.00708333334265], [73.71958333327566, 19.010416666675983], [73.71874999994233, 19.010416666675983]]]}}, {"type": "Feature", "properties": {"name": "Stream"}, "geometry": {"type": "Polygon", "coordinates": [[[73.98791666660894, 19.007916666675982], [73.98791666660894, 19.00708333334265], [73.98874999994227, 19.00708333334265], [73.98874999994227, 19.007916666675982], [73.98791666660894, 19.007916666675982]]]}}, {"type": "Feature", "properties": {"name": "Stream"}, "geometry": {"type": "Polygon", "coordinates": [[[73.71958333327566, 19.00708333334265], [73.71958333327566, 19.006250000009317], [73.720416666609, 19.006250000009317], [73.720416666609, 19.00708333334265], [73.71958333327566, 19.00708333334265]]]}}, {"type": "Feature", "properties": {"name": "Stream"}, "geometry": {"type": "Polygon", "coordinates": [[[73.9870833332756, 19.00708333334265], [73.9870833332756, 19.006250000009317], [73.98791666660894, 19.006250000009317], [73.98791666660894, 19.00708333334265], [73.9870833332756, 19.00708333334265]]]}}, {"type": "Feature", "properties": {"name": "Stream"}, "geometry": {"type": "Polygon", "coordinates": [[[73.720416666609, 19.006250000009317], [73.720416666609, 19.005416666675984], [73.72124999994233, 19.005416666675984], [73.72124999994233, 19.006250000009317], [73.720416666609, 19.006250000009317]]]}}, {"type": "Feature", "properties": {"name": "Stream"}, "geometry": {"type": "Polygon", "coordinates": [[[73.98791666660894, 19.006250000009317], [73.98791666660894, 19.005416666675984], [73.98874999994227, 19.005416666675984], [73.98874999994227, 19.006250000009317], [73.98791666660894, 19.006250000009317]]]}}, {"type": "Feature", "properties": {"name": "Stream"}, "geometry": {"type": "Polygon", "coordinates": [[[73.72124999994233, 19.005416666675984], [73.72124999994233, 19.00458333334265], [73.72208333327566, 19.00458333334265], [73.72208333327566, 19.005416666675984], [73.72124999994233, 19.005416666675984]]]}}, {"type": "Feature", "properties": {"name": "Stream"}, "geometry": {"type": "Polygon", "coordinates": [[[73.98874999994227, 19.005416666675984], [73.98874999994227, 19.00458333334265], [73.9895833332756, 19.00458333334265], [73.9895833332756, 19.005416666675984], [73.98874999994227, 19.005416666675984]]]}}, {"type": "Feature", "properties": {"name": "Stream"}, "geometry": {"type": "Polygon", "coordinates": [[[73.99374999994227, 19.005416666675984], [73.99374999994227, 19.00458333334265], [73.99708333327561, 19.00458333334265], [73.99708333327561, 19.005416666675984], [73.99374999994227, 19.005416666675984]]]}}, {"type": "Feature", "properties": {"name": "Stream"}, "geometry": {"type": "Polygon", "coordinates": [[[74.06958333327559, 19.007916666675982], [74.06958333327559, 19.00708333334265], [74.07041666660892, 19.00708333334265], [74.07041666660892, 19.003750000009315], [74.07124999994225, 19.003750000009315], [74.07124999994225, 19.007916666675982], [74.06958333327559, 19.007916666675982]]]}}, {"type": "Feature", "properties": {"name": "Stream"}, "geometry": {"type": "Polygon", "coordinates": [[[73.72208333327566, 19.00458333334265], [73.72208333327566, 19.003750000009315], [73.722916666609, 19.003750000009315], [73.722916666609, 19.00458333334265], [73.72208333327566, 19.00458333334265]]]}}, {"type": "Feature", "properties": {"name": "Stream"}, "geometry": {"type": "Polygon", "coordinates": [[[73.9895833332756, 19.00458333334265], [73.9895833332756, 19.003750000009315], [73.99374999994227, 19.003750000009315], [73.99374999994227, 19.00458333334265], [73.9895833332756, 19.00458333334265]]]}}, {"type": "Feature", "properties": {"name": "Stream"}, "geometry": {"type": "Polygon", "coordinates": [[[73.99708333327561, 19.00458333334265], [73.99708333327561, 19.003750000009315], [73.99791666660894, 19.003750000009315], [73.99791666660894, 19.00458333334265], [73.99708333327561, 19.00458333334265]]]}}, {"type": "Feature", "properties": {"name": "Stream"}, "geometry": {"type": "Polygon", "coordinates": [[[73.722916666609, 19.003750000009315], [73.722916666609, 19.002916666675983], [73.72374999994233, 19.002916666675983], [73.72374999994233, 19.003750000009315], [73.722916666609, 19.003750000009315]]]}}, {"type": "Feature", "properties": {"name": "Stream"}, "geometry": {"type": "Polygon", "coordinates": [[[73.99791666660894, 19.003750000009315], [73.99791666660894, 19.002916666675983], [73.99874999994228, 19.002916666675983], [73.99874999994228, 19.003750000009315], [73.99791666660894, 19.003750000009315]]]}}, {"type": "Feature", "properties": {"name": "Stream"}, "geometry": {"type": "Polygon", "coordinates": [[[74.06958333327559, 19.003750000009315], [74.06958333327559, 19.002916666675983], [74.07041666660892, 19.002916666675983], [74.07041666660892, 19.003750000009315], [74.06958333327559, 19.003750000009315]]]}}, {"type": "Feature", "properties": {"name": "Stream"}, "geometry": {"type": "Polygon", "coordinates": [[[73.72374999994233, 19.002916666675983], [73.72374999994233, 19.00208333334265], [73.72458333327566, 19.00208333334265], [73.72458333327566, 19.002916666675983], [73.72374999994233, 19.002916666675983]]]}}, {"type": "Feature", "properties": {"name": "Stream"}, "geometry": {"type": "Polygon", "coordinates": [[[73.99874999994228, 19.002916666675983], [73.99874999994228, 19.00208333334265], [74.00041666660894, 19.00208333334265], [74.00041666660894, 19.002916666675983], [73.99874999994228, 19.002916666675983]]]}}, {"type": "Feature", "properties": {"name": "Stream"}, "geometry": {"type": "Polygon", "coordinates": [[[74.07041666660892, 19.002916666675983], [74.07041666660892, 19.00208333334265], [74.07124999994225, 19.00208333334265], [74.07124999994225, 19.002916666675983], [74.07041666660892, 19.002916666675983]]]}}, {"type": "Feature", "properties": {"name": "Stream"}, "geometry": {"type": "Polygon", "coordinates": [[[73.72458333327566, 19.00208333334265], [73.72458333327566, 19.001250000009318], [73.72624999994234, 19.001250000009318], [73.72624999994234, 19.00208333334265], [73.72458333327566, 19.00208333334265]]]}}, {"type": "Feature", "properties": {"name": "Stream"}, "geometry": {"type": "Polygon", "coordinates": [[[74.00041666660894, 19.00208333334265], [74.00041666660894, 19.001250000009318], [74.00124999994227, 19.001250000009318], [74.00124999994227, 19.00208333334265], [74.00041666660894, 19.00208333334265]]]}}, {"type": "Feature", "properties": {"name": "Stream"}, "geometry": {"type": "Polygon", "coordinates": [[[74.07124999994225, 19.00208333334265], [74.07124999994225, 19.001250000009318], [74.07374999994225, 19.001250000009318], [74.07374999994225, 19.00208333334265], [74.07124999994225, 19.00208333334265]]]}}, {"type": "Feature", "properties": {"name": "Stream"}, "geometry": {"type": "Polygon", "coordinates": [[[73.72624999994234, 19.001250000009318], [73.72624999994234, 19.000416666675985], [73.72708333327567, 19.000416666675985], [73.72708333327567, 19.001250000009318], [73.72624999994234, 19.001250000009318]]]}}, {"type": "Feature", "properties": {"name": "Stream"}, "geometry": {"type": "Polygon", "coordinates": [[[74.00124999994227, 19.001250000009318], [74.00124999994227, 19.000416666675985], [74.0020833332756, 19.000416666675985], [74.0020833332756, 19.001250000009318], [74.00124999994227, 19.001250000009318]]]}}, {"type": "Feature", "properties": {"name": "Stream"}, "geometry": {"type": "Polygon", "coordinates": [[[74.07374999994225, 19.001250000009318], [74.07374999994225, 19.000416666675985], [74.07458333327558, 19.000416666675985], [74.07458333327558, 19.001250000009318], [74.07374999994225, 19.001250000009318]]]}}, {"type": "Feature", "properties": {"name": "Stream"}, "geometry": {"type": "Polygon", "coordinates": [[[73.72708333327567, 19.000416666675985], [73.72708333327567, 18.999583333342652], [73.727916666609, 18.999583333342652], [73.727916666609, 19.000416666675985], [73.72708333327567, 19.000416666675985]]]}}, {"type": "Feature", "properties": {"name": "Stream"}, "geometry": {"type": "Polygon", "coordinates": [[[74.07458333327558, 19.000416666675985], [74.07458333327558, 18.998750000009316], [74.07541666660892, 18.998750000009316], [74.07541666660892, 19.000416666675985], [74.07458333327558, 19.000416666675985]]]}}, {"type": "Feature", "properties": {"name": "Stream"}, "geometry": {"type": "Polygon", "coordinates": [[[73.727916666609, 18.999583333342652], [73.727916666609, 18.998750000009316], [73.72874999994234, 18.998750000009316], [73.72874999994234, 18.999583333342652], [73.727916666609, 18.999583333342652]]]}}, {"type": "Feature", "properties": {"name": "Stream"}, "geometry": {"type": "Polygon", "coordinates": [[[73.72874999994234, 18.998750000009316], [73.72874999994234, 18.997916666675984], [73.72958333327567, 18.997916666675984], [73.72958333327567, 18.998750000009316], [73.72874999994234, 18.998750000009316]]]}}, {"type": "Feature", "properties": {"name": "Stream"}, "geometry": {"type": "Polygon", "coordinates": [[[74.07541666660892, 18.998750000009316], [74.07541666660892, 18.997916666675984], [74.07624999994225, 18.997916666675984], [74.07624999994225, 18.998750000009316], [74.07541666660892, 18.998750000009316]]]}}, {"type": "Feature", "properties": {"name": "Stream"}, "geometry": {"type": "Polygon", "coordinates": [[[74.0020833332756, 19.000416666675985], [74.0020833332756, 18.99708333334265], [74.00291666660894, 18.99708333334265], [74.00291666660894, 19.000416666675985], [74.0020833332756, 19.000416666675985]]]}}, {"type": "Feature", "properties": {"name": "Stream"}, "geometry": {"type": "Polygon", "coordinates": [[[73.72958333327567, 18.997916666675984], [73.72958333327567, 18.99708333334265], [73.730416666609, 18.99708333334265], [73.730416666609, 18.997916666675984], [73.72958333327567, 18.997916666675984]]]}}, {"type": "Feature", "properties": {"name": "Stream"}, "geometry": {"type": "Polygon", "coordinates": [[[74.07624999994225, 18.997916666675984], [74.07624999994225, 18.99708333334265], [74.07708333327558, 18.99708333334265], [74.07708333327558, 18.997916666675984], [74.07624999994225, 18.997916666675984]]]}}, {"type": "Feature", "properties": {"name": "Stream"}, "geometry": {"type": "Polygon", "coordinates": [[[73.730416666609, 18.99708333334265], [73.730416666609, 18.99625000000932], [73.73124999994234, 18.99625000000932], [73.73124999994234, 18.99708333334265], [73.730416666609, 18.99708333334265]]]}}, {"type": "Feature", "properties": {"name": "Stream"}, "geometry": {"type": "Polygon", "coordinates": [[[74.00291666660894, 18.99708333334265], [74.00291666660894, 18.99625000000932], [74.00374999994227, 18.99625000000932], [74.00374999994227, 18.99708333334265], [74.00291666660894, 18.99708333334265]]]}}, {"type": "Feature", "properties": {"name": "Stream"}, "geometry": {"type": "Polygon", "coordinates": [[[74.07708333327558, 18.99708333334265], [74.07708333327558, 18.995416666675986], [74.07791666660891, 18.995416666675986], [74.07791666660891, 18.99708333334265], [74.07708333327558, 18.99708333334265]]]}}, {"type": "Feature", "properties": {"name": "Stream"}, "geometry": {"type": "Polygon", "coordinates": [[[73.73124999994234, 18.99625000000932], [73.73124999994234, 18.995416666675986], [73.73208333327567, 18.995416666675986], [73.73208333327567, 18.99625000000932], [73.73124999994234, 18.99625000000932]]]}}, {"type": "Feature", "properties": {"name": "Stream"}, "geometry": {"type": "Polygon", "coordinates": [[[74.00374999994227, 18.99625000000932], [74.00374999994227, 18.995416666675986], [74.0045833332756, 18.995416666675986], [74.0045833332756, 18.99625000000932], [74.00374999994227, 18.99625000000932]]]}}, {"type": "Feature", "properties": {"name": "Stream"}, "geometry": {"type": "Polygon", "coordinates": [[[74.08124999994226, 18.99625000000932], [74.08124999994226, 18.995416666675986], [74.08291666660892, 18.995416666675986], [74.08291666660892, 18.99625000000932], [74.08124999994226, 18.99625000000932]]]}}, {"type": "Feature", "properties": {"name": "Stream"}, "geometry": {"type": "Polygon", "coordinates": [[[73.73208333327567, 18.995416666675986], [73.73208333327567, 18.994583333342653], [73.732916666609, 18.994583333342653], [73.732916666609, 18.995416666675986], [73.73208333327567, 18.995416666675986]]]}}, {"type": "Feature", "properties": {"name": "Stream"}, "geometry": {"type": "Polygon", "coordinates": [[[74.0045833332756, 18.995416666675986], [74.0045833332756, 18.994583333342653], [74.00541666660894, 18.994583333342653], [74.00541666660894, 18.995416666675986], [74.0045833332756, 18.995416666675986]]]}}, {"type": "Feature", "properties": {"name": "Stream"}, "geometry": {"type": "Polygon", "coordinates": [[[74.00874999994227, 18.995416666675986], [74.00874999994227, 18.994583333342653], [74.01124999994227, 18.994583333342653], [74.01124999994227, 18.995416666675986], [74.00874999994227, 18.995416666675986]]]}}, {"type": "Feature", "properties": {"name": "Stream"}, "geometry": {"type": "Polygon", "coordinates": [[[74.08041666660893, 18.995416666675986], [74.08041666660893, 18.994583333342653], [74.08124999994226, 18.994583333342653], [74.08124999994226, 18.995416666675986], [74.08041666660893, 18.995416666675986]]]}}, {"type": "Feature", "properties": {"name": "Stream"}, "geometry": {"type": "Polygon", "coordinates": [[[74.08291666660892, 18.995416666675986], [74.08291666660892, 18.994583333342653], [74.08458333327559, 18.994583333342653], [74.08458333327559, 18.995416666675986], [74.08291666660892, 18.995416666675986]]]}}, {"type": "Feature", "properties": {"name": "Stream"}, "geometry": {"type": "Polygon", "coordinates": [[[74.07791666660891, 18.995416666675986], [74.07791666660891, 18.993750000009317], [74.08041666660893, 18.993750000009317], [74.08041666660893, 18.994583333342653], [74.07874999994225, 18.994583333342653], [74.07874999994225, 18.995416666675986], [74.07791666660891, 18.995416666675986]]]}}, {"type": "Feature", "properties": {"name": "Stream"}, "geometry": {"type": "Polygon", "coordinates": [[[73.732916666609, 18.994583333342653], [73.732916666609, 18.993750000009317], [73.73374999994233, 18.993750000009317], [73.73374999994233, 18.994583333342653], [73.732916666609, 18.994583333342653]]]}}, {"type": "Feature", "properties": {"name": "Stream"}, "geometry": {"type": "Polygon", "coordinates": [[[74.00541666660894, 18.994583333342653], [74.00541666660894, 18.993750000009317], [74.00624999994227, 18.993750000009317], [74.00624999994227, 18.994583333342653], [74.00541666660894, 18.994583333342653]]]}}, {"type": "Feature", "properties": {"name": "Stream"}, "geometry": {"type": "Polygon", "coordinates": [[[74.00791666660893, 18.994583333342653], [74.00791666660893, 18.993750000009317], [74.00874999994227, 18.993750000009317], [74.00874999994227, 18.994583333342653], [74.00791666660893, 18.994583333342653]]]}}, {"type": "Feature", "properties": {"name": "Stream"}, "geometry": {"type": "Polygon", "coordinates": [[[74.01124999994227, 18.994583333342653], [74.01124999994227, 18.993750000009317], [74.0120833332756, 18.993750000009317], [74.0120833332756, 18.994583333342653], [74.01124999994227, 18.994583333342653]]]}}, {"type": "Feature", "properties": {"name": "Stream"}, "geometry": {"type": "Polygon", "coordinates": [[[74.08458333327559, 18.994583333342653], [74.08458333327559, 18.993750000009317], [74.08541666660892, 18.993750000009317], [74.08541666660892, 18.994583333342653], [74.08458333327559, 18.994583333342653]]]}}, {"type": "Feature", "properties": {"name": "Stream"}, "geometry": {"type": "Polygon", "coordinates": [[[73.73374999994233, 18.993750000009317], [73.73374999994233, 18.992916666675985], [73.73458333327567, 18.992916666675985], [73.73458333327567, 18.993750000009317], [73.73374999994233, 18.993750000009317]]]}}, {"type": "Feature", "properties": {"name": "Stream"}, "geometry": {"type": "Polygon", "coordinates": [[[74.00624999994227, 18.993750000009317], [74.00624999994227, 18.992916666675985], [74.00791666660893, 18.992916666675985], [74.00791666660893, 18.993750000009317], [74.00624999994227, 18.993750000009317]]]}}, {"type": "Feature", "properties": {"name": "Stream"}, "geometry": {"type": "Polygon", "coordinates": [[[74.0120833332756, 18.993750000009317], [74.0120833332756, 18.992916666675985], [74.01291666660893, 18.992916666675985], [74.01291666660893, 18.993750000009317], [74.0120833332756, 18.993750000009317]]]}}, {"type": "Feature", "properties": {"name": "Stream"}, "geometry": {"type": "Polygon", "coordinates": [[[74.08541666660892, 18.993750000009317], [74.08541666660892, 18.992916666675985], [74.08624999994225, 18.992916666675985], [74.08624999994225, 18.993750000009317], [74.08541666660892, 18.993750000009317]]]}}, {"type": "Feature", "properties": {"name": "Stream"}, "geometry": {"type": "Polygon", "coordinates": [[[74.01291666660893, 18.992916666675985], [74.01291666660893, 18.992083333342652], [74.01374999994226, 18.992083333342652], [74.01374999994226, 18.992916666675985], [74.01291666660893, 18.992916666675985]]]}}, {"type": "Feature", "properties": {"name": "Stream"}, "geometry": {"type": "Polygon", "coordinates": [[[73.73458333327567, 18.992916666675985], [73.73458333327567, 18.99125000000932], [73.735416666609, 18.99125000000932], [73.735416666609, 18.992916666675985], [73.73458333327567, 18.992916666675985]]]}}, {"type": "Feature", "properties": {"name": "Stream"}, "geometry": {"type": "Polygon", "coordinates": [[[74.01374999994226, 18.992083333342652], [74.01374999994226, 18.99125000000932], [74.0145833332756, 18.99125000000932], [74.0145833332756, 18.992083333342652], [74.01374999994226, 18.992083333342652]]]}}, {"type": "Feature", "properties": {"name": "Stream"}, "geometry": {"type": "Polygon", "coordinates": [[[73.735416666609, 18.99125000000932], [73.735416666609, 18.990416666675987], [73.73624999994233, 18.990416666675987], [73.73624999994233, 18.99125000000932], [73.735416666609, 18.99125000000932]]]}}, {"type": "Feature", "properties": {"name": "Stream"}, "geometry": {"type": "Polygon", "coordinates": [[[74.0145833332756, 18.99125000000932], [74.0145833332756, 18.990416666675987], [74.01541666660893, 18.990416666675987], [74.01541666660893, 18.99125000000932], [74.0145833332756, 18.99125000000932]]]}}, {"type": "Feature", "properties": {"name": "Stream"}, "geometry": {"type": "Polygon", "coordinates": [[[74.08624999994225, 18.992916666675985], [74.08624999994225, 18.989583333342654], [74.08708333327559, 18.989583333342654], [74.08708333327559, 18.992916666675985], [74.08624999994225, 18.992916666675985]]]}}, {"type": "Feature", "properties": {"name": "Stream"}, "geometry": {"type": "Polygon", "coordinates": [[[74.01541666660893, 18.990416666675987], [74.01541666660893, 18.989583333342654], [74.01708333327561, 18.989583333342654], [74.01708333327561, 18.990416666675987], [74.01541666660893, 18.990416666675987]]]}}, {"type": "Feature", "properties": {"name": "Stream"}, "geometry": {"type": "Polygon", "coordinates": [[[74.06374999994226, 18.990416666675987], [74.06374999994226, 18.989583333342654], [74.06458333327559, 18.989583333342654], [74.06458333327559, 18.990416666675987], [74.06374999994226, 18.990416666675987]]]}}, {"type": "Feature", "properties": {"name": "Stream"}, "geometry": {"type": "Polygon", "coordinates": [[[74.01708333327561, 18.989583333342654], [74.01708333327561, 18.98875000000932], [74.01791666660894, 18.98875000000932], [74.01791666660894, 18.989583333342654], [74.01708333327561, 18.989583333342654]]]}}, {"type": "Feature", "properties": {"name": "Stream"}, "geometry": {"type": "Polygon", "coordinates": [[[74.0620833332756, 18.989583333342654], [74.0620833332756, 18.98875000000932], [74.06374999994226, 18.98875000000932], [74.06374999994226, 18.989583333342654], [74.0620833332756, 18.989583333342654]]]}}, {"type": "Feature", "properties": {"name": "Stream"}, "geometry": {"type": "Polygon", "coordinates": [[[74.08708333327559, 18.989583333342654], [74.08708333327559, 18.987916666675986], [74.08791666660892, 18.987916666675986], [74.08791666660892, 18.989583333342654], [74.08708333327559, 18.989583333342654]]]}}, {"type": "Feature", "properties": {"name": "Stream"}, "geometry": {"type": "Polygon", "coordinates": [[[73.712916666609, 18.98875000000932], [73.712916666609, 18.987916666675986], [73.71374999994234, 18.987916666675986], [73.71374999994234, 18.98875000000932], [73.712916666609, 18.98875000000932]]]}}, {"type": "Feature", "properties": {"name": "Stream"}, "geometry": {"type": "Polygon", "coordinates": [[[74.01791666660894, 18.98875000000932], [74.01791666660894, 18.987916666675986], [74.01874999994227, 18.987916666675986], [74.01874999994227, 18.98875000000932], [74.01791666660894, 18.98875000000932]]]}}, {"type": "Feature", "properties": {"name": "Stream"}, "geometry": {"type": "Polygon", "coordinates": [[[74.06124999994226, 18.98875000000932], [74.06124999994226, 18.987916666675986], [74.0620833332756, 18.987916666675986], [74.0620833332756, 18.98875000000932], [74.06124999994226, 18.98875000000932]]]}}, {"type": "Feature", "properties": {"name": "Stream"}, "geometry": {"type": "Polygon", "coordinates": [[[74.06458333327559, 18.989583333342654], [74.06458333327559, 18.987083333342653], [74.06541666660893, 18.987083333342653], [74.06541666660893, 18.989583333342654], [74.06458333327559, 18.989583333342654]]]}}, {"type": "Feature", "properties": {"name": "Stream"}, "geometry": {"type": "Polygon", "coordinates": [[[73.71374999994234, 18.987916666675986], [73.71374999994234, 18.987083333342653], [73.71458333327567, 18.987083333342653], [73.71458333327567, 18.987916666675986], [73.71374999994234, 18.987916666675986]]]}}, {"type": "Feature", "properties": {"name": "Stream"}, "geometry": {"type": "Polygon", "coordinates": [[[73.73624999994233, 18.990416666675987], [73.73624999994233, 18.987916666675986], [73.73374999994233, 18.987916666675986], [73.73374999994233, 18.987083333342653], [73.737916666609, 18.987083333342653], [73.737916666609, 18.987916666675986], [73.73708333327566, 18.987916666675986], [73.73708333327566, 18.990416666675987], [73.73624999994233, 18.990416666675987]]]}}, {"type": "Feature", "properties": {"name": "Stream"}, "geometry": {"type": "Polygon", "coordinates": [[[74.01874999994227, 18.987916666675986], [74.01874999994227, 18.987083333342653], [74.0195833332756, 18.987083333342653], [74.0195833332756, 18.987916666675986], [74.01874999994227, 18.987916666675986]]]}}, {"type": "Feature", "properties": {"name": "Stream"}, "geometry": {"type": "Polygon", "coordinates": [[[74.05291666660892, 18.987916666675986], [74.05291666660892, 18.987083333342653], [74.05374999994226, 18.987083333342653], [74.05374999994226, 18.987916666675986], [74.05291666660892, 18.987916666675986]]]}}, {"type": "Feature", "properties": {"name": "Stream"}, "geometry": {"type": "Polygon", "coordinates": [[[74.06041666660893, 18.987916666675986], [74.06041666660893, 18.987083333342653], [74.06124999994226, 18.987083333342653], [74.06124999994226, 18.987916666675986], [74.06041666660893, 18.987916666675986]]]}}, {"type": "Feature", "properties": {"name": "Stream"}, "geometry": {"type": "Polygon", "coordinates": [[[74.08791666660892, 18.987916666675986], [74.08791666660892, 18.987083333342653], [74.08874999994225, 18.987083333342653], [74.08874999994225, 18.987916666675986], [74.08791666660892, 18.987916666675986]]]}}, {"type": "Feature", "properties": {"name": "Stream"}, "geometry": {"type": "Polygon", "coordinates": [[[74.09291666660891, 18.987916666675986], [74.09291666660891, 18.987083333342653], [74.09374999994225, 18.987083333342653], [74.09374999994225, 18.987916666675986], [74.09291666660891, 18.987916666675986]]]}}, {"type": "Feature", "properties": {"name": "Stream"}, "geometry": {"type": "Polygon", "coordinates": [[[73.71458333327567, 18.987083333342653], [73.71458333327567, 18.98625000000932], [73.715416666609, 18.98625000000932], [73.715416666609, 18.987083333342653], [73.71458333327567, 18.987083333342653]]]}}, {"type": "Feature", "properties": {"name": "Stream"}, "geometry": {"type": "Polygon", "coordinates": [[[73.732916666609, 18.987083333342653], [73.732916666609, 18.98625000000932], [73.73374999994233, 18.98625000000932], [73.73374999994233, 18.987083333342653], [73.732916666609, 18.987083333342653]]]}}, {"type": "Feature", "properties": {"name": "Stream"}, "geometry": {"type": "Polygon", "coordinates": [[[73.737916666609, 18.987083333342653], [73.737916666609, 18.98625000000932], [73.73958333327566, 18.98625000000932], [73.73958333327566, 18.987083333342653], [73.737916666609, 18.987083333342653]]]}}, {"type": "Feature", "properties": {"name": "Stream"}, "geometry": {"type": "Polygon", "coordinates": [[[74.0195833332756, 18.987083333342653], [74.0195833332756, 18.98625000000932], [74.02041666660894, 18.98625000000932], [74.02041666660894, 18.987083333342653], [74.0195833332756, 18.987083333342653]]]}}, {"type": "Feature", "properties": {"name": "Stream"}, "geometry": {"type": "Polygon", "coordinates": [[[74.05124999994226, 18.987083333342653], [74.05124999994226, 18.98625000000932], [74.05291666660892, 18.98625000000932], [74.05291666660892, 18.987083333342653], [74.05124999994226, 18.987083333342653]]]}}, {"type": "Feature", "properties": {"name": "Stream"}, "geometry": {"type": "Polygon", "coordinates": [[[74.05374999994226, 18.987083333342653], [74.05374999994226, 18.98625000000932], [74.05541666660892, 18.98625000000932], [74.05541666660892, 18.987083333342653], [74.05374999994226, 18.987083333342653]]]}}, {"type": "Feature", "properties": {"name": "Stream"}, "geometry": {"type": "Polygon", "coordinates": [[[74.0595833332756, 18.987083333342653], [74.0595833332756, 18.98625000000932], [74.06041666660893, 18.98625000000932], [74.06041666660893, 18.987083333342653], [74.0595833332756, 18.987083333342653]]]}}, {"type": "Feature", "properties": {"name": "Stream"}, "geometry": {"type": "Polygon", "coordinates": [[[74.06541666660893, 18.987083333342653], [74.06541666660893, 18.98625000000932], [74.06624999994226, 18.98625000000932], [74.06624999994226, 18.987083333342653], [74.06541666660893, 18.987083333342653]]]}}, {"type": "Feature", "properties": {"name": "Stream"}, "geometry": {"type": "Polygon", "coordinates": [[[74.08708333327559, 18.987083333342653], [74.08708333327559, 18.98625000000932], [74.08791666660892, 18.98625000000932], [74.08791666660892, 18.987083333342653], [74.08708333327559, 18.987083333342653]]]}}, {"type": "Feature", "properties": {"name": "Stream"}, "geometry": {"type": "Polygon", "coordinates": [[[74.08874999994225, 18.987083333342653], [74.08874999994225, 18.98625000000932], [74.08958333327558, 18.98625000000932], [74.08958333327558, 18.987083333342653], [74.08874999994225, 18.987083333342653]]]}}, {"type": "Feature", "properties": {"name": "Stream"}, "geometry": {"type": "Polygon", "coordinates": [[[74.09208333327558, 18.987083333342653], [74.09208333327558, 18.98625000000932], [74.09291666660891, 18.98625000000932], [74.09291666660891, 18.987083333342653], [74.09208333327558, 18.987083333342653]]]}}, {"type": "Feature", "properties": {"name": "Stream"}, "geometry": {"type": "Polygon", "coordinates": [[[73.715416666609, 18.98625000000932], [73.715416666609, 18.985416666675988], [73.71708333327567, 18.985416666675988], [73.71708333327567, 18.98625000000932], [73.715416666609, 18.98625000000932]]]}}, {"type": "Feature", "properties": {"name": "Stream"}, "geometry": {"type": "Polygon", "coordinates": [[[73.73208333327567, 18.98625000000932], [73.73208333327567, 18.985416666675988], [73.732916666609, 18.985416666675988], [73.732916666609, 18.98625000000932], [73.73208333327567, 18.98625000000932]]]}}, {"type": "Feature", "properties": {"name": "Stream"}, "geometry": {"type": "Polygon", "coordinates": [[[73.73958333327566, 18.98625000000932], [73.73958333327566, 18.985416666675988], [73.740416666609, 18.985416666675988], [73.740416666609, 18.98625000000932], [73.73958333327566, 18.98625000000932]]]}}, {"type": "Feature", "properties": {"name": "Stream"}, "geometry": {"type": "Polygon", "coordinates": [[[74.02041666660894, 18.98625000000932], [74.02041666660894, 18.985416666675988], [74.02124999994227, 18.985416666675988], [74.02124999994227, 18.98625000000932], [74.02041666660894, 18.98625000000932]]]}}, {"type": "Feature", "properties": {"name": "Stream"}, "geometry": {"type": "Polygon", "coordinates": [[[74.0245833332756, 18.98625000000932], [74.0245833332756, 18.985416666675988], [74.02874999994226, 18.985416666675988], [74.02874999994226, 18.98625000000932], [74.0245833332756, 18.98625000000932]]]}}, {"type": "Feature", "properties": {"name": "Stream"}, "geometry": {"type": "Polygon", "coordinates": [[[74.05041666660892, 18.98625000000932], [74.05041666660892, 18.985416666675988], [74.05124999994226, 18.985416666675988], [74.05124999994226, 18.98625000000932], [74.05041666660892, 18.98625000000932]]]}}, {"type": "Feature", "properties": {"name": "Stream"}, "geometry": {"type": "Polygon", "coordinates": [[[74.05541666660892, 18.98625000000932], [74.05541666660892, 18.985416666675988], [74.0595833332756, 18.985416666675988], [74.0595833332756, 18.98625000000932], [74.05541666660892, 18.98625000000932]]]}}, {"type": "Feature", "properties": {"name": "Stream"}, "geometry": {"type": "Polygon", "coordinates": [[[74.06624999994226, 18.98625000000932], [74.06624999994226, 18.985416666675988], [74.06791666660892, 18.985416666675988], [74.06791666660892, 18.98625000000932], [74.06624999994226, 18.98625000000932]]]}}, {"type": "Feature", "properties": {"name": "Stream"}, "geometry": {"type": "Polygon", "coordinates": [[[74.08291666660892, 18.98625000000932], [74.08291666660892, 18.985416666675988], [74.08708333327559, 18.985416666675988], [74.08708333327559, 18.98625000000932], [74.08291666660892, 18.98625000000932]]]}}, {"type": "Feature", "properties": {"name": "Stream"}, "geometry": {"type": "Polygon", "coordinates": [[[74.08958333327558, 18.98625000000932], [74.08958333327558, 18.985416666675988], [74.09041666660892, 18.985416666675988], [74.09041666660892, 18.98625000000932], [74.08958333327558, 18.98625000000932]]]}}, {"type": "Feature", "properties": {"name": "Stream"}, "geometry": {"type": "Polygon", "coordinates": [[[74.09124999994225, 18.98625000000932], [74.09124999994225, 18.985416666675988], [74.09208333327558, 18.985416666675988], [74.09208333327558, 18.98625000000932], [74.09124999994225, 18.98625000000932]]]}}, {"type": "Feature", "properties": {"name": "Stream"}, "geometry": {"type": "Polygon", "coordinates": [[[73.71708333327567, 18.985416666675988], [73.71708333327567, 18.984583333342655], [73.717916666609, 18.984583333342655], [73.717916666609, 18.985416666675988], [73.71708333327567, 18.985416666675988]]]}}, {"type": "Feature", "properties": {"name": "Stream"}, "geometry": {"type": "Polygon", "coordinates": [[[73.73124999994234, 18.985416666675988], [73.73124999994234, 18.984583333342655], [73.73208333327567, 18.984583333342655], [73.73208333327567, 18.985416666675988], [73.73124999994234, 18.985416666675988]]]}}, {"type": "Feature", "properties": {"name": "Stream"}, "geometry": {"type": "Polygon", "coordinates": [[[73.740416666609, 18.985416666675988], [73.740416666609, 18.984583333342655], [73.74541666660899, 18.984583333342655], [73.74541666660899, 18.985416666675988], [73.740416666609, 18.985416666675988]]]}}, {"type": "Feature", "properties": {"name": "Stream"}, "geometry": {"type": "Polygon", "coordinates": [[[74.02124999994227, 18.985416666675988], [74.02124999994227, 18.984583333342655], [74.0220833332756, 18.984583333342655], [74.0220833332756, 18.985416666675988], [74.02124999994227, 18.985416666675988]]]}}, {"type": "Feature", "properties": {"name": "Stream"}, "geometry": {"type": "Polygon", "coordinates": [[[74.02291666660894, 18.985416666675988], [74.02291666660894, 18.984583333342655], [74.0245833332756, 18.984583333342655], [74.0245833332756, 18.985416666675988], [74.02291666660894, 18.985416666675988]]]}}, {"type": "Feature", "properties": {"name": "Stream"}, "geometry": {"type": "Polygon", "coordinates": [[[74.02874999994226, 18.985416666675988], [74.02874999994226, 18.984583333342655], [74.0420833332756, 18.984583333342655], [74.0420833332756, 18.985416666675988], [74.02874999994226, 18.985416666675988]]]}}, {"type": "Feature", "properties": {"name": "Stream"}, "geometry": {"type": "Polygon", "coordinates": [[[74.0470833332756, 18.985416666675988], [74.0470833332756, 18.984583333342655], [74.05041666660892, 18.984583333342655], [74.05041666660892, 18.985416666675988], [74.0470833332756, 18.985416666675988]]]}}, {"type": "Feature", "properties": {"name": "Stream"}, "geometry": {"type": "Polygon", "coordinates": [[[74.06791666660892, 18.985416666675988], [74.06791666660892, 18.984583333342655], [74.06958333327559, 18.984583333342655], [74.06958333327559, 18.985416666675988], [74.06791666660892, 18.985416666675988]]]}}, {"type": "Feature", "properties": {"name": "Stream"}, "geometry": {"type": "Polygon", "coordinates": [[[74.08208333327559, 18.985416666675988], [74.08208333327559, 18.984583333342655], [74.08291666660892, 18.984583333342655], [74.08291666660892, 18.985416666675988], [74.08208333327559, 18.985416666675988]]]}}, {"type": "Feature", "properties": {"name": "Stream"}, "geometry": {"type": "Polygon", "coordinates": [[[74.09041666660892, 18.985416666675988], [74.09041666660892, 18.984583333342655], [74.09124999994225, 18.984583333342655], [74.09124999994225, 18.985416666675988], [74.09041666660892, 18.985416666675988]]]}}, {"type": "Feature", "properties": {"name": "Stream"}, "geometry": {"type": "Polygon", "coordinates": [[[73.717916666609, 18.984583333342655], [73.717916666609, 18.983750000009323], [73.71874999994233, 18.983750000009323], [73.71874999994233, 18.984583333342655], [73.717916666609, 18.984583333342655]]]}}, {"type": "Feature", "properties": {"name": "Stream"}, "geometry": {"type": "Polygon", "coordinates": [[[73.730416666609, 18.984583333342655], [73.730416666609, 18.983750000009323], [73.73124999994234, 18.983750000009323], [73.73124999994234, 18.984583333342655], [73.730416666609, 18.984583333342655]]]}}, {"type": "Feature", "properties": {"name": "Stream"}, "geometry": {"type": "Polygon", "coordinates": [[[73.74541666660899, 18.984583333342655], [73.74541666660899, 18.983750000009323], [73.74624999994234, 18.983750000009323], [73.74624999994234, 18.984583333342655], [73.74541666660899, 18.984583333342655]]]}}, {"type": "Feature", "properties": {"name": "Stream"}, "geometry": {"type": "Polygon", "coordinates": [[[74.0220833332756, 18.984583333342655], [74.0220833332756, 18.983750000009323], [74.02291666660894, 18.983750000009323], [74.02291666660894, 18.984583333342655], [74.0220833332756, 18.984583333342655]]]}}, {"type": "Feature", "properties": {"name": "Stream"}, "geometry": {"type": "Polygon", "coordinates": [[[74.0420833332756, 18.984583333342655], [74.0420833332756, 18.983750000009323], [74.0470833332756, 18.983750000009323], [74.0470833332756, 18.984583333342655], [74.0420833332756, 18.984583333342655]]]}}, {"type": "Feature", "properties": {"name": "Stream"}, "geometry": {"type": "Polygon", "coordinates": [[[74.06958333327559, 18.984583333342655], [74.06958333327559, 18.983750000009323], [74.07041666660892, 18.983750000009323], [74.07041666660892, 18.984583333342655], [74.06958333327559, 18.984583333342655]]]}}, {"type": "Feature", "properties": {"name": "Stream"}, "geometry": {"type": "Polygon", "coordinates": [[[74.07708333327558, 18.984583333342655], [74.07708333327558, 18.983750000009323], [74.0795833332756, 18.983750000009323], [74.0795833332756, 18.984583333342655], [74.07708333327558, 18.984583333342655]]]}}, {"type": "Feature", "properties": {"name": "Stream"}, "geometry": {"type": "Polygon", "coordinates": [[[74.08124999994226, 18.984583333342655], [74.08124999994226, 18.983750000009323], [74.08208333327559, 18.983750000009323], [74.08208333327559, 18.984583333342655], [74.08124999994226, 18.984583333342655]]]}}, {"type": "Feature", "properties": {"name": "Stream"}, "geometry": {"type": "Polygon", "coordinates": [[[73.72458333327566, 18.983750000009323], [73.72458333327566, 18.982916666675987], [73.730416666609, 18.982916666675987], [73.730416666609, 18.983750000009323], [73.72458333327566, 18.983750000009323]]]}}, {"type": "Feature", "properties": {"name": "Stream"}, "geometry": {"type": "Polygon", "coordinates": [[[73.74624999994234, 18.983750000009323], [73.74624999994234, 18.982916666675987], [73.74708333327567, 18.982916666675987], [73.74708333327567, 18.983750000009323], [73.74624999994234, 18.983750000009323]]]}}, {"type": "Feature", "properties": {"name": "Stream"}, "geometry": {"type": "Polygon", "coordinates": [[[74.07041666660892, 18.983750000009323], [74.07041666660892, 18.982916666675987], [74.07124999994225, 18.982916666675987], [74.07124999994225, 18.983750000009323], [74.07041666660892, 18.983750000009323]]]}}, {"type": "Feature", "properties": {"name": "Stream"}, "geometry": {"type": "Polygon", "coordinates": [[[74.07624999994225, 18.983750000009323], [74.07624999994225, 18.982916666675987], [74.07708333327558, 18.982916666675987], [74.07708333327558, 18.983750000009323], [74.07624999994225, 18.983750000009323]]]}}, {"type": "Feature", "properties": {"name": "Stream"}, "geometry": {"type": "Polygon", "coordinates": [[[74.0795833332756, 18.983750000009323], [74.0795833332756, 18.982916666675987], [74.08124999994226, 18.982916666675987], [74.08124999994226, 18.983750000009323], [74.0795833332756, 18.983750000009323]]]}}, {"type": "Feature", "properties": {"name": "Stream"}, "geometry": {"type": "Polygon", "coordinates": [[[73.74708333327567, 18.982916666675987], [73.74708333327567, 18.982083333342654], [73.747916666609, 18.982083333342654], [73.747916666609, 18.982916666675987], [73.74708333327567, 18.982916666675987]]]}}, {"type": "Feature", "properties": {"name": "Stream"}, "geometry": {"type": "Polygon", "coordinates": [[[74.07124999994225, 18.982916666675987], [74.07124999994225, 18.982083333342654], [74.07624999994225, 18.982083333342654], [74.07624999994225, 18.982916666675987], [74.07124999994225, 18.982916666675987]]]}}, {"type": "Feature", "properties": {"name": "Stream"}, "geometry": {"type": "Polygon", "coordinates": [[[73.71874999994233, 18.983750000009323], [73.71874999994233, 18.98125000000932], [73.71958333327566, 18.98125000000932], [73.71958333327566, 18.983750000009323], [73.71874999994233, 18.983750000009323]]]}}, {"type": "Feature", "properties": {"name": "Stream"}, "geometry": {"type": "Polygon", "coordinates": [[[73.72208333327566, 18.982916666675987], [73.72208333327566, 18.98125000000932], [73.722916666609, 18.98125000000932], [73.722916666609, 18.982083333342654], [73.72458333327566, 18.982083333342654], [73.72458333327566, 18.982916666675987], [73.72208333327566, 18.982916666675987]]]}}, {"type": "Feature", "properties": {"name": "Stream"}, "geometry": {"type": "Polygon", "coordinates": [[[73.747916666609, 18.982083333342654], [73.747916666609, 18.98125000000932], [73.74874999994233, 18.98125000000932], [73.74874999994233, 18.982083333342654], [73.747916666609, 18.982083333342654]]]}}, {"type": "Feature", "properties": {"name": "Stream"}, "geometry": {"type": "Polygon", "coordinates": [[[73.71958333327566, 18.98125000000932], [73.71958333327566, 18.98041666667599], [73.72208333327566, 18.98041666667599], [73.72208333327566, 18.98125000000932], [73.71958333327566, 18.98125000000932]]]}}, {"type": "Feature", "properties": {"name": "Stream"}, "geometry": {"type": "Polygon", "coordinates": [[[73.74874999994233, 18.98125000000932], [73.74874999994233, 18.98041666667599], [73.74958333327567, 18.98041666667599], [73.74958333327567, 18.98125000000932], [73.74874999994233, 18.98125000000932]]]}}, {"type": "Feature", "properties": {"name": "Stream"}, "geometry": {"type": "Polygon", "coordinates": [[[73.74958333327567, 18.98041666667599], [73.74958333327567, 18.979583333342656], [73.75208333327566, 18.979583333342656], [73.75208333327566, 18.98041666667599], [73.74958333327567, 18.98041666667599]]]}}, {"type": "Feature", "properties": {"name": "Stream"}, "geometry": {"type": "Polygon", "coordinates": [[[73.75208333327566, 18.979583333342656], [73.75208333327566, 18.978750000009324], [73.752916666609, 18.978750000009324], [73.752916666609, 18.979583333342656], [73.75208333327566, 18.979583333342656]]]}}, {"type": "Feature", "properties": {"name": "Stream"}, "geometry": {"type": "Polygon", "coordinates": [[[73.752916666609, 18.978750000009324], [73.752916666609, 18.977916666675988], [73.75374999994233, 18.977916666675988], [73.75374999994233, 18.978750000009324], [73.752916666609, 18.978750000009324]]]}}, {"type": "Feature", "properties": {"name": "Stream"}, "geometry": {"type": "Polygon", "coordinates": [[[73.75374999994233, 18.977916666675988], [73.75374999994233, 18.977083333342655], [73.755416666609, 18.977083333342655], [73.755416666609, 18.977916666675988], [73.75374999994233, 18.977916666675988]]]}}, {"type": "Feature", "properties": {"name": "Stream"}, "geometry": {"type": "Polygon", "coordinates": [[[73.755416666609, 18.977083333342655], [73.755416666609, 18.976250000009323], [73.76208333327565, 18.976250000009323], [73.76208333327565, 18.977083333342655], [73.755416666609, 18.977083333342655]]]}}, {"type": "Feature", "properties": {"name": "Stream"}, "geometry": {"type": "Polygon", "coordinates": [[[73.76208333327565, 18.976250000009323], [73.76208333327565, 18.97541666667599], [73.76291666660899, 18.97541666667599], [73.76291666660899, 18.976250000009323], [73.76208333327565, 18.976250000009323]]]}}, {"type": "Feature", "properties": {"name": "Stream"}, "geometry": {"type": "Polygon", "coordinates": [[[73.76291666660899, 18.97541666667599], [73.76291666660899, 18.974583333342657], [73.76374999994232, 18.974583333342657], [73.76374999994232, 18.97541666667599], [73.76291666660899, 18.97541666667599]]]}}, {"type": "Feature", "properties": {"name": "Stream"}, "geometry": {"type": "Polygon", "coordinates": [[[73.76374999994232, 18.974583333342657], [73.76374999994232, 18.973750000009325], [73.76458333327565, 18.973750000009325], [73.76458333327565, 18.974583333342657], [73.76374999994232, 18.974583333342657]]]}}, {"type": "Feature", "properties": {"name": "Stream"}, "geometry": {"type": "Polygon", "coordinates": [[[73.76458333327565, 18.973750000009325], [73.76458333327565, 18.97291666667599], [73.76541666660898, 18.97291666667599], [73.76541666660898, 18.973750000009325], [73.76458333327565, 18.973750000009325]]]}}, {"type": "Feature", "properties": {"name": "Stream"}, "geometry": {"type": "Polygon", "coordinates": [[[73.76541666660898, 18.97291666667599], [73.76541666660898, 18.972083333342656], [73.76624999994232, 18.972083333342656], [73.76624999994232, 18.97291666667599], [73.76541666660898, 18.97291666667599]]]}}, {"type": "Feature", "properties": {"name": "Stream"}, "geometry": {"type": "Polygon", "coordinates": [[[73.76624999994232, 18.972083333342656], [73.76624999994232, 18.971250000009324], [73.76874999994233, 18.971250000009324], [73.76874999994233, 18.972083333342656], [73.76624999994232, 18.972083333342656]]]}}, {"type": "Feature", "properties": {"name": "Stream"}, "geometry": {"type": "Polygon", "coordinates": [[[73.76874999994233, 18.971250000009324], [73.76874999994233, 18.97041666667599], [73.76958333327566, 18.97041666667599], [73.76958333327566, 18.971250000009324], [73.76874999994233, 18.971250000009324]]]}}, {"type": "Feature", "properties": {"name": "Stream"}, "geometry": {"type": "Polygon", "coordinates": [[[73.76958333327566, 18.97041666667599], [73.76958333327566, 18.96958333334266], [73.770416666609, 18.96958333334266], [73.770416666609, 18.97041666667599], [73.76958333327566, 18.97041666667599]]]}}, {"type": "Feature", "properties": {"name": "Stream"}, "geometry": {"type": "Polygon", "coordinates": [[[73.770416666609, 18.96958333334266], [73.770416666609, 18.968750000009326], [73.77124999994233, 18.968750000009326], [73.77124999994233, 18.96958333334266], [73.770416666609, 18.96958333334266]]]}}, {"type": "Feature", "properties": {"name": "Stream"}, "geometry": {"type": "Polygon", "coordinates": [[[73.77124999994233, 18.968750000009326], [73.77124999994233, 18.96791666667599], [73.77208333327566, 18.96791666667599], [73.77208333327566, 18.968750000009326], [73.77124999994233, 18.968750000009326]]]}}, {"type": "Feature", "properties": {"name": "Stream"}, "geometry": {"type": "Polygon", "coordinates": [[[73.77208333327566, 18.96791666667599], [73.77208333327566, 18.967083333342657], [73.77291666660899, 18.967083333342657], [73.77291666660899, 18.96791666667599], [73.77208333327566, 18.96791666667599]]]}}, {"type": "Feature", "properties": {"name": "Stream"}, "geometry": {"type": "Polygon", "coordinates": [[[73.77291666660899, 18.967083333342657], [73.77291666660899, 18.966250000009325], [73.77374999994232, 18.966250000009325], [73.77374999994232, 18.967083333342657], [73.77291666660899, 18.967083333342657]]]}}, {"type": "Feature", "properties": {"name": "Stream"}, "geometry": {"type": "Polygon", "coordinates": [[[73.77374999994232, 18.966250000009325], [73.77374999994232, 18.965416666675992], [73.77458333327566, 18.965416666675992], [73.77458333327566, 18.966250000009325], [73.77374999994232, 18.966250000009325]]]}}, {"type": "Feature", "properties": {"name": "Stream"}, "geometry": {"type": "Polygon", "coordinates": [[[73.77458333327566, 18.965416666675992], [73.77458333327566, 18.96458333334266], [73.77541666660899, 18.96458333334266], [73.77541666660899, 18.965416666675992], [73.77458333327566, 18.965416666675992]]]}}, {"type": "Feature", "properties": {"name": "Stream"}, "geometry": {"type": "Polygon", "coordinates": [[[73.77541666660899, 18.96458333334266], [73.77541666660899, 18.963750000009327], [73.77624999994232, 18.963750000009327], [73.77624999994232, 18.96458333334266], [73.77541666660899, 18.96458333334266]]]}}, {"type": "Feature", "properties": {"name": "Stream"}, "geometry": {"type": "Polygon", "coordinates": [[[73.77624999994232, 18.963750000009327], [73.77624999994232, 18.962916666675994], [73.77708333327566, 18.962916666675994], [73.77708333327566, 18.963750000009327], [73.77624999994232, 18.963750000009327]]]}}, {"type": "Feature", "properties": {"name": "Stream"}, "geometry": {"type": "Polygon", "coordinates": [[[73.77708333327566, 18.962916666675994], [73.77708333327566, 18.962083333342658], [73.77791666660899, 18.962083333342658], [73.77791666660899, 18.962916666675994], [73.77708333327566, 18.962916666675994]]]}}, {"type": "Feature", "properties": {"name": "Stream"}, "geometry": {"type": "Polygon", "coordinates": [[[73.77791666660899, 18.962083333342658], [73.77791666660899, 18.961250000009326], [73.77874999994232, 18.961250000009326], [73.77874999994232, 18.962083333342658], [73.77791666660899, 18.962083333342658]]]}}, {"type": "Feature", "properties": {"name": "Stream"}, "geometry": {"type": "Polygon", "coordinates": [[[73.77874999994232, 18.961250000009326], [73.77874999994232, 18.960416666675993], [73.77958333327565, 18.960416666675993], [73.77958333327565, 18.961250000009326], [73.77874999994232, 18.961250000009326]]]}}, {"type": "Feature", "properties": {"name": "Stream"}, "geometry": {"type": "Polygon", "coordinates": [[[73.77958333327565, 18.960416666675993], [73.77958333327565, 18.95958333334266], [73.78041666660899, 18.95958333334266], [73.78041666660899, 18.960416666675993], [73.77958333327565, 18.960416666675993]]]}}, {"type": "Feature", "properties": {"name": "Stream"}, "geometry": {"type": "Polygon", "coordinates": [[[73.78041666660899, 18.95958333334266], [73.78041666660899, 18.958750000009328], [73.78124999994232, 18.958750000009328], [73.78124999994232, 18.95958333334266], [73.78041666660899, 18.95958333334266]]]}}, {"type": "Feature", "properties": {"name": "Stream"}, "geometry": {"type": "Polygon", "coordinates": [[[73.79291666660899, 18.95958333334266], [73.79291666660899, 18.958750000009328], [73.79458333327565, 18.958750000009328], [73.79458333327565, 18.95958333334266], [73.79291666660899, 18.95958333334266]]]}}, {"type": "Feature", "properties": {"name": "Stream"}, "geometry": {"type": "Polygon", "coordinates": [[[73.78124999994232, 18.958750000009328], [73.78124999994232, 18.957916666675995], [73.78208333327565, 18.957916666675995], [73.78208333327565, 18.958750000009328], [73.78124999994232, 18.958750000009328]]]}}, {"type": "Feature", "properties": {"name": "Stream"}, "geometry": {"type": "Polygon", "coordinates": [[[73.79208333327566, 18.958750000009328], [73.79208333327566, 18.957916666675995], [73.79291666660899, 18.957916666675995], [73.79291666660899, 18.958750000009328], [73.79208333327566, 18.958750000009328]]]}}, {"type": "Feature", "properties": {"name": "Stream"}, "geometry": {"type": "Polygon", "coordinates": [[[73.79458333327565, 18.958750000009328], [73.79458333327565, 18.957916666675995], [73.79541666660899, 18.957916666675995], [73.79541666660899, 18.958750000009328], [73.79458333327565, 18.958750000009328]]]}}, {"type": "Feature", "properties": {"name": "Stream"}, "geometry": {"type": "Polygon", "coordinates": [[[73.78208333327565, 18.957916666675995], [73.78208333327565, 18.95708333334266], [73.78291666660898, 18.95708333334266], [73.78291666660898, 18.957916666675995], [73.78208333327565, 18.957916666675995]]]}}, {"type": "Feature", "properties": {"name": "Stream"}, "geometry": {"type": "Polygon", "coordinates": [[[73.79124999994232, 18.957916666675995], [73.79124999994232, 18.95708333334266], [73.79208333327566, 18.95708333334266], [73.79208333327566, 18.957916666675995], [73.79124999994232, 18.957916666675995]]]}}, {"type": "Feature", "properties": {"name": "Stream"}, "geometry": {"type": "Polygon", "coordinates": [[[73.78291666660898, 18.95708333334266], [73.78291666660898, 18.956250000009327], [73.78374999994232, 18.956250000009327], [73.78374999994232, 18.95708333334266], [73.78291666660898, 18.95708333334266]]]}}, {"type": "Feature", "properties": {"name": "Stream"}, "geometry": {"type": "Polygon", "coordinates": [[[73.78874999994233, 18.95708333334266], [73.78874999994233, 18.956250000009327], [73.79124999994232, 18.956250000009327], [73.79124999994232, 18.95708333334266], [73.78874999994233, 18.95708333334266]]]}}, {"type": "Feature", "properties": {"name": "Stream"}, "geometry": {"type": "Polygon", "coordinates": [[[73.79541666660899, 18.957916666675995], [73.79541666660899, 18.955416666675994], [73.79624999994232, 18.955416666675994], [73.79624999994232, 18.957916666675995], [73.79541666660899, 18.957916666675995]]]}}, {"type": "Feature", "properties": {"name": "Stream"}, "geometry": {"type": "Polygon", "coordinates": [[[73.78374999994232, 18.956250000009327], [73.78374999994232, 18.955416666675994], [73.78874999994233, 18.955416666675994], [73.78874999994233, 18.956250000009327], [73.78374999994232, 18.956250000009327]]]}}, {"type": "Feature", "properties": {"name": "Stream"}, "geometry": {"type": "Polygon", "coordinates": [[[73.79624999994232, 18.955416666675994], [73.79624999994232, 18.95375000000933], [73.79708333327565, 18.95375000000933], [73.79708333327565, 18.955416666675994], [73.79624999994232, 18.955416666675994]]]}}, {"type": "Feature", "properties": {"name": "Stream"}, "geometry": {"type": "Polygon", "coordinates": [[[73.79708333327565, 18.95375000000933], [73.79708333327565, 18.95208333334266], [73.79791666660898, 18.95208333334266], [73.79791666660898, 18.95375000000933], [73.79708333327565, 18.95375000000933]]]}}, {"type": "Feature", "properties": {"name": "Stream"}, "geometry": {"type": "Polygon", "coordinates": [[[73.79791666660898, 18.95208333334266], [73.79791666660898, 18.951250000009328], [73.79874999994232, 18.951250000009328], [73.79874999994232, 18.95208333334266], [73.79791666660898, 18.95208333334266]]]}}, {"type": "Feature", "properties": {"name": "Stream"}, "geometry": {"type": "Polygon", "coordinates": [[[73.79874999994232, 18.951250000009328], [73.79874999994232, 18.950416666675995], [73.79958333327565, 18.950416666675995], [73.79958333327565, 18.951250000009328], [73.79874999994232, 18.951250000009328]]]}}, {"type": "Feature", "properties": {"name": "Stream"}, "geometry": {"type": "Polygon", "coordinates": [[[73.79958333327565, 18.950416666675995], [73.79958333327565, 18.949583333342662], [73.80041666660898, 18.949583333342662], [73.80041666660898, 18.950416666675995], [73.79958333327565, 18.950416666675995]]]}}, {"type": "Feature", "properties": {"name": "Stream"}, "geometry": {"type": "Polygon", "coordinates": [[[73.80041666660898, 18.949583333342662], [73.80041666660898, 18.947916666675997], [73.80124999994231, 18.947916666675997], [73.80124999994231, 18.949583333342662], [73.80041666660898, 18.949583333342662]]]}}, {"type": "Feature", "properties": {"name": "Stream"}, "geometry": {"type": "Polygon", "coordinates": [[[73.80124999994231, 18.947916666675997], [73.80124999994231, 18.94708333334266], [73.80208333327565, 18.94708333334266], [73.80208333327565, 18.947916666675997], [73.80124999994231, 18.947916666675997]]]}}, {"type": "Feature", "properties": {"name": "Stream"}, "geometry": {"type": "Polygon", "coordinates": [[[73.80208333327565, 18.94708333334266], [73.80208333327565, 18.944583333342663], [73.80291666660898, 18.944583333342663], [73.80291666660898, 18.94708333334266], [73.80208333327565, 18.94708333334266]]]}}, {"type": "Feature", "properties": {"name": "Stream"}, "geometry": {"type": "Polygon", "coordinates": [[[73.80291666660898, 18.944583333342663], [73.80291666660898, 18.94375000000933], [73.80374999994231, 18.94375000000933], [73.80374999994231, 18.944583333342663], [73.80291666660898, 18.944583333342663]]]}}, {"type": "Feature", "properties": {"name": "Stream"}, "geometry": {"type": "Polygon", "coordinates": [[[73.80374999994231, 18.94375000000933], [73.80374999994231, 18.942916666676], [73.80458333327564, 18.942916666676], [73.80458333327564, 18.94375000000933], [73.80374999994231, 18.94375000000933]]]}}, {"type": "Feature", "properties": {"name": "Stream"}, "geometry": {"type": "Polygon", "coordinates": [[[73.80458333327564, 18.942916666676], [73.80458333327564, 18.942083333342666], [73.80541666660898, 18.942083333342666], [73.80541666660898, 18.942916666676], [73.80458333327564, 18.942916666676]]]}}, {"type": "Feature", "properties": {"name": "Stream"}, "geometry": {"type": "Polygon", "coordinates": [[[73.80541666660898, 18.942083333342666], [73.80541666660898, 18.939583333342664], [73.80624999994231, 18.939583333342664], [73.80624999994231, 18.942083333342666], [73.80541666660898, 18.942083333342666]]]}}, {"type": "Feature", "properties": {"name": "Stream"}, "geometry": {"type": "Polygon", "coordinates": [[[73.80624999994231, 18.939583333342664], [73.80624999994231, 18.937916666676], [73.80708333327564, 18.937916666676], [73.80708333327564, 18.939583333342664], [73.80624999994231, 18.939583333342664]]]}}, {"type": "Feature", "properties": {"name": "Stream"}, "geometry": {"type": "Polygon", "coordinates": [[[73.80708333327564, 18.937916666676], [73.80708333327564, 18.937083333342667], [73.80791666660897, 18.937083333342667], [73.80791666660897, 18.937916666676], [73.80708333327564, 18.937916666676]]]}}, {"type": "Feature", "properties": {"name": "Stream"}, "geometry": {"type": "Polygon", "coordinates": [[[73.80791666660897, 18.937083333342667], [73.80791666660897, 18.93625000000933], [73.80874999994232, 18.93625000000933], [73.80874999994232, 18.937083333342667], [73.80791666660897, 18.937083333342667]]]}}, {"type": "Feature", "properties": {"name": "Stream"}, "geometry": {"type": "Polygon", "coordinates": [[[73.80874999994232, 18.93625000000933], [73.80874999994232, 18.935416666675998], [73.81041666660899, 18.935416666675998], [73.81041666660899, 18.93625000000933], [73.80874999994232, 18.93625000000933]]]}}, {"type": "Feature", "properties": {"name": "Stream"}, "geometry": {"type": "Polygon", "coordinates": [[[73.81041666660899, 18.935416666675998], [73.81041666660899, 18.934583333342665], [73.81208333327565, 18.934583333342665], [73.81208333327565, 18.935416666675998], [73.81041666660899, 18.935416666675998]]]}}, {"type": "Feature", "properties": {"name": "Stream"}, "geometry": {"type": "Polygon", "coordinates": [[[73.81208333327565, 18.934583333342665], [73.81208333327565, 18.933750000009333], [73.81374999994232, 18.933750000009333], [73.81374999994232, 18.934583333342665], [73.81208333327565, 18.934583333342665]]]}}, {"type": "Feature", "properties": {"name": "Stream"}, "geometry": {"type": "Polygon", "coordinates": [[[73.81374999994232, 18.933750000009333], [73.81374999994232, 18.932916666676], [73.81458333327565, 18.932916666676], [73.81458333327565, 18.933750000009333], [73.81374999994232, 18.933750000009333]]]}}, {"type": "Feature", "properties": {"name": "Stream"}, "geometry": {"type": "Polygon", "coordinates": [[[73.81458333327565, 18.932916666676], [73.81458333327565, 18.932083333342668], [73.81541666660898, 18.932083333342668], [73.81541666660898, 18.932916666676], [73.81458333327565, 18.932916666676]]]}}, {"type": "Feature", "properties": {"name": "Stream"}, "geometry": {"type": "Polygon", "coordinates": [[[73.81541666660898, 18.932083333342668], [73.81541666660898, 18.93125000000933], [73.81624999994231, 18.93125000000933], [73.81624999994231, 18.932083333342668], [73.81541666660898, 18.932083333342668]]]}}, {"type": "Feature", "properties": {"name": "Stream"}, "geometry": {"type": "Polygon", "coordinates": [[[73.81624999994231, 18.93125000000933], [73.81624999994231, 18.929583333342666], [73.81708333327565, 18.929583333342666], [73.81708333327565, 18.93125000000933], [73.81624999994231, 18.93125000000933]]]}}, {"type": "Feature", "properties": {"name": "Stream"}, "geometry": {"type": "Polygon", "coordinates": [[[73.81708333327565, 18.929583333342666], [73.81708333327565, 18.928750000009334], [73.81791666660898, 18.928750000009334], [73.81791666660898, 18.929583333342666], [73.81708333327565, 18.929583333342666]]]}}, {"type": "Feature", "properties": {"name": "Stream"}, "geometry": {"type": "Polygon", "coordinates": [[[73.81791666660898, 18.928750000009334], [73.81791666660898, 18.927916666676], [73.81874999994231, 18.927916666676], [73.81874999994231, 18.928750000009334], [73.81791666660898, 18.928750000009334]]]}}, {"type": "Feature", "properties": {"name": "Stream"}, "geometry": {"type": "Polygon", "coordinates": [[[73.81874999994231, 18.927916666676], [73.81874999994231, 18.92708333334267], [73.82041666660898, 18.92708333334267], [73.82041666660898, 18.927916666676], [73.81874999994231, 18.927916666676]]]}}, {"type": "Feature", "properties": {"name": "Stream"}, "geometry": {"type": "Polygon", "coordinates": [[[73.82041666660898, 18.92708333334267], [73.82041666660898, 18.926250000009333], [73.82124999994231, 18.926250000009333], [73.82124999994231, 18.92708333334267], [73.82041666660898, 18.92708333334267]]]}}, {"type": "Feature", "properties": {"name": "Stream"}, "geometry": {"type": "Polygon", "coordinates": [[[73.82124999994231, 18.926250000009333], [73.82124999994231, 18.925416666676], [73.82208333327564, 18.925416666676], [73.82208333327564, 18.926250000009333], [73.82124999994231, 18.926250000009333]]]}}, {"type": "Feature", "properties": {"name": "Stream"}, "geometry": {"type": "Polygon", "coordinates": [[[73.82208333327564, 18.925416666676], [73.82208333327564, 18.924583333342667], [73.82291666660898, 18.924583333342667], [73.82291666660898, 18.925416666676], [73.82208333327564, 18.925416666676]]]}}, {"type": "Feature", "properties": {"name": "Stream"}, "geometry": {"type": "Polygon", "coordinates": [[[73.82291666660898, 18.924583333342667], [73.82291666660898, 18.922916666676002], [73.82374999994231, 18.922916666676002], [73.82374999994231, 18.924583333342667], [73.82291666660898, 18.924583333342667]]]}}, {"type": "Feature", "properties": {"name": "Stream"}, "geometry": {"type": "Polygon", "coordinates": [[[73.82374999994231, 18.922916666676002], [73.82374999994231, 18.92208333334267], [73.82541666660897, 18.92208333334267], [73.82541666660897, 18.922916666676002], [73.82374999994231, 18.922916666676002]]]}}, {"type": "Feature", "properties": {"name": "Stream"}, "geometry": {"type": "Polygon", "coordinates": [[[73.82541666660897, 18.92208333334267], [73.82541666660897, 18.921250000009337], [73.82791666660897, 18.921250000009337], [73.82791666660897, 18.92208333334267], [73.82541666660897, 18.92208333334267]]]}}, {"type": "Feature", "properties": {"name": "Stream"}, "geometry": {"type": "Polygon", "coordinates": [[[73.82791666660897, 18.921250000009337], [73.82791666660897, 18.920416666676], [73.83041666660898, 18.920416666676], [73.83041666660898, 18.921250000009337], [73.82791666660897, 18.921250000009337]]]}}, {"type": "Feature", "properties": {"name": "Stream"}, "geometry": {"type": "Polygon", "coordinates": [[[73.83041666660898, 18.920416666676], [73.83041666660898, 18.91958333334267], [73.83124999994232, 18.91958333334267], [73.83124999994232, 18.920416666676], [73.83041666660898, 18.920416666676]]]}}, {"type": "Feature", "properties": {"name": "Stream"}, "geometry": {"type": "Polygon", "coordinates": [[[73.83124999994232, 18.91958333334267], [73.83124999994232, 18.918750000009336], [73.83208333327565, 18.918750000009336], [73.83208333327565, 18.91958333334267], [73.83124999994232, 18.91958333334267]]]}}, {"type": "Feature", "properties": {"name": "Stream"}, "geometry": {"type": "Polygon", "coordinates": [[[73.83208333327565, 18.918750000009336], [73.83208333327565, 18.915416666676002], [73.83291666660898, 18.915416666676002], [73.83291666660898, 18.918750000009336], [73.83208333327565, 18.918750000009336]]]}}, {"type": "Feature", "properties": {"name": "Stream"}, "geometry": {"type": "Polygon", "coordinates": [[[73.83291666660898, 18.915416666676002], [73.83291666660898, 18.91458333334267], [73.83541666660898, 18.91458333334267], [73.83541666660898, 18.915416666676002], [73.83291666660898, 18.915416666676002]]]}}, {"type": "Feature", "properties": {"name": "Stream"}, "geometry": {"type": "Polygon", "coordinates": [[[73.83541666660898, 18.91458333334267], [73.83541666660898, 18.913750000009337], [73.83624999994231, 18.913750000009337], [73.83624999994231, 18.91458333334267], [73.83541666660898, 18.91458333334267]]]}}, {"type": "Feature", "properties": {"name": "Stream"}, "geometry": {"type": "Polygon", "coordinates": [[[73.83624999994231, 18.913750000009337], [73.83624999994231, 18.912916666676004], [73.83708333327564, 18.912916666676004], [73.83708333327564, 18.913750000009337], [73.83624999994231, 18.913750000009337]]]}}, {"type": "Feature", "properties": {"name": "Stream"}, "geometry": {"type": "Polygon", "coordinates": [[[73.83708333327564, 18.912916666676004], [73.83708333327564, 18.91208333334267], [73.83791666660898, 18.91208333334267], [73.83791666660898, 18.912916666676004], [73.83708333327564, 18.912916666676004]]]}}, {"type": "Feature", "properties": {"name": "Stream"}, "geometry": {"type": "Polygon", "coordinates": [[[73.83791666660898, 18.91208333334267], [73.83791666660898, 18.91125000000934], [73.83874999994231, 18.91125000000934], [73.83874999994231, 18.91208333334267], [73.83791666660898, 18.91208333334267]]]}}, {"type": "Feature", "properties": {"name": "Stream"}, "geometry": {"type": "Polygon", "coordinates": [[[73.83874999994231, 18.91125000000934], [73.83874999994231, 18.910416666676003], [73.84208333327564, 18.910416666676003], [73.84208333327564, 18.91125000000934], [73.83874999994231, 18.91125000000934]]]}}, {"type": "Feature", "properties": {"name": "Stream"}, "geometry": {"type": "Polygon", "coordinates": [[[73.84208333327564, 18.910416666676003], [73.84208333327564, 18.90958333334267], [73.84291666660897, 18.90958333334267], [73.84291666660897, 18.910416666676003], [73.84208333327564, 18.910416666676003]]]}}, {"type": "Feature", "properties": {"name": "Stream"}, "geometry": {"type": "Polygon", "coordinates": [[[73.84291666660897, 18.90958333334267], [73.84291666660897, 18.907916666676005], [73.8437499999423, 18.907916666676005], [73.8437499999423, 18.90958333334267], [73.84291666660897, 18.90958333334267]]]}}, {"type": "Feature", "properties": {"name": "Stream"}, "geometry": {"type": "Polygon", "coordinates": [[[73.8437499999423, 18.907916666676005], [73.8437499999423, 18.90625000000934], [73.84458333327564, 18.90625000000934], [73.84458333327564, 18.907916666676005], [73.8437499999423, 18.907916666676005]]]}}, {"type": "Feature", "properties": {"name": "Stream"}, "geometry": {"type": "Polygon", "coordinates": [[[73.84458333327564, 18.90625000000934], [73.84458333327564, 18.905416666676004], [73.84541666660897, 18.905416666676004], [73.84541666660897, 18.90625000000934], [73.84458333327564, 18.90625000000934]]]}}, {"type": "Feature", "properties": {"name": "Stream"}, "geometry": {"type": "Polygon", "coordinates": [[[73.84541666660897, 18.905416666676004], [73.84541666660897, 18.90458333334267], [73.8462499999423, 18.90458333334267], [73.8462499999423, 18.905416666676004], [73.84541666660897, 18.905416666676004]]]}}, {"type": "Feature", "properties": {"name": "Stream"}, "geometry": {"type": "Polygon", "coordinates": [[[73.63374999994235, 18.90458333334267], [73.63374999994235, 18.90375000000934], [73.63458333327569, 18.90375000000934], [73.63458333327569, 18.90458333334267], [73.63374999994235, 18.90458333334267]]]}}, {"type": "Feature", "properties": {"name": "Stream"}, "geometry": {"type": "Polygon", "coordinates": [[[73.8462499999423, 18.90458333334267], [73.8462499999423, 18.90375000000934], [73.84708333327563, 18.90375000000934], [73.84708333327563, 18.90458333334267], [73.8462499999423, 18.90458333334267]]]}}, {"type": "Feature", "properties": {"name": "Stream"}, "geometry": {"type": "Polygon", "coordinates": [[[73.63291666660902, 18.90375000000934], [73.63291666660902, 18.902916666676006], [73.63374999994235, 18.902916666676006], [73.63374999994235, 18.90375000000934], [73.63291666660902, 18.90375000000934]]]}}, {"type": "Feature", "properties": {"name": "Stream"}, "geometry": {"type": "Polygon", "coordinates": [[[73.84708333327563, 18.90375000000934], [73.84708333327563, 18.902916666676006], [73.84791666660897, 18.902916666676006], [73.84791666660897, 18.90375000000934], [73.84708333327563, 18.90375000000934]]]}}, {"type": "Feature", "properties": {"name": "Stream"}, "geometry": {"type": "Polygon", "coordinates": [[[73.63124999994236, 18.902916666676006], [73.63124999994236, 18.902083333342674], [73.63291666660902, 18.902083333342674], [73.63291666660902, 18.902916666676006], [73.63124999994236, 18.902916666676006]]]}}, {"type": "Feature", "properties": {"name": "Stream"}, "geometry": {"type": "Polygon", "coordinates": [[[73.84791666660897, 18.902916666676006], [73.84791666660897, 18.902083333342674], [73.8487499999423, 18.902083333342674], [73.8487499999423, 18.902916666676006], [73.84791666660897, 18.902916666676006]]]}}, {"type": "Feature", "properties": {"name": "Stream"}, "geometry": {"type": "Polygon", "coordinates": [[[73.8487499999423, 18.902083333342674], [73.8487499999423, 18.90125000000934], [73.84958333327563, 18.90125000000934], [73.84958333327563, 18.902083333342674], [73.8487499999423, 18.902083333342674]]]}}, {"type": "Feature", "properties": {"name": "Stream"}, "geometry": {"type": "Polygon", "coordinates": [[[73.84958333327563, 18.90125000000934], [73.84958333327563, 18.90041666667601], [73.85041666660898, 18.90041666667601], [73.85041666660898, 18.899583333342672], [73.85124999994231, 18.899583333342672], [73.85124999994231, 18.90125000000934], [73.84958333327563, 18.90125000000934]]]}}, {"type": "Feature", "properties": {"name": "Stream"}, "geometry": {"type": "Polygon", "coordinates": [[[73.63541666660902, 18.90041666667601], [73.63541666660902, 18.899583333342672], [73.63708333327568, 18.899583333342672], [73.63708333327568, 18.90041666667601], [73.63541666660902, 18.90041666667601]]]}}, {"type": "Feature", "properties": {"name": "Stream"}, "geometry": {"type": "Polygon", "coordinates": [[[73.63374999994235, 18.899583333342672], [73.63374999994235, 18.89875000000934], [73.63541666660902, 18.89875000000934], [73.63541666660902, 18.899583333342672], [73.63374999994235, 18.899583333342672]]]}}, {"type": "Feature", "properties": {"name": "Stream"}, "geometry": {"type": "Polygon", "coordinates": [[[73.63708333327568, 18.899583333342672], [73.63708333327568, 18.89875000000934], [73.63791666660902, 18.89875000000934], [73.63791666660902, 18.899583333342672], [73.63708333327568, 18.899583333342672]]]}}, {"type": "Feature", "properties": {"name": "Stream"}, "geometry": {"type": "Polygon", "coordinates": [[[73.63041666660902, 18.902083333342674], [73.63041666660902, 18.897916666676007], [73.63374999994235, 18.897916666676007], [73.63374999994235, 18.89875000000934], [73.63124999994236, 18.89875000000934], [73.63124999994236, 18.902083333342674], [73.63041666660902, 18.902083333342674]]]}}, {"type": "Feature", "properties": {"name": "Stream"}, "geometry": {"type": "Polygon", "coordinates": [[[73.85124999994231, 18.899583333342672], [73.85124999994231, 18.897083333342675], [73.85208333327564, 18.897083333342675], [73.85208333327564, 18.899583333342672], [73.85124999994231, 18.899583333342672]]]}}, {"type": "Feature", "properties": {"name": "Stream"}, "geometry": {"type": "Polygon", "coordinates": [[[73.63624999994235, 18.89875000000934], [73.63624999994235, 18.896250000009342], [73.63708333327568, 18.896250000009342], [73.63708333327568, 18.89875000000934], [73.63624999994235, 18.89875000000934]]]}}, {"type": "Feature", "properties": {"name": "Stream"}, "geometry": {"type": "Polygon", "coordinates": [[[73.64374999994236, 18.897083333342675], [73.64374999994236, 18.896250000009342], [73.64874999994235, 18.896250000009342], [73.64874999994235, 18.897083333342675], [73.64374999994236, 18.897083333342675]]]}}, {"type": "Feature", "properties": {"name": "Stream"}, "geometry": {"type": "Polygon", "coordinates": [[[73.85041666660898, 18.897083333342675], [73.85041666660898, 18.896250000009342], [73.85124999994231, 18.896250000009342], [73.85124999994231, 18.897083333342675], [73.85041666660898, 18.897083333342675]]]}}, {"type": "Feature", "properties": {"name": "Stream"}, "geometry": {"type": "Polygon", "coordinates": [[[73.63708333327568, 18.896250000009342], [73.63708333327568, 18.89541666667601], [73.63791666660902, 18.89541666667601], [73.63791666660902, 18.896250000009342], [73.63708333327568, 18.896250000009342]]]}}, {"type": "Feature", "properties": {"name": "Stream"}, "geometry": {"type": "Polygon", "coordinates": [[[73.64041666660901, 18.896250000009342], [73.64041666660901, 18.89541666667601], [73.64374999994236, 18.89541666667601], [73.64374999994236, 18.896250000009342], [73.64041666660901, 18.896250000009342]]]}}, {"type": "Feature", "properties": {"name": "Stream"}, "geometry": {"type": "Polygon", "coordinates": [[[73.64874999994235, 18.896250000009342], [73.64874999994235, 18.89541666667601], [73.65291666660902, 18.89541666667601], [73.65291666660902, 18.896250000009342], [73.64874999994235, 18.896250000009342]]]}}, {"type": "Feature", "properties": {"name": "Stream"}, "geometry": {"type": "Polygon", "coordinates": [[[73.84958333327563, 18.896250000009342], [73.84958333327563, 18.894583333342673], [73.85041666660898, 18.894583333342673], [73.85041666660898, 18.896250000009342], [73.84958333327563, 18.896250000009342]]]}}, {"type": "Feature", "properties": {"name": "Stream"}, "geometry": {"type": "Polygon", "coordinates": [[[73.63791666660902, 18.89541666667601], [73.63791666660902, 18.894583333342673], [73.64041666660901, 18.894583333342673], [73.64041666660901, 18.89541666667601], [73.63791666660902, 18.89541666667601]]]}}, {"type": "Feature", "properties": {"name": "Stream"}, "geometry": {"type": "Polygon", "coordinates": [[[73.65291666660902, 18.89541666667601], [73.65291666660902, 18.894583333342673], [73.65374999994235, 18.894583333342673], [73.65374999994235, 18.89541666667601], [73.65291666660902, 18.89541666667601]]]}}, {"type": "Feature", "properties": {"name": "Stream"}, "geometry": {"type": "Polygon", "coordinates": [[[73.65374999994235, 18.894583333342673], [73.65374999994235, 18.89375000000934], [73.65541666660901, 18.89375000000934], [73.65541666660901, 18.894583333342673], [73.65374999994235, 18.894583333342673]]]}}, {"type": "Feature", "properties": {"name": "Stream"}, "geometry": {"type": "Polygon", "coordinates": [[[73.65541666660901, 18.89375000000934], [73.65541666660901, 18.892916666676008], [73.65708333327568, 18.892916666676008], [73.65708333327568, 18.89375000000934], [73.65541666660901, 18.89375000000934]]]}}, {"type": "Feature", "properties": {"name": "Stream"}, "geometry": {"type": "Polygon", "coordinates": [[[73.65708333327568, 18.892916666676008], [73.65708333327568, 18.892083333342676], [73.65874999994234, 18.892083333342676], [73.65874999994234, 18.892916666676008], [73.65708333327568, 18.892916666676008]]]}}, {"type": "Feature", "properties": {"name": "Stream"}, "geometry": {"type": "Polygon", "coordinates": [[[73.8487499999423, 18.894583333342673], [73.8487499999423, 18.891250000009343], [73.84958333327563, 18.891250000009343], [73.84958333327563, 18.894583333342673], [73.8487499999423, 18.894583333342673]]]}}, {"type": "Feature", "properties": {"name": "Stream"}, "geometry": {"type": "Polygon", "coordinates": [[[73.84791666660897, 18.891250000009343], [73.84791666660897, 18.889583333342674], [73.8487499999423, 18.889583333342674], [73.8487499999423, 18.891250000009343], [73.84791666660897, 18.891250000009343]]]}}, {"type": "Feature", "properties": {"name": "Stream"}, "geometry": {"type": "Polygon", "coordinates": [[[73.65874999994234, 18.892083333342676], [73.65874999994234, 18.888750000009342], [73.65958333327568, 18.888750000009342], [73.65958333327568, 18.892083333342676], [73.65874999994234, 18.892083333342676]]]}}, {"type": "Feature", "properties": {"name": "Stream"}, "geometry": {"type": "Polygon", "coordinates": [[[73.8487499999423, 18.889583333342674], [73.8487499999423, 18.888750000009342], [73.84958333327563, 18.888750000009342], [73.84958333327563, 18.889583333342674], [73.8487499999423, 18.889583333342674]]]}}, {"type": "Feature", "properties": {"name": "Stream"}, "geometry": {"type": "Polygon", "coordinates": [[[73.84958333327563, 18.888750000009342], [73.84958333327563, 18.88791666667601], [73.85041666660898, 18.88791666667601], [73.85041666660898, 18.888750000009342], [73.84958333327563, 18.888750000009342]]]}}, {"type": "Feature", "properties": {"name": "Stream"}, "geometry": {"type": "Polygon", "coordinates": [[[73.65791666660901, 18.888750000009342], [73.65791666660901, 18.887083333342677], [73.65874999994234, 18.887083333342677], [73.65874999994234, 18.888750000009342], [73.65791666660901, 18.888750000009342]]]}}, {"type": "Feature", "properties": {"name": "Stream"}, "geometry": {"type": "Polygon", "coordinates": [[[73.85041666660898, 18.88791666667601], [73.85041666660898, 18.887083333342677], [73.85291666660898, 18.887083333342677], [73.85291666660898, 18.88791666667601], [73.85041666660898, 18.88791666667601]]]}}, {"type": "Feature", "properties": {"name": "Stream"}, "geometry": {"type": "Polygon", "coordinates": [[[73.65708333327568, 18.887083333342677], [73.65708333327568, 18.886250000009344], [73.65791666660901, 18.886250000009344], [73.65791666660901, 18.887083333342677], [73.65708333327568, 18.887083333342677]]]}}, {"type": "Feature", "properties": {"name": "Stream"}, "geometry": {"type": "Polygon", "coordinates": [[[73.85291666660898, 18.887083333342677], [73.85291666660898, 18.886250000009344], [73.85374999994231, 18.886250000009344], [73.85374999994231, 18.887083333342677], [73.85291666660898, 18.887083333342677]]]}}, {"type": "Feature", "properties": {"name": "Stream"}, "geometry": {"type": "Polygon", "coordinates": [[[73.65791666660901, 18.886250000009344], [73.65791666660901, 18.88541666667601], [73.65958333327568, 18.88541666667601], [73.65958333327568, 18.886250000009344], [73.65791666660901, 18.886250000009344]]]}}, {"type": "Feature", "properties": {"name": "Stream"}, "geometry": {"type": "Polygon", "coordinates": [[[73.85374999994231, 18.886250000009344], [73.85374999994231, 18.884583333342675], [73.85458333327564, 18.884583333342675], [73.85458333327564, 18.886250000009344], [73.85374999994231, 18.886250000009344]]]}}, {"type": "Feature", "properties": {"name": "Stream"}, "geometry": {"type": "Polygon", "coordinates": [[[73.65958333327568, 18.88541666667601], [73.65958333327568, 18.884583333342675], [73.66208333327567, 18.884583333342675], [73.66208333327567, 18.88541666667601], [73.65958333327568, 18.88541666667601]]]}}, {"type": "Feature", "properties": {"name": "Stream"}, "geometry": {"type": "Polygon", "coordinates": [[[73.85458333327564, 18.884583333342675], [73.85458333327564, 18.883750000009343], [73.85541666660897, 18.883750000009343], [73.85541666660897, 18.884583333342675], [73.85458333327564, 18.884583333342675]]]}}, {"type": "Feature", "properties": {"name": "Stream"}, "geometry": {"type": "Polygon", "coordinates": [[[73.66208333327567, 18.884583333342675], [73.66208333327567, 18.881250000009345], [73.66291666660902, 18.881250000009345], [73.66291666660902, 18.884583333342675], [73.66208333327567, 18.884583333342675]]]}}, {"type": "Feature", "properties": {"name": "Stream"}, "geometry": {"type": "Polygon", "coordinates": [[[73.85541666660897, 18.883750000009343], [73.85541666660897, 18.881250000009345], [73.8562499999423, 18.881250000009345], [73.8562499999423, 18.883750000009343], [73.85541666660897, 18.883750000009343]]]}}, {"type": "Feature", "properties": {"name": "Stream"}, "geometry": {"type": "Polygon", "coordinates": [[[73.85458333327564, 18.881250000009345], [73.85458333327564, 18.880416666676012], [73.85541666660897, 18.880416666676012], [73.85541666660897, 18.881250000009345], [73.85458333327564, 18.881250000009345]]]}}, {"type": "Feature", "properties": {"name": "Stream"}, "geometry": {"type": "Polygon", "coordinates": [[[73.85291666660898, 18.880416666676012], [73.85291666660898, 18.878750000009344], [73.85374999994231, 18.878750000009344], [73.85374999994231, 18.87958333334268], [73.85458333327564, 18.87958333334268], [73.85458333327564, 18.880416666676012], [73.85291666660898, 18.880416666676012]]]}}, {"type": "Feature", "properties": {"name": "Stream"}, "geometry": {"type": "Polygon", "coordinates": [[[73.66124999994234, 18.881250000009345], [73.66124999994234, 18.87791666667601], [73.66208333327567, 18.87791666667601], [73.66208333327567, 18.881250000009345], [73.66124999994234, 18.881250000009345]]]}}, {"type": "Feature", "properties": {"name": "Stream"}, "geometry": {"type": "Polygon", "coordinates": [[[73.85374999994231, 18.878750000009344], [73.85374999994231, 18.87791666667601], [73.85458333327564, 18.87791666667601], [73.85458333327564, 18.878750000009344], [73.85374999994231, 18.878750000009344]]]}}, {"type": "Feature", "properties": {"name": "Stream"}, "geometry": {"type": "Polygon", "coordinates": [[[73.66208333327567, 18.87791666667601], [73.66208333327567, 18.87708333334268], [73.66291666660902, 18.87708333334268], [73.66291666660902, 18.87791666667601], [73.66208333327567, 18.87791666667601]]]}}, {"type": "Feature", "properties": {"name": "Stream"}, "geometry": {"type": "Polygon", "coordinates": [[[73.85458333327564, 18.87791666667601], [73.85458333327564, 18.876250000009346], [73.85541666660897, 18.876250000009346], [73.85541666660897, 18.87791666667601], [73.85458333327564, 18.87791666667601]]]}}, {"type": "Feature", "properties": {"name": "Stream"}, "geometry": {"type": "Polygon", "coordinates": [[[73.66291666660902, 18.87708333334268], [73.66291666660902, 18.876250000009346], [73.66374999994235, 18.876250000009346], [73.66374999994235, 18.87708333334268], [73.66291666660902, 18.87708333334268]]]}}, {"type": "Feature", "properties": {"name": "Stream"}, "geometry": {"type": "Polygon", "coordinates": [[[73.66374999994235, 18.876250000009346], [73.66374999994235, 18.875416666676013], [73.66541666660902, 18.875416666676013], [73.66541666660902, 18.876250000009346], [73.66374999994235, 18.876250000009346]]]}}, {"type": "Feature", "properties": {"name": "Stream"}, "geometry": {"type": "Polygon", "coordinates": [[[73.66541666660902, 18.875416666676013], [73.66541666660902, 18.87458333334268], [73.66958333327568, 18.87458333334268], [73.66958333327568, 18.875416666676013], [73.66541666660902, 18.875416666676013]]]}}, {"type": "Feature", "properties": {"name": "Stream"}, "geometry": {"type": "Polygon", "coordinates": [[[73.99124999994227, 18.875416666676013], [73.99124999994227, 18.87458333334268], [73.9920833332756, 18.87458333334268], [73.9920833332756, 18.875416666676013], [73.99124999994227, 18.875416666676013]]]}}, {"type": "Feature", "properties": {"name": "Stream"}, "geometry": {"type": "Polygon", "coordinates": [[[73.85541666660897, 18.876250000009346], [73.85541666660897, 18.873750000009345], [73.8562499999423, 18.873750000009345], [73.8562499999423, 18.876250000009346], [73.85541666660897, 18.876250000009346]]]}}, {"type": "Feature", "properties": {"name": "Stream"}, "geometry": {"type": "Polygon", "coordinates": [[[73.66958333327568, 18.87458333334268], [73.66958333327568, 18.873750000009345], [73.67041666660901, 18.873750000009345], [73.67041666660901, 18.87458333334268], [73.66958333327568, 18.87458333334268]]]}}, {"type": "Feature", "properties": {"name": "Stream"}, "geometry": {"type": "Polygon", "coordinates": [[[73.9920833332756, 18.87458333334268], [73.9920833332756, 18.873750000009345], [73.99291666660893, 18.873750000009345], [73.99291666660893, 18.87458333334268], [73.9920833332756, 18.87458333334268]]]}}, {"type": "Feature", "properties": {"name": "Stream"}, "geometry": {"type": "Polygon", "coordinates": [[[73.99291666660893, 18.873750000009345], [73.99291666660893, 18.872916666676012], [73.99541666660893, 18.872916666676012], [73.99541666660893, 18.873750000009345], [73.99291666660893, 18.873750000009345]]]}}, {"type": "Feature", "properties": {"name": "Stream"}, "geometry": {"type": "Polygon", "coordinates": [[[73.8562499999423, 18.873750000009345], [73.8562499999423, 18.87208333334268], [73.85708333327564, 18.87208333334268], [73.85708333327564, 18.873750000009345], [73.8562499999423, 18.873750000009345]]]}}, {"type": "Feature", "properties": {"name": "Stream"}, "geometry": {"type": "Polygon", "coordinates": [[[73.99541666660893, 18.872916666676012], [73.99541666660893, 18.871250000009347], [73.99624999994228, 18.871250000009347], [73.99624999994228, 18.872916666676012], [73.99541666660893, 18.872916666676012]]]}}, {"type": "Feature", "properties": {"name": "Stream"}, "geometry": {"type": "Polygon", "coordinates": [[[73.85708333327564, 18.87208333334268], [73.85708333327564, 18.871250000009347], [73.85791666660897, 18.871250000009347], [73.85791666660897, 18.87208333334268], [73.85708333327564, 18.87208333334268]]]}}, {"type": "Feature", "properties": {"name": "Stream"}, "geometry": {"type": "Polygon", "coordinates": [[[73.66874999994235, 18.873750000009345], [73.66874999994235, 18.870416666676014], [73.66958333327568, 18.870416666676014], [73.66958333327568, 18.873750000009345], [73.66874999994235, 18.873750000009345]]]}}, {"type": "Feature", "properties": {"name": "Stream"}, "geometry": {"type": "Polygon", "coordinates": [[[73.85791666660897, 18.871250000009347], [73.85791666660897, 18.870416666676014], [73.86041666660897, 18.870416666676014], [73.86041666660897, 18.871250000009347], [73.85791666660897, 18.871250000009347]]]}}, {"type": "Feature", "properties": {"name": "Stream"}, "geometry": {"type": "Polygon", "coordinates": [[[73.99624999994228, 18.871250000009347], [73.99624999994228, 18.870416666676014], [73.99708333327561, 18.870416666676014], [73.99708333327561, 18.871250000009347], [73.99624999994228, 18.871250000009347]]]}}, {"type": "Feature", "properties": {"name": "Stream"}, "geometry": {"type": "Polygon", "coordinates": [[[73.66958333327568, 18.870416666676014], [73.66958333327568, 18.869583333342682], [73.67208333327568, 18.869583333342682], [73.67208333327568, 18.870416666676014], [73.66958333327568, 18.870416666676014]]]}}, {"type": "Feature", "properties": {"name": "Stream"}, "geometry": {"type": "Polygon", "coordinates": [[[73.86041666660897, 18.870416666676014], [73.86041666660897, 18.869583333342682], [73.8612499999423, 18.869583333342682], [73.8612499999423, 18.870416666676014], [73.86041666660897, 18.870416666676014]]]}}, {"type": "Feature", "properties": {"name": "Stream"}, "geometry": {"type": "Polygon", "coordinates": [[[73.67208333327568, 18.869583333342682], [73.67208333327568, 18.868750000009346], [73.67291666660901, 18.868750000009346], [73.67291666660901, 18.869583333342682], [73.67208333327568, 18.869583333342682]]]}}, {"type": "Feature", "properties": {"name": "Stream"}, "geometry": {"type": "Polygon", "coordinates": [[[73.99708333327561, 18.870416666676014], [73.99708333327561, 18.867916666676013], [73.99791666660894, 18.867916666676013], [73.99791666660894, 18.870416666676014], [73.99708333327561, 18.870416666676014]]]}}, {"type": "Feature", "properties": {"name": "Stream"}, "geometry": {"type": "Polygon", "coordinates": [[[73.67291666660901, 18.868750000009346], [73.67291666660901, 18.867916666676013], [73.67374999994234, 18.867916666676013], [73.67374999994234, 18.868750000009346], [73.67291666660901, 18.868750000009346]]]}}, {"type": "Feature", "properties": {"name": "Stream"}, "geometry": {"type": "Polygon", "coordinates": [[[73.67374999994234, 18.867916666676013], [73.67374999994234, 18.86708333334268], [73.67458333327568, 18.86708333334268], [73.67458333327568, 18.867916666676013], [73.67374999994234, 18.867916666676013]]]}}, {"type": "Feature", "properties": {"name": "Stream"}, "geometry": {"type": "Polygon", "coordinates": [[[73.99624999994228, 18.867916666676013], [73.99624999994228, 18.86708333334268], [73.99708333327561, 18.86708333334268], [73.99708333327561, 18.867916666676013], [73.99624999994228, 18.867916666676013]]]}}, {"type": "Feature", "properties": {"name": "Stream"}, "geometry": {"type": "Polygon", "coordinates": [[[73.67458333327568, 18.86708333334268], [73.67458333327568, 18.866250000009348], [73.67541666660901, 18.866250000009348], [73.67541666660901, 18.86708333334268], [73.67458333327568, 18.86708333334268]]]}}, {"type": "Feature", "properties": {"name": "Stream"}, "geometry": {"type": "Polygon", "coordinates": [[[73.99708333327561, 18.86708333334268], [73.99708333327561, 18.866250000009348], [73.99791666660894, 18.866250000009348], [73.99791666660894, 18.86708333334268], [73.99708333327561, 18.86708333334268]]]}}, {"type": "Feature", "properties": {"name": "Stream"}, "geometry": {"type": "Polygon", "coordinates": [[[73.67541666660901, 18.866250000009348], [73.67541666660901, 18.865416666676015], [73.67624999994234, 18.865416666676015], [73.67624999994234, 18.866250000009348], [73.67541666660901, 18.866250000009348]]]}}, {"type": "Feature", "properties": {"name": "Stream"}, "geometry": {"type": "Polygon", "coordinates": [[[73.99791666660894, 18.866250000009348], [73.99791666660894, 18.865416666676015], [73.99874999994228, 18.865416666676015], [73.99874999994228, 18.866250000009348], [73.99791666660894, 18.866250000009348]]]}}, {"type": "Feature", "properties": {"name": "Stream"}, "geometry": {"type": "Polygon", "coordinates": [[[73.8612499999423, 18.869583333342682], [73.8612499999423, 18.864583333342683], [73.86208333327563, 18.864583333342683], [73.86208333327563, 18.869583333342682], [73.8612499999423, 18.869583333342682]]]}}, {"type": "Feature", "properties": {"name": "Stream"}, "geometry": {"type": "Polygon", "coordinates": [[[73.67624999994234, 18.865416666676015], [73.67624999994234, 18.864583333342683], [73.67708333327568, 18.864583333342683], [73.67708333327568, 18.865416666676015], [73.67624999994234, 18.865416666676015]]]}}, {"type": "Feature", "properties": {"name": "Stream"}, "geometry": {"type": "Polygon", "coordinates": [[[73.99874999994228, 18.865416666676015], [73.99874999994228, 18.864583333342683], [73.99958333327561, 18.864583333342683], [73.99958333327561, 18.865416666676015], [73.99874999994228, 18.865416666676015]]]}}, {"type": "Feature", "properties": {"name": "Stream"}, "geometry": {"type": "Polygon", "coordinates": [[[73.86208333327563, 18.864583333342683], [73.86208333327563, 18.863750000009347], [73.86291666660897, 18.863750000009347], [73.86291666660897, 18.864583333342683], [73.86208333327563, 18.864583333342683]]]}}, {"type": "Feature", "properties": {"name": "Stream"}, "geometry": {"type": "Polygon", "coordinates": [[[73.99958333327561, 18.864583333342683], [73.99958333327561, 18.863750000009347], [74.00041666660894, 18.863750000009347], [74.00041666660894, 18.864583333342683], [73.99958333327561, 18.864583333342683]]]}}, {"type": "Feature", "properties": {"name": "Stream"}, "geometry": {"type": "Polygon", "coordinates": [[[73.67708333327568, 18.864583333342683], [73.67708333327568, 18.862916666676014], [73.67791666660901, 18.862916666676014], [73.67791666660901, 18.864583333342683], [73.67708333327568, 18.864583333342683]]]}}, {"type": "Feature", "properties": {"name": "Stream"}, "geometry": {"type": "Polygon", "coordinates": [[[73.86291666660897, 18.863750000009347], [73.86291666660897, 18.862916666676014], [73.8687499999423, 18.862916666676014], [73.8687499999423, 18.863750000009347], [73.86291666660897, 18.863750000009347]]]}}, {"type": "Feature", "properties": {"name": "Stream"}, "geometry": {"type": "Polygon", "coordinates": [[[74.00041666660894, 18.863750000009347], [74.00041666660894, 18.862916666676014], [74.00124999994227, 18.862916666676014], [74.00124999994227, 18.863750000009347], [74.00041666660894, 18.863750000009347]]]}}, {"type": "Feature", "properties": {"name": "Stream"}, "geometry": {"type": "Polygon", "coordinates": [[[73.67791666660901, 18.862916666676014], [73.67791666660901, 18.86208333334268], [73.67874999994234, 18.86208333334268], [73.67874999994234, 18.862916666676014], [73.67791666660901, 18.862916666676014]]]}}, {"type": "Feature", "properties": {"name": "Stream"}, "geometry": {"type": "Polygon", "coordinates": [[[73.8687499999423, 18.862916666676014], [73.8687499999423, 18.86208333334268], [73.86958333327563, 18.86208333334268], [73.86958333327563, 18.862916666676014], [73.8687499999423, 18.862916666676014]]]}}, {"type": "Feature", "properties": {"name": "Stream"}, "geometry": {"type": "Polygon", "coordinates": [[[74.00124999994227, 18.862916666676014], [74.00124999994227, 18.86208333334268], [74.0020833332756, 18.86208333334268], [74.0020833332756, 18.862916666676014], [74.00124999994227, 18.862916666676014]]]}}, {"type": "Feature", "properties": {"name": "Stream"}, "geometry": {"type": "Polygon", "coordinates": [[[73.67874999994234, 18.86208333334268], [73.67874999994234, 18.86125000000935], [73.67958333327567, 18.86125000000935], [73.67958333327567, 18.86208333334268], [73.67874999994234, 18.86208333334268]]]}}, {"type": "Feature", "properties": {"name": "Stream"}, "geometry": {"type": "Polygon", "coordinates": [[[74.0020833332756, 18.86208333334268], [74.0020833332756, 18.86125000000935], [74.0070833332756, 18.86125000000935], [74.0070833332756, 18.86208333334268], [74.0020833332756, 18.86208333334268]]]}}, {"type": "Feature", "properties": {"name": "Stream"}, "geometry": {"type": "Polygon", "coordinates": [[[73.67958333327567, 18.86125000000935], [73.67958333327567, 18.860416666676016], [73.68124999994234, 18.860416666676016], [73.68124999994234, 18.86125000000935], [73.67958333327567, 18.86125000000935]]]}}, {"type": "Feature", "properties": {"name": "Stream"}, "geometry": {"type": "Polygon", "coordinates": [[[74.0070833332756, 18.86125000000935], [74.0070833332756, 18.860416666676016], [74.00791666660893, 18.860416666676016], [74.00791666660893, 18.86125000000935], [74.0070833332756, 18.86125000000935]]]}}, {"type": "Feature", "properties": {"name": "Stream"}, "geometry": {"type": "Polygon", "coordinates": [[[73.68124999994234, 18.860416666676016], [73.68124999994234, 18.859583333342684], [73.682916666609, 18.859583333342684], [73.682916666609, 18.860416666676016], [73.68124999994234, 18.860416666676016]]]}}, {"type": "Feature", "properties": {"name": "Stream"}, "geometry": {"type": "Polygon", "coordinates": [[[74.00791666660893, 18.860416666676016], [74.00791666660893, 18.859583333342684], [74.00874999994227, 18.859583333342684], [74.00874999994227, 18.860416666676016], [74.00791666660893, 18.860416666676016]]]}}, {"type": "Feature", "properties": {"name": "Stream"}, "geometry": {"type": "Polygon", "coordinates": [[[73.682916666609, 18.859583333342684], [73.682916666609, 18.85875000000935], [73.68374999994235, 18.85875000000935], [73.68374999994235, 18.859583333342684], [73.682916666609, 18.859583333342684]]]}}, {"type": "Feature", "properties": {"name": "Stream"}, "geometry": {"type": "Polygon", "coordinates": [[[74.00874999994227, 18.859583333342684], [74.00874999994227, 18.85875000000935], [74.0095833332756, 18.85875000000935], [74.0095833332756, 18.859583333342684], [74.00874999994227, 18.859583333342684]]]}}, {"type": "Feature", "properties": {"name": "Stream"}, "geometry": {"type": "Polygon", "coordinates": [[[73.86958333327563, 18.86208333334268], [73.86958333327563, 18.857916666676015], [73.87041666660896, 18.857916666676015], [73.87041666660896, 18.86208333334268], [73.86958333327563, 18.86208333334268]]]}}, {"type": "Feature", "properties": {"name": "Stream"}, "geometry": {"type": "Polygon", "coordinates": [[[73.68374999994235, 18.85875000000935], [73.68374999994235, 18.857916666676015], [73.68458333327568, 18.857916666676015], [73.68458333327568, 18.85875000000935], [73.68374999994235, 18.85875000000935]]]}}, {"type": "Feature", "properties": {"name": "Stream"}, "geometry": {"type": "Polygon", "coordinates": [[[74.00791666660893, 18.85875000000935], [74.00791666660893, 18.857083333342683], [74.00874999994227, 18.857083333342683], [74.00874999994227, 18.85875000000935], [74.00791666660893, 18.85875000000935]]]}}, {"type": "Feature", "properties": {"name": "Stream"}, "geometry": {"type": "Polygon", "coordinates": [[[73.87041666660896, 18.857916666676015], [73.87041666660896, 18.857083333342683], [73.87124999994231, 18.857083333342683], [73.87124999994231, 18.857916666676015], [73.87041666660896, 18.857916666676015]]]}}, {"type": "Feature", "properties": {"name": "Stream"}, "geometry": {"type": "Polygon", "coordinates": [[[73.87124999994231, 18.857083333342683], [73.87124999994231, 18.85625000000935], [73.87208333327564, 18.85625000000935], [73.87208333327564, 18.857083333342683], [73.87124999994231, 18.857083333342683]]]}}, {"type": "Feature", "properties": {"name": "Stream"}, "geometry": {"type": "Polygon", "coordinates": [[[73.68458333327568, 18.857916666676015], [73.68458333327568, 18.855416666676017], [73.68541666660902, 18.855416666676017], [73.68541666660902, 18.857916666676015], [73.68458333327568, 18.857916666676015]]]}}, {"type": "Feature", "properties": {"name": "Stream"}, "geometry": {"type": "Polygon", "coordinates": [[[73.87208333327564, 18.85625000000935], [73.87208333327564, 18.855416666676017], [73.87291666660897, 18.855416666676017], [73.87291666660897, 18.85625000000935], [73.87208333327564, 18.85625000000935]]]}}, {"type": "Feature", "properties": {"name": "Stream"}, "geometry": {"type": "Polygon", "coordinates": [[[74.0070833332756, 18.857083333342683], [74.0070833332756, 18.854583333342685], [74.00791666660893, 18.854583333342685], [74.00791666660893, 18.857083333342683], [74.0070833332756, 18.857083333342683]]]}}, {"type": "Feature", "properties": {"name": "Stream"}, "geometry": {"type": "Polygon", "coordinates": [[[73.68541666660902, 18.855416666676017], [73.68541666660902, 18.854583333342685], [73.68874999994235, 18.854583333342685], [73.68874999994235, 18.855416666676017], [73.68541666660902, 18.855416666676017]]]}}, {"type": "Feature", "properties": {"name": "Stream"}, "geometry": {"type": "Polygon", "coordinates": [[[73.87291666660897, 18.855416666676017], [73.87291666660897, 18.854583333342685], [73.8737499999423, 18.854583333342685], [73.8737499999423, 18.855416666676017], [73.87291666660897, 18.855416666676017]]]}}, {"type": "Feature", "properties": {"name": "Stream"}, "geometry": {"type": "Polygon", "coordinates": [[[73.8737499999423, 18.854583333342685], [73.8737499999423, 18.853750000009352], [73.87458333327564, 18.853750000009352], [73.87458333327564, 18.854583333342685], [73.8737499999423, 18.854583333342685]]]}}, {"type": "Feature", "properties": {"name": "Stream"}, "geometry": {"type": "Polygon", "coordinates": [[[73.68874999994235, 18.854583333342685], [73.68874999994235, 18.852916666676016], [73.68958333327568, 18.852916666676016], [73.68958333327568, 18.854583333342685], [73.68874999994235, 18.854583333342685]]]}}, {"type": "Feature", "properties": {"name": "Stream"}, "geometry": {"type": "Polygon", "coordinates": [[[73.87458333327564, 18.853750000009352], [73.87458333327564, 18.852916666676016], [73.8762499999423, 18.852916666676016], [73.8762499999423, 18.853750000009352], [73.87458333327564, 18.853750000009352]]]}}, {"type": "Feature", "properties": {"name": "Stream"}, "geometry": {"type": "Polygon", "coordinates": [[[73.8762499999423, 18.852916666676016], [73.8762499999423, 18.852083333342684], [73.87708333327564, 18.852083333342684], [73.87708333327564, 18.852916666676016], [73.8762499999423, 18.852916666676016]]]}}, {"type": "Feature", "properties": {"name": "Stream"}, "geometry": {"type": "Polygon", "coordinates": [[[74.00624999994227, 18.854583333342685], [74.00624999994227, 18.85125000000935], [74.0070833332756, 18.85125000000935], [74.0070833332756, 18.854583333342685], [74.00624999994227, 18.854583333342685]]]}}, {"type": "Feature", "properties": {"name": "Stream"}, "geometry": {"type": "Polygon", "coordinates": [[[73.68791666660901, 18.852916666676016], [73.68791666660901, 18.85125000000935], [73.68874999994235, 18.85125000000935], [73.68874999994235, 18.852916666676016], [73.68791666660901, 18.852916666676016]]]}}, {"type": "Feature", "properties": {"name": "Stream"}, "geometry": {"type": "Polygon", "coordinates": [[[73.87708333327564, 18.852083333342684], [73.87708333327564, 18.85125000000935], [73.87791666660897, 18.85125000000935], [73.87791666660897, 18.852083333342684], [73.87708333327564, 18.852083333342684]]]}}, {"type": "Feature", "properties": {"name": "Stream"}, "geometry": {"type": "Polygon", "coordinates": [[[73.68874999994235, 18.85125000000935], [73.68874999994235, 18.85041666667602], [73.68958333327568, 18.85041666667602], [73.68958333327568, 18.85125000000935], [73.68874999994235, 18.85125000000935]]]}}, {"type": "Feature", "properties": {"name": "Stream"}, "geometry": {"type": "Polygon", "coordinates": [[[73.87791666660897, 18.85125000000935], [73.87791666660897, 18.85041666667602], [73.8812499999423, 18.85041666667602], [73.8812499999423, 18.85125000000935], [73.87791666660897, 18.85125000000935]]]}}, {"type": "Feature", "properties": {"name": "Stream"}, "geometry": {"type": "Polygon", "coordinates": [[[74.00541666660894, 18.85125000000935], [74.00541666660894, 18.849583333342686], [74.00624999994227, 18.849583333342686], [74.00624999994227, 18.85125000000935], [74.00541666660894, 18.85125000000935]]]}}, {"type": "Feature", "properties": {"name": "Stream"}, "geometry": {"type": "Polygon", "coordinates": [[[73.8812499999423, 18.85041666667602], [73.8812499999423, 18.849583333342686], [73.88458333327563, 18.849583333342686], [73.88458333327563, 18.85041666667602], [73.8812499999423, 18.85041666667602]]]}}, {"type": "Feature", "properties": {"name": "Stream"}, "geometry": {"type": "Polygon", "coordinates": [[[73.88458333327563, 18.849583333342686], [73.88458333327563, 18.848750000009353], [73.88541666660896, 18.848750000009353], [73.88541666660896, 18.849583333342686], [73.88458333327563, 18.849583333342686]]]}}, {"type": "Feature", "properties": {"name": "Stream"}, "geometry": {"type": "Polygon", "coordinates": [[[74.00624999994227, 18.849583333342686], [74.00624999994227, 18.847916666676017], [74.0070833332756, 18.847916666676017], [74.0070833332756, 18.849583333342686], [74.00624999994227, 18.849583333342686]]]}}, {"type": "Feature", "properties": {"name": "Stream"}, "geometry": {"type": "Polygon", "coordinates": [[[73.88541666660896, 18.848750000009353], [73.88541666660896, 18.847916666676017], [73.8862499999423, 18.847916666676017], [73.8862499999423, 18.848750000009353], [73.88541666660896, 18.848750000009353]]]}}, {"type": "Feature", "properties": {"name": "Stream"}, "geometry": {"type": "Polygon", "coordinates": [[[73.8862499999423, 18.847916666676017], [73.8862499999423, 18.847083333342685], [73.88708333327563, 18.847083333342685], [73.88708333327563, 18.847916666676017], [73.8862499999423, 18.847916666676017]]]}}, {"type": "Feature", "properties": {"name": "Stream"}, "geometry": {"type": "Polygon", "coordinates": [[[74.0070833332756, 18.847916666676017], [74.0070833332756, 18.847083333342685], [74.00791666660893, 18.847083333342685], [74.00791666660893, 18.847916666676017], [74.0070833332756, 18.847916666676017]]]}}, {"type": "Feature", "properties": {"name": "Stream"}, "geometry": {"type": "Polygon", "coordinates": [[[73.68958333327568, 18.85041666667602], [73.68958333327568, 18.846250000009352], [73.69041666660901, 18.846250000009352], [73.69041666660901, 18.85041666667602], [73.68958333327568, 18.85041666667602]]]}}, {"type": "Feature", "properties": {"name": "Stream"}, "geometry": {"type": "Polygon", "coordinates": [[[74.00791666660893, 18.847083333342685], [74.00791666660893, 18.846250000009352], [74.00874999994227, 18.846250000009352], [74.00874999994227, 18.847083333342685], [74.00791666660893, 18.847083333342685]]]}}, {"type": "Feature", "properties": {"name": "Stream"}, "geometry": {"type": "Polygon", "coordinates": [[[73.69041666660901, 18.846250000009352], [73.69041666660901, 18.84541666667602], [73.69124999994234, 18.84541666667602], [73.69124999994234, 18.846250000009352], [73.69041666660901, 18.846250000009352]]]}}, {"type": "Feature", "properties": {"name": "Stream"}, "geometry": {"type": "Polygon", "coordinates": [[[74.00874999994227, 18.846250000009352], [74.00874999994227, 18.84541666667602], [74.0120833332756, 18.84541666667602], [74.0120833332756, 18.846250000009352], [74.00874999994227, 18.846250000009352]]]}}, {"type": "Feature", "properties": {"name": "Stream"}, "geometry": {"type": "Polygon", "coordinates": [[[73.58291666660904, 18.84541666667602], [73.58291666660904, 18.844583333342687], [73.58374999994237, 18.844583333342687], [73.58374999994237, 18.84541666667602], [73.58291666660904, 18.84541666667602]]]}}, {"type": "Feature", "properties": {"name": "Stream"}, "geometry": {"type": "Polygon", "coordinates": [[[73.58624999994237, 18.84541666667602], [73.58624999994237, 18.844583333342687], [73.58791666660903, 18.844583333342687], [73.58791666660903, 18.84541666667602], [73.58624999994237, 18.84541666667602]]]}}, {"type": "Feature", "properties": {"name": "Stream"}, "geometry": {"type": "Polygon", "coordinates": [[[73.69124999994234, 18.84541666667602], [73.69124999994234, 18.844583333342687], [73.69208333327568, 18.844583333342687], [73.69208333327568, 18.84541666667602], [73.69124999994234, 18.84541666667602]]]}}, {"type": "Feature", "properties": {"name": "Stream"}, "geometry": {"type": "Polygon", "coordinates": [[[73.695416666609, 18.84541666667602], [73.695416666609, 18.844583333342687], [73.69708333327567, 18.844583333342687], [73.69708333327567, 18.84541666667602], [73.695416666609, 18.84541666667602]]]}}, {"type": "Feature", "properties": {"name": "Stream"}, "geometry": {"type": "Polygon", "coordinates": [[[74.0120833332756, 18.84541666667602], [74.0120833332756, 18.843750000009354], [74.01291666660893, 18.843750000009354], [74.01291666660893, 18.84541666667602], [74.0120833332756, 18.84541666667602]]]}}, {"type": "Feature", "properties": {"name": "Stream"}, "geometry": {"type": "Polygon", "coordinates": [[[73.58374999994237, 18.844583333342687], [73.58374999994237, 18.843750000009354], [73.58624999994237, 18.843750000009354], [73.58624999994237, 18.844583333342687], [73.58374999994237, 18.844583333342687]]]}}, {"type": "Feature", "properties": {"name": "Stream"}, "geometry": {"type": "Polygon", "coordinates": [[[73.69208333327568, 18.844583333342687], [73.69208333327568, 18.843750000009354], [73.695416666609, 18.843750000009354], [73.695416666609, 18.844583333342687], [73.69208333327568, 18.844583333342687]]]}}, {"type": "Feature", "properties": {"name": "Stream"}, "geometry": {"type": "Polygon", "coordinates": [[[73.69708333327567, 18.844583333342687], [73.69708333327567, 18.843750000009354], [73.697916666609, 18.843750000009354], [73.697916666609, 18.844583333342687], [73.69708333327567, 18.844583333342687]]]}}, {"type": "Feature", "properties": {"name": "Stream"}, "geometry": {"type": "Polygon", "coordinates": [[[73.88708333327563, 18.847083333342685], [73.88708333327563, 18.842916666676018], [73.88791666660896, 18.842916666676018], [73.88791666660896, 18.847083333342685], [73.88708333327563, 18.847083333342685]]]}}, {"type": "Feature", "properties": {"name": "Stream"}, "geometry": {"type": "Polygon", "coordinates": [[[73.697916666609, 18.843750000009354], [73.697916666609, 18.842916666676018], [73.69874999994234, 18.842916666676018], [73.69874999994234, 18.843750000009354], [73.697916666609, 18.843750000009354]]]}}, {"type": "Feature", "properties": {"name": "Stream"}, "geometry": {"type": "Polygon", "coordinates": [[[74.01124999994227, 18.843750000009354], [74.01124999994227, 18.842916666676018], [74.0120833332756, 18.842916666676018], [74.0120833332756, 18.843750000009354], [74.01124999994227, 18.843750000009354]]]}}, {"type": "Feature", "properties": {"name": "Stream"}, "geometry": {"type": "Polygon", "coordinates": [[[73.69874999994234, 18.842916666676018], [73.69874999994234, 18.842083333342686], [73.702916666609, 18.842083333342686], [73.702916666609, 18.842916666676018], [73.69874999994234, 18.842916666676018]]]}}, {"type": "Feature", "properties": {"name": "Stream"}, "geometry": {"type": "Polygon", "coordinates": [[[73.71124999994234, 18.842916666676018], [73.71124999994234, 18.842083333342686], [73.71624999994233, 18.842083333342686], [73.71624999994233, 18.842916666676018], [73.71124999994234, 18.842916666676018]]]}}, {"type": "Feature", "properties": {"name": "Stream"}, "geometry": {"type": "Polygon", "coordinates": [[[73.88791666660896, 18.842916666676018], [73.88791666660896, 18.842083333342686], [73.88874999994229, 18.842083333342686], [73.88874999994229, 18.842916666676018], [73.88791666660896, 18.842916666676018]]]}}, {"type": "Feature", "properties": {"name": "Stream"}, "geometry": {"type": "Polygon", "coordinates": [[[74.01041666660893, 18.842916666676018], [74.01041666660893, 18.842083333342686], [74.01124999994227, 18.842083333342686], [74.01124999994227, 18.842916666676018], [74.01041666660893, 18.842916666676018]]]}}, {"type": "Feature", "properties": {"name": "Stream"}, "geometry": {"type": "Polygon", "coordinates": [[[73.702916666609, 18.842083333342686], [73.702916666609, 18.841250000009353], [73.71124999994234, 18.841250000009353], [73.71124999994234, 18.842083333342686], [73.702916666609, 18.842083333342686]]]}}, {"type": "Feature", "properties": {"name": "Stream"}, "geometry": {"type": "Polygon", "coordinates": [[[73.71624999994233, 18.842083333342686], [73.71624999994233, 18.841250000009353], [73.71708333327567, 18.841250000009353], [73.71708333327567, 18.842083333342686], [73.71624999994233, 18.842083333342686]]]}}, {"type": "Feature", "properties": {"name": "Stream"}, "geometry": {"type": "Polygon", "coordinates": [[[74.0095833332756, 18.842083333342686], [74.0095833332756, 18.841250000009353], [74.01041666660893, 18.841250000009353], [74.01041666660893, 18.842083333342686], [74.0095833332756, 18.842083333342686]]]}}, {"type": "Feature", "properties": {"name": "Stream"}, "geometry": {"type": "Polygon", "coordinates": [[[73.58791666660903, 18.844583333342687], [73.58791666660903, 18.84041666667602], [73.58874999994237, 18.84041666667602], [73.58874999994237, 18.844583333342687], [73.58791666660903, 18.844583333342687]]]}}, {"type": "Feature", "properties": {"name": "Stream"}, "geometry": {"type": "Polygon", "coordinates": [[[73.71708333327567, 18.841250000009353], [73.71708333327567, 18.84041666667602], [73.717916666609, 18.84041666667602], [73.717916666609, 18.841250000009353], [73.71708333327567, 18.841250000009353]]]}}, {"type": "Feature", "properties": {"name": "Stream"}, "geometry": {"type": "Polygon", "coordinates": [[[74.00874999994227, 18.841250000009353], [74.00874999994227, 18.839583333342688], [74.0095833332756, 18.839583333342688], [74.0095833332756, 18.841250000009353], [74.00874999994227, 18.841250000009353]]]}}, {"type": "Feature", "properties": {"name": "Stream"}, "geometry": {"type": "Polygon", "coordinates": [[[73.58874999994237, 18.84041666667602], [73.58874999994237, 18.839583333342688], [73.5895833332757, 18.839583333342688], [73.5895833332757, 18.84041666667602], [73.58874999994237, 18.84041666667602]]]}}, {"type": "Feature", "properties": {"name": "Stream"}, "geometry": {"type": "Polygon", "coordinates": [[[73.717916666609, 18.84041666667602], [73.717916666609, 18.839583333342688], [73.71874999994233, 18.839583333342688], [73.71874999994233, 18.84041666667602], [73.717916666609, 18.84041666667602]]]}}, {"type": "Feature", "properties": {"name": "Stream"}, "geometry": {"type": "Polygon", "coordinates": [[[73.5895833332757, 18.839583333342688], [73.5895833332757, 18.838750000009355], [73.59291666660903, 18.838750000009355], [73.59291666660903, 18.839583333342688], [73.5895833332757, 18.839583333342688]]]}}, {"type": "Feature", "properties": {"name": "Stream"}, "geometry": {"type": "Polygon", "coordinates": [[[73.71874999994233, 18.839583333342688], [73.71874999994233, 18.838750000009355], [73.71958333327566, 18.838750000009355], [73.71958333327566, 18.839583333342688], [73.71874999994233, 18.839583333342688]]]}}, {"type": "Feature", "properties": {"name": "Stream"}, "geometry": {"type": "Polygon", "coordinates": [[[73.88708333327563, 18.842083333342686], [73.88708333327563, 18.837916666676023], [73.88791666660896, 18.837916666676023], [73.88791666660896, 18.842083333342686], [73.88708333327563, 18.842083333342686]]]}}, {"type": "Feature", "properties": {"name": "Stream"}, "geometry": {"type": "Polygon", "coordinates": [[[74.00791666660893, 18.839583333342688], [74.00791666660893, 18.837916666676023], [74.00874999994227, 18.837916666676023], [74.00874999994227, 18.839583333342688], [74.00791666660893, 18.839583333342688]]]}}, {"type": "Feature", "properties": {"name": "Stream"}, "geometry": {"type": "Polygon", "coordinates": [[[73.71958333327566, 18.838750000009355], [73.71958333327566, 18.837916666676023], [73.720416666609, 18.837916666676023], [73.720416666609, 18.838750000009355], [73.71958333327566, 18.838750000009355]]]}}, {"type": "Feature", "properties": {"name": "Stream"}, "geometry": {"type": "Polygon", "coordinates": [[[73.59291666660903, 18.838750000009355], [73.59291666660903, 18.837083333342687], [73.59374999994236, 18.837083333342687], [73.59374999994236, 18.838750000009355], [73.59291666660903, 18.838750000009355]]]}}, {"type": "Feature", "properties": {"name": "Stream"}, "geometry": {"type": "Polygon", "coordinates": [[[73.720416666609, 18.837916666676023], [73.720416666609, 18.837083333342687], [73.72124999994233, 18.837083333342687], [73.72124999994233, 18.837916666676023], [73.720416666609, 18.837916666676023]]]}}, {"type": "Feature", "properties": {"name": "Stream"}, "geometry": {"type": "Polygon", "coordinates": [[[73.5920833332757, 18.837083333342687], [73.5920833332757, 18.836250000009354], [73.59291666660903, 18.836250000009354], [73.59291666660903, 18.837083333342687], [73.5920833332757, 18.837083333342687]]]}}, {"type": "Feature", "properties": {"name": "Stream"}, "geometry": {"type": "Polygon", "coordinates": [[[73.72124999994233, 18.837083333342687], [73.72124999994233, 18.836250000009354], [73.72208333327566, 18.836250000009354], [73.72208333327566, 18.837083333342687], [73.72124999994233, 18.837083333342687]]]}}, {"type": "Feature", "properties": {"name": "Stream"}, "geometry": {"type": "Polygon", "coordinates": [[[73.8862499999423, 18.837916666676023], [73.8862499999423, 18.837083333342687], [73.88458333327563, 18.837083333342687], [73.88458333327563, 18.836250000009354], [73.88708333327563, 18.836250000009354], [73.88708333327563, 18.837916666676023], [73.8862499999423, 18.837916666676023]]]}}, {"type": "Feature", "properties": {"name": "Stream"}, "geometry": {"type": "Polygon", "coordinates": [[[73.59124999994236, 18.836250000009354], [73.59124999994236, 18.83541666667602], [73.5920833332757, 18.83541666667602], [73.5920833332757, 18.836250000009354], [73.59124999994236, 18.836250000009354]]]}}, {"type": "Feature", "properties": {"name": "Stream"}, "geometry": {"type": "Polygon", "coordinates": [[[73.72208333327566, 18.836250000009354], [73.72208333327566, 18.83541666667602], [73.722916666609, 18.83541666667602], [73.722916666609, 18.836250000009354], [73.72208333327566, 18.836250000009354]]]}}, {"type": "Feature", "properties": {"name": "Stream"}, "geometry": {"type": "Polygon", "coordinates": [[[73.730416666609, 18.836250000009354], [73.730416666609, 18.83541666667602], [73.73208333327567, 18.83541666667602], [73.73208333327567, 18.836250000009354], [73.730416666609, 18.836250000009354]]]}}, {"type": "Feature", "properties": {"name": "Stream"}, "geometry": {"type": "Polygon", "coordinates": [[[74.0070833332756, 18.837916666676023], [74.0070833332756, 18.83458333334269], [74.00791666660893, 18.83458333334269], [74.00791666660893, 18.837916666676023], [74.0070833332756, 18.837916666676023]]]}}, {"type": "Feature", "properties": {"name": "Stream"}, "geometry": {"type": "Polygon", "coordinates": [[[73.5945833332757, 18.83541666667602], [73.5945833332757, 18.83458333334269], [73.59874999994236, 18.83458333334269], [73.59874999994236, 18.83541666667602], [73.5945833332757, 18.83541666667602]]]}}, {"type": "Feature", "properties": {"name": "Stream"}, "geometry": {"type": "Polygon", "coordinates": [[[73.722916666609, 18.83541666667602], [73.722916666609, 18.83458333334269], [73.72374999994233, 18.83458333334269], [73.72374999994233, 18.83541666667602], [73.722916666609, 18.83541666667602]]]}}, {"type": "Feature", "properties": {"name": "Stream"}, "geometry": {"type": "Polygon", "coordinates": [[[73.72874999994234, 18.83541666667602], [73.72874999994234, 18.83458333334269], [73.730416666609, 18.83458333334269], [73.730416666609, 18.83541666667602], [73.72874999994234, 18.83541666667602]]]}}, {"type": "Feature", "properties": {"name": "Stream"}, "geometry": {"type": "Polygon", "coordinates": [[[73.73208333327567, 18.83541666667602], [73.73208333327567, 18.83458333334269], [73.732916666609, 18.83458333334269], [73.732916666609, 18.83541666667602], [73.73208333327567, 18.83541666667602]]]}}, {"type": "Feature", "properties": {"name": "Stream"}, "geometry": {"type": "Polygon", "coordinates": [[[73.8837499999423, 18.836250000009354], [73.8837499999423, 18.833750000009356], [73.88458333327563, 18.833750000009356], [73.88458333327563, 18.836250000009354], [73.8837499999423, 18.836250000009354]]]}}, {"type": "Feature", "properties": {"name": "Stream"}, "geometry": {"type": "Polygon", "coordinates": [[[73.59041666660903, 18.83541666667602], [73.59041666660903, 18.833750000009356], [73.59124999994236, 18.833750000009356], [73.59124999994236, 18.83541666667602], [73.59041666660903, 18.83541666667602]]]}}, {"type": "Feature", "properties": {"name": "Stream"}, "geometry": {"type": "Polygon", "coordinates": [[[73.59374999994236, 18.83458333334269], [73.59374999994236, 18.833750000009356], [73.5945833332757, 18.833750000009356], [73.5945833332757, 18.83458333334269], [73.59374999994236, 18.83458333334269]]]}}, {"type": "Feature", "properties": {"name": "Stream"}, "geometry": {"type": "Polygon", "coordinates": [[[73.59874999994236, 18.83458333334269], [73.59874999994236, 18.833750000009356], [73.59958333327569, 18.833750000009356], [73.59958333327569, 18.83458333334269], [73.59874999994236, 18.83458333334269]]]}}, {"type": "Feature", "properties": {"name": "Stream"}, "geometry": {"type": "Polygon", "coordinates": [[[73.6095833332757, 18.83458333334269], [73.6095833332757, 18.833750000009356], [73.61041666660903, 18.833750000009356], [73.61041666660903, 18.83458333334269], [73.6095833332757, 18.83458333334269]]]}}, {"type": "Feature", "properties": {"name": "Stream"}, "geometry": {"type": "Polygon", "coordinates": [[[73.72374999994233, 18.83458333334269], [73.72374999994233, 18.833750000009356], [73.72458333327566, 18.833750000009356], [73.72458333327566, 18.83458333334269], [73.72374999994233, 18.83458333334269]]]}}, {"type": "Feature", "properties": {"name": "Stream"}, "geometry": {"type": "Polygon", "coordinates": [[[73.727916666609, 18.83458333334269], [73.727916666609, 18.833750000009356], [73.72874999994234, 18.833750000009356], [73.72874999994234, 18.83458333334269], [73.727916666609, 18.83458333334269]]]}}, {"type": "Feature", "properties": {"name": "Stream"}, "geometry": {"type": "Polygon", "coordinates": [[[73.732916666609, 18.83458333334269], [73.732916666609, 18.833750000009356], [73.73374999994233, 18.833750000009356], [73.73374999994233, 18.83458333334269], [73.732916666609, 18.83458333334269]]]}}, {"type": "Feature", "properties": {"name": "Stream"}, "geometry": {"type": "Polygon", "coordinates": [[[74.00624999994227, 18.83458333334269], [74.00624999994227, 18.833750000009356], [74.0070833332756, 18.833750000009356], [74.0070833332756, 18.83458333334269], [74.00624999994227, 18.83458333334269]]]}}, {"type": "Feature", "properties": {"name": "Stream"}, "geometry": {"type": "Polygon", "coordinates": [[[73.59124999994236, 18.833750000009356], [73.59124999994236, 18.832916666676024], [73.59374999994236, 18.832916666676024], [73.59374999994236, 18.833750000009356], [73.59124999994236, 18.833750000009356]]]}}, {"type": "Feature", "properties": {"name": "Stream"}, "geometry": {"type": "Polygon", "coordinates": [[[73.59958333327569, 18.833750000009356], [73.59958333327569, 18.832916666676024], [73.60041666660904, 18.832916666676024], [73.60041666660904, 18.833750000009356], [73.59958333327569, 18.833750000009356]]]}}, {"type": "Feature", "properties": {"name": "Stream"}, "geometry": {"type": "Polygon", "coordinates": [[[73.60874999994236, 18.833750000009356], [73.60874999994236, 18.832916666676024], [73.6095833332757, 18.832916666676024], [73.6095833332757, 18.833750000009356], [73.60874999994236, 18.833750000009356]]]}}, {"type": "Feature", "properties": {"name": "Stream"}, "geometry": {"type": "Polygon", "coordinates": [[[73.61041666660903, 18.833750000009356], [73.61041666660903, 18.832916666676024], [73.61124999994236, 18.832916666676024], [73.61124999994236, 18.833750000009356], [73.61041666660903, 18.833750000009356]]]}}, {"type": "Feature", "properties": {"name": "Stream"}, "geometry": {"type": "Polygon", "coordinates": [[[73.72458333327566, 18.833750000009356], [73.72458333327566, 18.832916666676024], [73.727916666609, 18.832916666676024], [73.727916666609, 18.833750000009356], [73.72458333327566, 18.833750000009356]]]}}, {"type": "Feature", "properties": {"name": "Stream"}, "geometry": {"type": "Polygon", "coordinates": [[[73.88458333327563, 18.833750000009356], [73.88458333327563, 18.832916666676024], [73.88541666660896, 18.832916666676024], [73.88541666660896, 18.833750000009356], [73.88458333327563, 18.833750000009356]]]}}, {"type": "Feature", "properties": {"name": "Stream"}, "geometry": {"type": "Polygon", "coordinates": [[[74.0070833332756, 18.833750000009356], [74.0070833332756, 18.832916666676024], [74.00791666660893, 18.832916666676024], [74.00791666660893, 18.833750000009356], [74.0070833332756, 18.833750000009356]]]}}, {"type": "Feature", "properties": {"name": "Stream"}, "geometry": {"type": "Polygon", "coordinates": [[[73.73374999994233, 18.833750000009356], [73.73374999994233, 18.832083333342688], [73.73458333327567, 18.832083333342688], [73.73458333327567, 18.833750000009356], [73.73374999994233, 18.833750000009356]]]}}, {"type": "Feature", "properties": {"name": "Stream"}, "geometry": {"type": "Polygon", "coordinates": [[[73.60041666660904, 18.832916666676024], [73.60041666660904, 18.832083333342688], [73.60124999994237, 18.832083333342688], [73.60124999994237, 18.832916666676024], [73.60041666660904, 18.832916666676024]]]}}, {"type": "Feature", "properties": {"name": "Stream"}, "geometry": {"type": "Polygon", "coordinates": [[[73.60791666660903, 18.832916666676024], [73.60791666660903, 18.832083333342688], [73.60874999994236, 18.832083333342688], [73.60874999994236, 18.832916666676024], [73.60791666660903, 18.832916666676024]]]}}, {"type": "Feature", "properties": {"name": "Stream"}, "geometry": {"type": "Polygon", "coordinates": [[[73.88541666660896, 18.832916666676024], [73.88541666660896, 18.832083333342688], [73.8862499999423, 18.832083333342688], [73.8862499999423, 18.832916666676024], [73.88541666660896, 18.832916666676024]]]}}, {"type": "Feature", "properties": {"name": "Stream"}, "geometry": {"type": "Polygon", "coordinates": [[[74.00791666660893, 18.832916666676024], [74.00791666660893, 18.832083333342688], [74.00874999994227, 18.832083333342688], [74.00874999994227, 18.832916666676024], [74.00791666660893, 18.832916666676024]]]}}, {"type": "Feature", "properties": {"name": "Stream"}, "geometry": {"type": "Polygon", "coordinates": [[[73.61124999994236, 18.832916666676024], [73.61124999994236, 18.831250000009355], [73.61208333327569, 18.831250000009355], [73.61208333327569, 18.832916666676024], [73.61124999994236, 18.832916666676024]]]}}, {"type": "Feature", "properties": {"name": "Stream"}, "geometry": {"type": "Polygon", "coordinates": [[[73.60124999994237, 18.832083333342688], [73.60124999994237, 18.831250000009355], [73.6020833332757, 18.831250000009355], [73.6020833332757, 18.832083333342688], [73.60124999994237, 18.832083333342688]]]}}, {"type": "Feature", "properties": {"name": "Stream"}, "geometry": {"type": "Polygon", "coordinates": [[[73.6070833332757, 18.832083333342688], [73.6070833332757, 18.831250000009355], [73.60791666660903, 18.831250000009355], [73.60791666660903, 18.832083333342688], [73.6070833332757, 18.832083333342688]]]}}, {"type": "Feature", "properties": {"name": "Stream"}, "geometry": {"type": "Polygon", "coordinates": [[[73.73458333327567, 18.832083333342688], [73.73458333327567, 18.831250000009355], [73.735416666609, 18.831250000009355], [73.735416666609, 18.832083333342688], [73.73458333327567, 18.832083333342688]]]}}, {"type": "Feature", "properties": {"name": "Stream"}, "geometry": {"type": "Polygon", "coordinates": [[[73.8862499999423, 18.832083333342688], [73.8862499999423, 18.831250000009355], [73.88708333327563, 18.831250000009355], [73.88708333327563, 18.832083333342688], [73.8862499999423, 18.832083333342688]]]}}, {"type": "Feature", "properties": {"name": "Stream"}, "geometry": {"type": "Polygon", "coordinates": [[[74.00874999994227, 18.832083333342688], [74.00874999994227, 18.831250000009355], [74.0095833332756, 18.831250000009355], [74.0095833332756, 18.832083333342688], [74.00874999994227, 18.832083333342688]]]}}, {"type": "Feature", "properties": {"name": "Stream"}, "geometry": {"type": "Polygon", "coordinates": [[[73.6020833332757, 18.831250000009355], [73.6020833332757, 18.830416666676022], [73.6070833332757, 18.830416666676022], [73.6070833332757, 18.831250000009355], [73.6020833332757, 18.831250000009355]]]}}, {"type": "Feature", "properties": {"name": "Stream"}, "geometry": {"type": "Polygon", "coordinates": [[[73.88708333327563, 18.831250000009355], [73.88708333327563, 18.830416666676022], [73.88791666660896, 18.830416666676022], [73.88791666660896, 18.831250000009355], [73.88708333327563, 18.831250000009355]]]}}, {"type": "Feature", "properties": {"name": "Stream"}, "geometry": {"type": "Polygon", "coordinates": [[[74.0095833332756, 18.831250000009355], [74.0095833332756, 18.830416666676022], [74.01041666660893, 18.830416666676022], [74.01041666660893, 18.831250000009355], [74.0095833332756, 18.831250000009355]]]}}, {"type": "Feature", "properties": {"name": "Stream"}, "geometry": {"type": "Polygon", "coordinates": [[[74.01041666660893, 18.830416666676022], [74.01041666660893, 18.82958333334269], [74.01124999994227, 18.82958333334269], [74.01124999994227, 18.830416666676022], [74.01041666660893, 18.830416666676022]]]}}, {"type": "Feature", "properties": {"name": "Stream"}, "geometry": {"type": "Polygon", "coordinates": [[[74.01124999994227, 18.82958333334269], [74.01124999994227, 18.828750000009357], [74.0120833332756, 18.828750000009357], [74.0120833332756, 18.82958333334269], [74.01124999994227, 18.82958333334269]]]}}, {"type": "Feature", "properties": {"name": "Stream"}, "geometry": {"type": "Polygon", "coordinates": [[[73.88791666660896, 18.830416666676022], [73.88791666660896, 18.827916666676025], [73.88874999994229, 18.827916666676025], [73.88874999994229, 18.830416666676022], [73.88791666660896, 18.830416666676022]]]}}, {"type": "Feature", "properties": {"name": "Stream"}, "geometry": {"type": "Polygon", "coordinates": [[[74.0120833332756, 18.828750000009357], [74.0120833332756, 18.827916666676025], [74.01374999994226, 18.827916666676025], [74.01374999994226, 18.828750000009357], [74.0120833332756, 18.828750000009357]]]}}, {"type": "Feature", "properties": {"name": "Stream"}, "geometry": {"type": "Polygon", "coordinates": [[[73.747916666609, 18.827916666676025], [73.747916666609, 18.82708333334269], [73.750416666609, 18.82708333334269], [73.750416666609, 18.827916666676025], [73.747916666609, 18.827916666676025]]]}}, {"type": "Feature", "properties": {"name": "Stream"}, "geometry": {"type": "Polygon", "coordinates": [[[73.75791666660899, 18.827916666676025], [73.75791666660899, 18.82708333334269], [73.76124999994232, 18.82708333334269], [73.76124999994232, 18.827916666676025], [73.75791666660899, 18.827916666676025]]]}}, {"type": "Feature", "properties": {"name": "Stream"}, "geometry": {"type": "Polygon", "coordinates": [[[73.88874999994229, 18.827916666676025], [73.88874999994229, 18.82708333334269], [73.88958333327562, 18.82708333334269], [73.88958333327562, 18.827916666676025], [73.88874999994229, 18.827916666676025]]]}}, {"type": "Feature", "properties": {"name": "Stream"}, "geometry": {"type": "Polygon", "coordinates": [[[74.01374999994226, 18.827916666676025], [74.01374999994226, 18.82708333334269], [74.01541666660893, 18.82708333334269], [74.01541666660893, 18.827916666676025], [74.01374999994226, 18.827916666676025]]]}}, {"type": "Feature", "properties": {"name": "Stream"}, "geometry": {"type": "Polygon", "coordinates": [[[73.735416666609, 18.831250000009355], [73.735416666609, 18.826250000009356], [73.73624999994233, 18.826250000009356], [73.73624999994233, 18.831250000009355], [73.735416666609, 18.831250000009355]]]}}, {"type": "Feature", "properties": {"name": "Stream"}, "geometry": {"type": "Polygon", "coordinates": [[[73.74541666660899, 18.82708333334269], [73.74541666660899, 18.826250000009356], [73.747916666609, 18.826250000009356], [73.747916666609, 18.82708333334269], [73.74541666660899, 18.82708333334269]]]}}, {"type": "Feature", "properties": {"name": "Stream"}, "geometry": {"type": "Polygon", "coordinates": [[[73.750416666609, 18.82708333334269], [73.750416666609, 18.826250000009356], [73.75208333327566, 18.826250000009356], [73.75208333327566, 18.82708333334269], [73.750416666609, 18.82708333334269]]]}}, {"type": "Feature", "properties": {"name": "Stream"}, "geometry": {"type": "Polygon", "coordinates": [[[73.75708333327566, 18.82708333334269], [73.75708333327566, 18.826250000009356], [73.75791666660899, 18.826250000009356], [73.75791666660899, 18.82708333334269], [73.75708333327566, 18.82708333334269]]]}}, {"type": "Feature", "properties": {"name": "Stream"}, "geometry": {"type": "Polygon", "coordinates": [[[73.88958333327562, 18.82708333334269], [73.88958333327562, 18.826250000009356], [73.89041666660896, 18.826250000009356], [73.89041666660896, 18.82708333334269], [73.88958333327562, 18.82708333334269]]]}}, {"type": "Feature", "properties": {"name": "Stream"}, "geometry": {"type": "Polygon", "coordinates": [[[73.61208333327569, 18.831250000009355], [73.61208333327569, 18.825416666676023], [73.61291666660902, 18.825416666676023], [73.61291666660902, 18.831250000009355], [73.61208333327569, 18.831250000009355]]]}}, {"type": "Feature", "properties": {"name": "Stream"}, "geometry": {"type": "Polygon", "coordinates": [[[73.76124999994232, 18.82708333334269], [73.76124999994232, 18.825416666676023], [73.76208333327565, 18.825416666676023], [73.76208333327565, 18.82708333334269], [73.76124999994232, 18.82708333334269]]]}}, {"type": "Feature", "properties": {"name": "Stream"}, "geometry": {"type": "Polygon", "coordinates": [[[73.73624999994233, 18.826250000009356], [73.73624999994233, 18.825416666676023], [73.73708333327566, 18.825416666676023], [73.73708333327566, 18.826250000009356], [73.73624999994233, 18.826250000009356]]]}}, {"type": "Feature", "properties": {"name": "Stream"}, "geometry": {"type": "Polygon", "coordinates": [[[73.74291666660899, 18.826250000009356], [73.74291666660899, 18.825416666676023], [73.74541666660899, 18.825416666676023], [73.74541666660899, 18.826250000009356], [73.74291666660899, 18.826250000009356]]]}}, {"type": "Feature", "properties": {"name": "Stream"}, "geometry": {"type": "Polygon", "coordinates": [[[73.75208333327566, 18.826250000009356], [73.75208333327566, 18.825416666676023], [73.752916666609, 18.825416666676023], [73.752916666609, 18.826250000009356], [73.75208333327566, 18.826250000009356]]]}}, {"type": "Feature", "properties": {"name": "Stream"}, "geometry": {"type": "Polygon", "coordinates": [[[73.755416666609, 18.826250000009356], [73.755416666609, 18.825416666676023], [73.75708333327566, 18.825416666676023], [73.75708333327566, 18.826250000009356], [73.755416666609, 18.826250000009356]]]}}, {"type": "Feature", "properties": {"name": "Stream"}, "geometry": {"type": "Polygon", "coordinates": [[[73.89041666660896, 18.826250000009356], [73.89041666660896, 18.825416666676023], [73.89124999994229, 18.825416666676023], [73.89124999994229, 18.826250000009356], [73.89041666660896, 18.826250000009356]]]}}, {"type": "Feature", "properties": {"name": "Stream"}, "geometry": {"type": "Polygon", "coordinates": [[[74.01541666660893, 18.82708333334269], [74.01541666660893, 18.82458333334269], [74.01624999994226, 18.82458333334269], [74.01624999994226, 18.82708333334269], [74.01541666660893, 18.82708333334269]]]}}, {"type": "Feature", "properties": {"name": "Stream"}, "geometry": {"type": "Polygon", "coordinates": [[[73.61291666660902, 18.825416666676023], [73.61291666660902, 18.82458333334269], [73.61458333327569, 18.82458333334269], [73.61458333327569, 18.825416666676023], [73.61291666660902, 18.825416666676023]]]}}, {"type": "Feature", "properties": {"name": "Stream"}, "geometry": {"type": "Polygon", "coordinates": [[[73.73708333327566, 18.825416666676023], [73.73708333327566, 18.82458333334269], [73.74291666660899, 18.82458333334269], [73.74291666660899, 18.825416666676023], [73.73708333327566, 18.825416666676023]]]}}, {"type": "Feature", "properties": {"name": "Stream"}, "geometry": {"type": "Polygon", "coordinates": [[[73.752916666609, 18.825416666676023], [73.752916666609, 18.82458333334269], [73.755416666609, 18.82458333334269], [73.755416666609, 18.825416666676023], [73.752916666609, 18.825416666676023]]]}}, {"type": "Feature", "properties": {"name": "Stream"}, "geometry": {"type": "Polygon", "coordinates": [[[73.76208333327565, 18.825416666676023], [73.76208333327565, 18.82458333334269], [73.76291666660899, 18.82458333334269], [73.76291666660899, 18.825416666676023], [73.76208333327565, 18.825416666676023]]]}}, {"type": "Feature", "properties": {"name": "Stream"}, "geometry": {"type": "Polygon", "coordinates": [[[73.89124999994229, 18.825416666676023], [73.89124999994229, 18.82458333334269], [73.89208333327564, 18.82458333334269], [73.89208333327564, 18.825416666676023], [73.89124999994229, 18.825416666676023]]]}}, {"type": "Feature", "properties": {"name": "Stream"}, "geometry": {"type": "Polygon", "coordinates": [[[74.01708333327561, 18.825416666676023], [74.01708333327561, 18.82458333334269], [74.0195833332756, 18.82458333334269], [74.0195833332756, 18.825416666676023], [74.01708333327561, 18.825416666676023]]]}}, {"type": "Feature", "properties": {"name": "Stream"}, "geometry": {"type": "Polygon", "coordinates": [[[73.61458333327569, 18.82458333334269], [73.61458333327569, 18.82375000000936], [73.61541666660902, 18.82375000000936], [73.61541666660902, 18.82458333334269], [73.61458333327569, 18.82458333334269]]]}}, {"type": "Feature", "properties": {"name": "Stream"}, "geometry": {"type": "Polygon", "coordinates": [[[73.76291666660899, 18.82458333334269], [73.76291666660899, 18.82375000000936], [73.76374999994232, 18.82375000000936], [73.76374999994232, 18.82458333334269], [73.76291666660899, 18.82458333334269]]]}}, {"type": "Feature", "properties": {"name": "Stream"}, "geometry": {"type": "Polygon", "coordinates": [[[73.76958333327566, 18.82458333334269], [73.76958333327566, 18.82375000000936], [73.77458333327566, 18.82375000000936], [73.77458333327566, 18.82458333334269], [73.76958333327566, 18.82458333334269]]]}}, {"type": "Feature", "properties": {"name": "Stream"}, "geometry": {"type": "Polygon", "coordinates": [[[73.89208333327564, 18.82458333334269], [73.89208333327564, 18.82375000000936], [73.89291666660897, 18.82375000000936], [73.89291666660897, 18.82458333334269], [73.89208333327564, 18.82458333334269]]]}}, {"type": "Feature", "properties": {"name": "Stream"}, "geometry": {"type": "Polygon", "coordinates": [[[74.01624999994226, 18.82458333334269], [74.01624999994226, 18.82375000000936], [74.01708333327561, 18.82375000000936], [74.01708333327561, 18.82458333334269], [74.01624999994226, 18.82458333334269]]]}}, {"type": "Feature", "properties": {"name": "Stream"}, "geometry": {"type": "Polygon", "coordinates": [[[74.0195833332756, 18.82458333334269], [74.0195833332756, 18.822916666676026], [74.02041666660894, 18.822916666676026], [74.02041666660894, 18.82458333334269], [74.0195833332756, 18.82458333334269]]]}}, {"type": "Feature", "properties": {"name": "Stream"}, "geometry": {"type": "Polygon", "coordinates": [[[73.61541666660902, 18.82375000000936], [73.61541666660902, 18.822916666676026], [73.61624999994235, 18.822916666676026], [73.61624999994235, 18.82375000000936], [73.61541666660902, 18.82375000000936]]]}}, {"type": "Feature", "properties": {"name": "Stream"}, "geometry": {"type": "Polygon", "coordinates": [[[73.76374999994232, 18.82375000000936], [73.76374999994232, 18.822916666676026], [73.76624999994232, 18.822916666676026], [73.76624999994232, 18.82375000000936], [73.76374999994232, 18.82375000000936]]]}}, {"type": "Feature", "properties": {"name": "Stream"}, "geometry": {"type": "Polygon", "coordinates": [[[73.76874999994233, 18.82375000000936], [73.76874999994233, 18.822916666676026], [73.76958333327566, 18.822916666676026], [73.76958333327566, 18.82375000000936], [73.76874999994233, 18.82375000000936]]]}}, {"type": "Feature", "properties": {"name": "Stream"}, "geometry": {"type": "Polygon", "coordinates": [[[73.77458333327566, 18.82375000000936], [73.77458333327566, 18.822916666676026], [73.77708333327566, 18.822916666676026], [73.77708333327566, 18.82375000000936], [73.77458333327566, 18.82375000000936]]]}}, {"type": "Feature", "properties": {"name": "Stream"}, "geometry": {"type": "Polygon", "coordinates": [[[73.81374999994232, 18.82375000000936], [73.81374999994232, 18.822916666676026], [73.81791666660898, 18.822916666676026], [73.81791666660898, 18.82375000000936], [73.81374999994232, 18.82375000000936]]]}}, {"type": "Feature", "properties": {"name": "Stream"}, "geometry": {"type": "Polygon", "coordinates": [[[73.89291666660897, 18.82375000000936], [73.89291666660897, 18.822916666676026], [73.8937499999423, 18.822916666676026], [73.8937499999423, 18.82375000000936], [73.89291666660897, 18.82375000000936]]]}}, {"type": "Feature", "properties": {"name": "Stream"}, "geometry": {"type": "Polygon", "coordinates": [[[73.76624999994232, 18.822916666676026], [73.76624999994232, 18.82208333334269], [73.76874999994233, 18.82208333334269], [73.76874999994233, 18.822916666676026], [73.76624999994232, 18.822916666676026]]]}}, {"type": "Feature", "properties": {"name": "Stream"}, "geometry": {"type": "Polygon", "coordinates": [[[73.77708333327566, 18.822916666676026], [73.77708333327566, 18.82208333334269], [73.77874999994232, 18.82208333334269], [73.77874999994232, 18.822916666676026], [73.77708333327566, 18.822916666676026]]]}}, {"type": "Feature", "properties": {"name": "Stream"}, "geometry": {"type": "Polygon", "coordinates": [[[73.81291666660898, 18.822916666676026], [73.81291666660898, 18.82208333334269], [73.81374999994232, 18.82208333334269], [73.81374999994232, 18.822916666676026], [73.81291666660898, 18.822916666676026]]]}}, {"type": "Feature", "properties": {"name": "Stream"}, "geometry": {"type": "Polygon", "coordinates": [[[73.81791666660898, 18.822916666676026], [73.81791666660898, 18.82208333334269], [73.82374999994231, 18.82208333334269], [73.82374999994231, 18.822916666676026], [73.81791666660898, 18.822916666676026]]]}}, {"type": "Feature", "properties": {"name": "Stream"}, "geometry": {"type": "Polygon", "coordinates": [[[73.8937499999423, 18.822916666676026], [73.8937499999423, 18.82208333334269], [73.89458333327563, 18.82208333334269], [73.89458333327563, 18.822916666676026], [73.8937499999423, 18.822916666676026]]]}}, {"type": "Feature", "properties": {"name": "Stream"}, "geometry": {"type": "Polygon", "coordinates": [[[74.02041666660894, 18.822916666676026], [74.02041666660894, 18.82208333334269], [74.02124999994227, 18.82208333334269], [74.02124999994227, 18.822916666676026], [74.02041666660894, 18.822916666676026]]]}}, {"type": "Feature", "properties": {"name": "Stream"}, "geometry": {"type": "Polygon", "coordinates": [[[73.61624999994235, 18.822916666676026], [73.61624999994235, 18.821250000009357], [73.61708333327569, 18.821250000009357], [73.61708333327569, 18.822916666676026], [73.61624999994235, 18.822916666676026]]]}}, {"type": "Feature", "properties": {"name": "Stream"}, "geometry": {"type": "Polygon", "coordinates": [[[73.77874999994232, 18.82208333334269], [73.77874999994232, 18.821250000009357], [73.77958333327565, 18.821250000009357], [73.77958333327565, 18.82208333334269], [73.77874999994232, 18.82208333334269]]]}}, {"type": "Feature", "properties": {"name": "Stream"}, "geometry": {"type": "Polygon", "coordinates": [[[73.78458333327565, 18.82208333334269], [73.78458333327565, 18.821250000009357], [73.787916666609, 18.821250000009357], [73.787916666609, 18.82208333334269], [73.78458333327565, 18.82208333334269]]]}}, {"type": "Feature", "properties": {"name": "Stream"}, "geometry": {"type": "Polygon", "coordinates": [[[73.81208333327565, 18.82208333334269], [73.81208333327565, 18.821250000009357], [73.81291666660898, 18.821250000009357], [73.81291666660898, 18.82208333334269], [73.81208333327565, 18.82208333334269]]]}}, {"type": "Feature", "properties": {"name": "Stream"}, "geometry": {"type": "Polygon", "coordinates": [[[74.02124999994227, 18.82208333334269], [74.02124999994227, 18.821250000009357], [74.02374999994227, 18.821250000009357], [74.02374999994227, 18.82208333334269], [74.02124999994227, 18.82208333334269]]]}}, {"type": "Feature", "properties": {"name": "Stream"}, "geometry": {"type": "Polygon", "coordinates": [[[73.82374999994231, 18.82208333334269], [73.82374999994231, 18.820416666676024], [73.82458333327564, 18.820416666676024], [73.82458333327564, 18.82208333334269], [73.82374999994231, 18.82208333334269]]]}}, {"type": "Feature", "properties": {"name": "Stream"}, "geometry": {"type": "Polygon", "coordinates": [[[73.77958333327565, 18.821250000009357], [73.77958333327565, 18.820416666676024], [73.78041666660899, 18.820416666676024], [73.78041666660899, 18.821250000009357], [73.77958333327565, 18.821250000009357]]]}}, {"type": "Feature", "properties": {"name": "Stream"}, "geometry": {"type": "Polygon", "coordinates": [[[73.78374999994232, 18.821250000009357], [73.78374999994232, 18.820416666676024], [73.78458333327565, 18.820416666676024], [73.78458333327565, 18.821250000009357], [73.78374999994232, 18.821250000009357]]]}}, {"type": "Feature", "properties": {"name": "Stream"}, "geometry": {"type": "Polygon", "coordinates": [[[73.787916666609, 18.821250000009357], [73.787916666609, 18.820416666676024], [73.78958333327566, 18.820416666676024], [73.78958333327566, 18.821250000009357], [73.787916666609, 18.821250000009357]]]}}, {"type": "Feature", "properties": {"name": "Stream"}, "geometry": {"type": "Polygon", "coordinates": [[[73.81124999994232, 18.821250000009357], [73.81124999994232, 18.820416666676024], [73.81208333327565, 18.820416666676024], [73.81208333327565, 18.821250000009357], [73.81124999994232, 18.821250000009357]]]}}, {"type": "Feature", "properties": {"name": "Stream"}, "geometry": {"type": "Polygon", "coordinates": [[[74.02374999994227, 18.821250000009357], [74.02374999994227, 18.820416666676024], [74.0295833332756, 18.820416666676024], [74.0295833332756, 18.821250000009357], [74.02374999994227, 18.821250000009357]]]}}, {"type": "Feature", "properties": {"name": "Stream"}, "geometry": {"type": "Polygon", "coordinates": [[[73.61708333327569, 18.821250000009357], [73.61708333327569, 18.819583333342692], [73.61791666660902, 18.819583333342692], [73.61791666660902, 18.821250000009357], [73.61708333327569, 18.821250000009357]]]}}, {"type": "Feature", "properties": {"name": "Stream"}, "geometry": {"type": "Polygon", "coordinates": [[[73.78041666660899, 18.820416666676024], [73.78041666660899, 18.819583333342692], [73.78374999994232, 18.819583333342692], [73.78374999994232, 18.820416666676024], [73.78041666660899, 18.820416666676024]]]}}, {"type": "Feature", "properties": {"name": "Stream"}, "geometry": {"type": "Polygon", "coordinates": [[[73.78958333327566, 18.820416666676024], [73.78958333327566, 18.819583333342692], [73.79124999994232, 18.819583333342692], [73.79124999994232, 18.820416666676024], [73.78958333327566, 18.820416666676024]]]}}, {"type": "Feature", "properties": {"name": "Stream"}, "geometry": {"type": "Polygon", "coordinates": [[[73.81041666660899, 18.820416666676024], [73.81041666660899, 18.819583333342692], [73.81124999994232, 18.819583333342692], [73.81124999994232, 18.820416666676024], [73.81041666660899, 18.820416666676024]]]}}, {"type": "Feature", "properties": {"name": "Stream"}, "geometry": {"type": "Polygon", "coordinates": [[[73.82458333327564, 18.820416666676024], [73.82458333327564, 18.819583333342692], [73.82541666660897, 18.819583333342692], [73.82541666660897, 18.820416666676024], [73.82458333327564, 18.820416666676024]]]}}, {"type": "Feature", "properties": {"name": "Stream"}, "geometry": {"type": "Polygon", "coordinates": [[[74.0295833332756, 18.820416666676024], [74.0295833332756, 18.819583333342692], [74.03124999994226, 18.819583333342692], [74.03124999994226, 18.820416666676024], [74.0295833332756, 18.820416666676024]]]}}, {"type": "Feature", "properties": {"name": "Stream"}, "geometry": {"type": "Polygon", "coordinates": [[[73.89458333327563, 18.82208333334269], [73.89458333327563, 18.81875000000936], [73.89541666660897, 18.81875000000936], [73.89541666660897, 18.82208333334269], [73.89458333327563, 18.82208333334269]]]}}, {"type": "Feature", "properties": {"name": "Stream"}, "geometry": {"type": "Polygon", "coordinates": [[[73.79124999994232, 18.819583333342692], [73.79124999994232, 18.81875000000936], [73.79374999994232, 18.81875000000936], [73.79374999994232, 18.819583333342692], [73.79124999994232, 18.819583333342692]]]}}, {"type": "Feature", "properties": {"name": "Stream"}, "geometry": {"type": "Polygon", "coordinates": [[[73.80374999994231, 18.819583333342692], [73.80374999994231, 18.81875000000936], [73.81041666660899, 18.81875000000936], [73.81041666660899, 18.819583333342692], [73.80374999994231, 18.819583333342692]]]}}, {"type": "Feature", "properties": {"name": "Stream"}, "geometry": {"type": "Polygon", "coordinates": [[[73.82541666660897, 18.819583333342692], [73.82541666660897, 18.81875000000936], [73.8262499999423, 18.81875000000936], [73.8262499999423, 18.819583333342692], [73.82541666660897, 18.819583333342692]]]}}, {"type": "Feature", "properties": {"name": "Stream"}, "geometry": {"type": "Polygon", "coordinates": [[[74.03124999994226, 18.819583333342692], [74.03124999994226, 18.81875000000936], [74.0320833332756, 18.81875000000936], [74.0320833332756, 18.819583333342692], [74.03124999994226, 18.819583333342692]]]}}, {"type": "Feature", "properties": {"name": "Stream"}, "geometry": {"type": "Polygon", "coordinates": [[[73.79374999994232, 18.81875000000936], [73.79374999994232, 18.817916666676027], [73.79458333327565, 18.817916666676027], [73.79458333327565, 18.81875000000936], [73.79374999994232, 18.81875000000936]]]}}, {"type": "Feature", "properties": {"name": "Stream"}, "geometry": {"type": "Polygon", "coordinates": [[[73.80124999994231, 18.81875000000936], [73.80124999994231, 18.817916666676027], [73.80374999994231, 18.817916666676027], [73.80374999994231, 18.81875000000936], [73.80124999994231, 18.81875000000936]]]}}, {"type": "Feature", "properties": {"name": "Stream"}, "geometry": {"type": "Polygon", "coordinates": [[[73.8262499999423, 18.81875000000936], [73.8262499999423, 18.817916666676027], [73.82708333327564, 18.817916666676027], [73.82708333327564, 18.81875000000936], [73.8262499999423, 18.81875000000936]]]}}, {"type": "Feature", "properties": {"name": "Stream"}, "geometry": {"type": "Polygon", "coordinates": [[[73.89541666660897, 18.81875000000936], [73.89541666660897, 18.817916666676027], [73.8962499999423, 18.817916666676027], [73.8962499999423, 18.81875000000936], [73.89541666660897, 18.81875000000936]]]}}, {"type": "Feature", "properties": {"name": "Stream"}, "geometry": {"type": "Polygon", "coordinates": [[[73.61624999994235, 18.819583333342692], [73.61624999994235, 18.817083333342694], [73.61708333327569, 18.817083333342694], [73.61708333327569, 18.819583333342692], [73.61624999994235, 18.819583333342692]]]}}, {"type": "Feature", "properties": {"name": "Stream"}, "geometry": {"type": "Polygon", "coordinates": [[[73.79458333327565, 18.817916666676027], [73.79458333327565, 18.817083333342694], [73.79541666660899, 18.817083333342694], [73.79541666660899, 18.817916666676027], [73.79458333327565, 18.817916666676027]]]}}, {"type": "Feature", "properties": {"name": "Stream"}, "geometry": {"type": "Polygon", "coordinates": [[[73.79874999994232, 18.817916666676027], [73.79874999994232, 18.817083333342694], [73.80124999994231, 18.817083333342694], [73.80124999994231, 18.817916666676027], [73.79874999994232, 18.817916666676027]]]}}, {"type": "Feature", "properties": {"name": "Stream"}, "geometry": {"type": "Polygon", "coordinates": [[[73.82708333327564, 18.817916666676027], [73.82708333327564, 18.817083333342694], [73.82958333327565, 18.817083333342694], [73.82958333327565, 18.817916666676027], [73.82708333327564, 18.817916666676027]]]}}, {"type": "Feature", "properties": {"name": "Stream"}, "geometry": {"type": "Polygon", "coordinates": [[[73.8962499999423, 18.817916666676027], [73.8962499999423, 18.817083333342694], [73.89708333327563, 18.817083333342694], [73.89708333327563, 18.817916666676027], [73.8962499999423, 18.817916666676027]]]}}, {"type": "Feature", "properties": {"name": "Stream"}, "geometry": {"type": "Polygon", "coordinates": [[[73.90041666660896, 18.817916666676027], [73.90041666660896, 18.817083333342694], [73.90374999994229, 18.817083333342694], [73.90374999994229, 18.817916666676027], [73.90041666660896, 18.817916666676027]]]}}, {"type": "Feature", "properties": {"name": "Stream"}, "geometry": {"type": "Polygon", "coordinates": [[[73.61708333327569, 18.817083333342694], [73.61708333327569, 18.816250000009358], [73.61791666660902, 18.816250000009358], [73.61791666660902, 18.817083333342694], [73.61708333327569, 18.817083333342694]]]}}, {"type": "Feature", "properties": {"name": "Stream"}, "geometry": {"type": "Polygon", "coordinates": [[[73.79541666660899, 18.817083333342694], [73.79541666660899, 18.816250000009358], [73.79874999994232, 18.816250000009358], [73.79874999994232, 18.817083333342694], [73.79541666660899, 18.817083333342694]]]}}, {"type": "Feature", "properties": {"name": "Stream"}, "geometry": {"type": "Polygon", "coordinates": [[[73.82958333327565, 18.817083333342694], [73.82958333327565, 18.816250000009358], [73.83124999994232, 18.816250000009358], [73.83124999994232, 18.817083333342694], [73.82958333327565, 18.817083333342694]]]}}, {"type": "Feature", "properties": {"name": "Stream"}, "geometry": {"type": "Polygon", "coordinates": [[[73.89708333327563, 18.817083333342694], [73.89708333327563, 18.816250000009358], [73.89791666660896, 18.816250000009358], [73.89791666660896, 18.817083333342694], [73.89708333327563, 18.817083333342694]]]}}, {"type": "Feature", "properties": {"name": "Stream"}, "geometry": {"type": "Polygon", "coordinates": [[[73.89958333327563, 18.817083333342694], [73.89958333327563, 18.816250000009358], [73.90041666660896, 18.816250000009358], [73.90041666660896, 18.817083333342694], [73.89958333327563, 18.817083333342694]]]}}, {"type": "Feature", "properties": {"name": "Stream"}, "geometry": {"type": "Polygon", "coordinates": [[[73.90374999994229, 18.817083333342694], [73.90374999994229, 18.816250000009358], [73.90458333327562, 18.816250000009358], [73.90458333327562, 18.817083333342694], [73.90374999994229, 18.817083333342694]]]}}, {"type": "Feature", "properties": {"name": "Stream"}, "geometry": {"type": "Polygon", "coordinates": [[[74.0320833332756, 18.81875000000936], [74.0320833332756, 18.815416666676025], [74.03291666660893, 18.815416666676025], [74.03291666660893, 18.81875000000936], [74.0320833332756, 18.81875000000936]]]}}, {"type": "Feature", "properties": {"name": "Stream"}, "geometry": {"type": "Polygon", "coordinates": [[[73.61791666660902, 18.816250000009358], [73.61791666660902, 18.815416666676025], [73.61958333327568, 18.815416666676025], [73.61958333327568, 18.816250000009358], [73.61791666660902, 18.816250000009358]]]}}, {"type": "Feature", "properties": {"name": "Stream"}, "geometry": {"type": "Polygon", "coordinates": [[[73.83124999994232, 18.816250000009358], [73.83124999994232, 18.815416666676025], [73.83208333327565, 18.815416666676025], [73.83208333327565, 18.816250000009358], [73.83124999994232, 18.816250000009358]]]}}, {"type": "Feature", "properties": {"name": "Stream"}, "geometry": {"type": "Polygon", "coordinates": [[[73.89791666660896, 18.816250000009358], [73.89791666660896, 18.815416666676025], [73.89958333327563, 18.815416666676025], [73.89958333327563, 18.816250000009358], [73.89791666660896, 18.816250000009358]]]}}, {"type": "Feature", "properties": {"name": "Stream"}, "geometry": {"type": "Polygon", "coordinates": [[[73.90458333327562, 18.816250000009358], [73.90458333327562, 18.815416666676025], [73.90541666660896, 18.815416666676025], [73.90541666660896, 18.816250000009358], [73.90458333327562, 18.816250000009358]]]}}, {"type": "Feature", "properties": {"name": "Stream"}, "geometry": {"type": "Polygon", "coordinates": [[[73.61958333327568, 18.815416666676025], [73.61958333327568, 18.814583333342693], [73.62041666660902, 18.814583333342693], [73.62041666660902, 18.815416666676025], [73.61958333327568, 18.815416666676025]]]}}, {"type": "Feature", "properties": {"name": "Stream"}, "geometry": {"type": "Polygon", "coordinates": [[[73.83208333327565, 18.815416666676025], [73.83208333327565, 18.814583333342693], [73.83374999994231, 18.814583333342693], [73.83374999994231, 18.815416666676025], [73.83208333327565, 18.815416666676025]]]}}, {"type": "Feature", "properties": {"name": "Stream"}, "geometry": {"type": "Polygon", "coordinates": [[[73.90541666660896, 18.815416666676025], [73.90541666660896, 18.814583333342693], [73.90624999994229, 18.814583333342693], [73.90624999994229, 18.815416666676025], [73.90541666660896, 18.815416666676025]]]}}, {"type": "Feature", "properties": {"name": "Stream"}, "geometry": {"type": "Polygon", "coordinates": [[[74.03291666660893, 18.815416666676025], [74.03291666660893, 18.814583333342693], [74.03374999994226, 18.814583333342693], [74.03374999994226, 18.815416666676025], [74.03291666660893, 18.815416666676025]]]}}, {"type": "Feature", "properties": {"name": "Stream"}, "geometry": {"type": "Polygon", "coordinates": [[[73.62041666660902, 18.814583333342693], [73.62041666660902, 18.81375000000936], [73.62291666660903, 18.81375000000936], [73.62291666660903, 18.814583333342693], [73.62041666660902, 18.814583333342693]]]}}, {"type": "Feature", "properties": {"name": "Stream"}, "geometry": {"type": "Polygon", "coordinates": [[[73.83374999994231, 18.814583333342693], [73.83374999994231, 18.81375000000936], [73.83874999994231, 18.81375000000936], [73.83874999994231, 18.814583333342693], [73.83374999994231, 18.814583333342693]]]}}, {"type": "Feature", "properties": {"name": "Stream"}, "geometry": {"type": "Polygon", "coordinates": [[[73.90624999994229, 18.814583333342693], [73.90624999994229, 18.81375000000936], [73.90708333327562, 18.81375000000936], [73.90708333327562, 18.814583333342693], [73.90624999994229, 18.814583333342693]]]}}, {"type": "Feature", "properties": {"name": "Stream"}, "geometry": {"type": "Polygon", "coordinates": [[[74.03374999994226, 18.814583333342693], [74.03374999994226, 18.81375000000936], [74.03874999994227, 18.81375000000936], [74.03874999994227, 18.814583333342693], [74.03374999994226, 18.814583333342693]]]}}, {"type": "Feature", "properties": {"name": "Stream"}, "geometry": {"type": "Polygon", "coordinates": [[[73.83874999994231, 18.81375000000936], [73.83874999994231, 18.812916666676028], [73.8412499999423, 18.812916666676028], [73.8412499999423, 18.81375000000936], [73.83874999994231, 18.81375000000936]]]}}, {"type": "Feature", "properties": {"name": "Stream"}, "geometry": {"type": "Polygon", "coordinates": [[[73.90708333327562, 18.81375000000936], [73.90708333327562, 18.812916666676028], [73.90791666660895, 18.812916666676028], [73.90791666660895, 18.81375000000936], [73.90708333327562, 18.81375000000936]]]}}, {"type": "Feature", "properties": {"name": "Stream"}, "geometry": {"type": "Polygon", "coordinates": [[[73.62291666660903, 18.81375000000936], [73.62291666660903, 18.812083333342695], [73.62374999994236, 18.812083333342695], [73.62374999994236, 18.81375000000936], [73.62291666660903, 18.81375000000936]]]}}, {"type": "Feature", "properties": {"name": "Stream"}, "geometry": {"type": "Polygon", "coordinates": [[[74.03874999994227, 18.81375000000936], [74.03874999994227, 18.812083333342695], [74.0395833332756, 18.812083333342695], [74.0395833332756, 18.81375000000936], [74.03874999994227, 18.81375000000936]]]}}, {"type": "Feature", "properties": {"name": "Stream"}, "geometry": {"type": "Polygon", "coordinates": [[[73.90791666660895, 18.812916666676028], [73.90791666660895, 18.81125000000936], [73.90874999994229, 18.81125000000936], [73.90874999994229, 18.812916666676028], [73.90791666660895, 18.812916666676028]]]}}, {"type": "Feature", "properties": {"name": "Stream"}, "geometry": {"type": "Polygon", "coordinates": [[[74.03791666660894, 18.812083333342695], [74.03791666660894, 18.810416666676026], [74.03874999994227, 18.810416666676026], [74.03874999994227, 18.812083333342695], [74.03791666660894, 18.812083333342695]]]}}, {"type": "Feature", "properties": {"name": "Stream"}, "geometry": {"type": "Polygon", "coordinates": [[[73.90874999994229, 18.81125000000936], [73.90874999994229, 18.810416666676026], [73.90958333327562, 18.810416666676026], [73.90958333327562, 18.81125000000936], [73.90874999994229, 18.81125000000936]]]}}, {"type": "Feature", "properties": {"name": "Stream"}, "geometry": {"type": "Polygon", "coordinates": [[[73.84708333327563, 18.810416666676026], [73.84708333327563, 18.809583333342694], [73.85041666660898, 18.809583333342694], [73.85041666660898, 18.810416666676026], [73.84708333327563, 18.810416666676026]]]}}, {"type": "Feature", "properties": {"name": "Stream"}, "geometry": {"type": "Polygon", "coordinates": [[[74.03874999994227, 18.810416666676026], [74.03874999994227, 18.809583333342694], [74.0395833332756, 18.809583333342694], [74.0395833332756, 18.810416666676026], [74.03874999994227, 18.810416666676026]]]}}, {"type": "Feature", "properties": {"name": "Stream"}, "geometry": {"type": "Polygon", "coordinates": [[[73.8412499999423, 18.812916666676028], [73.8412499999423, 18.80875000000936], [73.84208333327564, 18.80875000000936], [73.84208333327564, 18.812916666676028], [73.8412499999423, 18.812916666676028]]]}}, {"type": "Feature", "properties": {"name": "Stream"}, "geometry": {"type": "Polygon", "coordinates": [[[73.6220833332757, 18.812083333342695], [73.6220833332757, 18.80875000000936], [73.62291666660903, 18.80875000000936], [73.62291666660903, 18.812083333342695], [73.6220833332757, 18.812083333342695]]]}}, {"type": "Feature", "properties": {"name": "Stream"}, "geometry": {"type": "Polygon", "coordinates": [[[73.90958333327562, 18.810416666676026], [73.90958333327562, 18.80875000000936], [73.91041666660895, 18.80875000000936], [73.91041666660895, 18.810416666676026], [73.90958333327562, 18.810416666676026]]]}}, {"type": "Feature", "properties": {"name": "Stream"}, "geometry": {"type": "Polygon", "coordinates": [[[73.8462499999423, 18.809583333342694], [73.8462499999423, 18.80875000000936], [73.84708333327563, 18.80875000000936], [73.84708333327563, 18.809583333342694], [73.8462499999423, 18.809583333342694]]]}}, {"type": "Feature", "properties": {"name": "Stream"}, "geometry": {"type": "Polygon", "coordinates": [[[73.85041666660898, 18.809583333342694], [73.85041666660898, 18.80875000000936], [73.85124999994231, 18.80875000000936], [73.85124999994231, 18.809583333342694], [73.85041666660898, 18.809583333342694]]]}}, {"type": "Feature", "properties": {"name": "Stream"}, "geometry": {"type": "Polygon", "coordinates": [[[74.0395833332756, 18.809583333342694], [74.0395833332756, 18.80875000000936], [74.04041666660893, 18.80875000000936], [74.04041666660893, 18.809583333342694], [74.0395833332756, 18.809583333342694]]]}}, {"type": "Feature", "properties": {"name": "Stream"}, "geometry": {"type": "Polygon", "coordinates": [[[73.62291666660903, 18.80875000000936], [73.62291666660903, 18.80791666667603], [73.6245833332757, 18.80791666667603], [73.6245833332757, 18.80875000000936], [73.62291666660903, 18.80875000000936]]]}}, {"type": "Feature", "properties": {"name": "Stream"}, "geometry": {"type": "Polygon", "coordinates": [[[73.84208333327564, 18.80875000000936], [73.84208333327564, 18.80791666667603], [73.84291666660897, 18.80791666667603], [73.84291666660897, 18.80875000000936], [73.84208333327564, 18.80875000000936]]]}}, {"type": "Feature", "properties": {"name": "Stream"}, "geometry": {"type": "Polygon", "coordinates": [[[73.84458333327564, 18.80875000000936], [73.84458333327564, 18.80791666667603], [73.8462499999423, 18.80791666667603], [73.8462499999423, 18.80875000000936], [73.84458333327564, 18.80875000000936]]]}}, {"type": "Feature", "properties": {"name": "Stream"}, "geometry": {"type": "Polygon", "coordinates": [[[73.85124999994231, 18.80875000000936], [73.85124999994231, 18.80791666667603], [73.85374999994231, 18.80791666667603], [73.85374999994231, 18.80875000000936], [73.85124999994231, 18.80875000000936]]]}}, {"type": "Feature", "properties": {"name": "Stream"}, "geometry": {"type": "Polygon", "coordinates": [[[73.91041666660895, 18.80875000000936], [73.91041666660895, 18.80791666667603], [73.91124999994229, 18.80791666667603], [73.91124999994229, 18.80875000000936], [73.91041666660895, 18.80875000000936]]]}}, {"type": "Feature", "properties": {"name": "Stream"}, "geometry": {"type": "Polygon", "coordinates": [[[74.04041666660893, 18.80875000000936], [74.04041666660893, 18.80791666667603], [74.04124999994227, 18.80791666667603], [74.04124999994227, 18.80875000000936], [74.04041666660893, 18.80875000000936]]]}}, {"type": "Feature", "properties": {"name": "Stream"}, "geometry": {"type": "Polygon", "coordinates": [[[73.6245833332757, 18.80791666667603], [73.6245833332757, 18.807083333342696], [73.62541666660903, 18.807083333342696], [73.62541666660903, 18.80791666667603], [73.6245833332757, 18.80791666667603]]]}}, {"type": "Feature", "properties": {"name": "Stream"}, "geometry": {"type": "Polygon", "coordinates": [[[73.84291666660897, 18.80791666667603], [73.84291666660897, 18.807083333342696], [73.84458333327564, 18.807083333342696], [73.84458333327564, 18.80791666667603], [73.84291666660897, 18.80791666667603]]]}}, {"type": "Feature", "properties": {"name": "Stream"}, "geometry": {"type": "Polygon", "coordinates": [[[73.85374999994231, 18.80791666667603], [73.85374999994231, 18.807083333342696], [73.85541666660897, 18.807083333342696], [73.85541666660897, 18.80791666667603], [73.85374999994231, 18.80791666667603]]]}}, {"type": "Feature", "properties": {"name": "Stream"}, "geometry": {"type": "Polygon", "coordinates": [[[73.62541666660903, 18.807083333342696], [73.62541666660903, 18.80625000000936], [73.62624999994236, 18.80625000000936], [73.62624999994236, 18.807083333342696], [73.62541666660903, 18.807083333342696]]]}}, {"type": "Feature", "properties": {"name": "Stream"}, "geometry": {"type": "Polygon", "coordinates": [[[73.85541666660897, 18.807083333342696], [73.85541666660897, 18.80625000000936], [73.8562499999423, 18.80625000000936], [73.8562499999423, 18.807083333342696], [73.85541666660897, 18.807083333342696]]]}}, {"type": "Feature", "properties": {"name": "Stream"}, "geometry": {"type": "Polygon", "coordinates": [[[74.04124999994227, 18.80791666667603], [74.04124999994227, 18.805416666676027], [74.0420833332756, 18.805416666676027], [74.0420833332756, 18.80791666667603], [74.04124999994227, 18.80791666667603]]]}}, {"type": "Feature", "properties": {"name": "Stream"}, "geometry": {"type": "Polygon", "coordinates": [[[73.62624999994236, 18.80625000000936], [73.62624999994236, 18.805416666676027], [73.62708333327569, 18.805416666676027], [73.62708333327569, 18.80625000000936], [73.62624999994236, 18.80625000000936]]]}}, {"type": "Feature", "properties": {"name": "Stream"}, "geometry": {"type": "Polygon", "coordinates": [[[73.8562499999423, 18.80625000000936], [73.8562499999423, 18.805416666676027], [73.85708333327564, 18.805416666676027], [73.85708333327564, 18.80625000000936], [73.8562499999423, 18.80625000000936]]]}}, {"type": "Feature", "properties": {"name": "Stream"}, "geometry": {"type": "Polygon", "coordinates": [[[73.91124999994229, 18.80791666667603], [73.91124999994229, 18.804583333342695], [73.91208333327562, 18.804583333342695], [73.91208333327562, 18.80791666667603], [73.91124999994229, 18.80791666667603]]]}}, {"type": "Feature", "properties": {"name": "Stream"}, "geometry": {"type": "Polygon", "coordinates": [[[73.62708333327569, 18.805416666676027], [73.62708333327569, 18.804583333342695], [73.62791666660902, 18.804583333342695], [73.62791666660902, 18.805416666676027], [73.62708333327569, 18.805416666676027]]]}}, {"type": "Feature", "properties": {"name": "Stream"}, "geometry": {"type": "Polygon", "coordinates": [[[74.0420833332756, 18.805416666676027], [74.0420833332756, 18.803750000009362], [74.04291666660893, 18.803750000009362], [74.04291666660893, 18.805416666676027], [74.0420833332756, 18.805416666676027]]]}}, {"type": "Feature", "properties": {"name": "Stream"}, "geometry": {"type": "Polygon", "coordinates": [[[73.85708333327564, 18.805416666676027], [73.85708333327564, 18.80291666667603], [73.85791666660897, 18.80291666667603], [73.85791666660897, 18.805416666676027], [73.85708333327564, 18.805416666676027]]]}}, {"type": "Feature", "properties": {"name": "Stream"}, "geometry": {"type": "Polygon", "coordinates": [[[73.62791666660902, 18.804583333342695], [73.62791666660902, 18.80291666667603], [73.62874999994236, 18.80291666667603], [73.62874999994236, 18.804583333342695], [73.62791666660902, 18.804583333342695]]]}}, {"type": "Feature", "properties": {"name": "Stream"}, "geometry": {"type": "Polygon", "coordinates": [[[73.91208333327562, 18.804583333342695], [73.91208333327562, 18.80291666667603], [73.91291666660896, 18.80291666667603], [73.91291666660896, 18.804583333342695], [73.91208333327562, 18.804583333342695]]]}}, {"type": "Feature", "properties": {"name": "Stream"}, "geometry": {"type": "Polygon", "coordinates": [[[73.85791666660897, 18.80291666667603], [73.85791666660897, 18.802083333342697], [73.8587499999423, 18.802083333342697], [73.8587499999423, 18.80291666667603], [73.85791666660897, 18.80291666667603]]]}}, {"type": "Feature", "properties": {"name": "Stream"}, "geometry": {"type": "Polygon", "coordinates": [[[73.91291666660896, 18.80291666667603], [73.91291666660896, 18.802083333342697], [73.9137499999423, 18.802083333342697], [73.9137499999423, 18.80291666667603], [73.91291666660896, 18.80291666667603]]]}}, {"type": "Feature", "properties": {"name": "Stream"}, "geometry": {"type": "Polygon", "coordinates": [[[73.62874999994236, 18.80291666667603], [73.62874999994236, 18.80125000000936], [73.62958333327569, 18.80125000000936], [73.62958333327569, 18.80291666667603], [73.62874999994236, 18.80291666667603]]]}}, {"type": "Feature", "properties": {"name": "Stream"}, "geometry": {"type": "Polygon", "coordinates": [[[73.8587499999423, 18.802083333342697], [73.8587499999423, 18.80125000000936], [73.86208333327563, 18.80125000000936], [73.86208333327563, 18.802083333342697], [73.8587499999423, 18.802083333342697]]]}}, {"type": "Feature", "properties": {"name": "Stream"}, "geometry": {"type": "Polygon", "coordinates": [[[73.9137499999423, 18.802083333342697], [73.9137499999423, 18.80125000000936], [73.91458333327563, 18.80125000000936], [73.91458333327563, 18.802083333342697], [73.9137499999423, 18.802083333342697]]]}}, {"type": "Feature", "properties": {"name": "Stream"}, "geometry": {"type": "Polygon", "coordinates": [[[73.62958333327569, 18.80125000000936], [73.62958333327569, 18.80041666667603], [73.63041666660902, 18.80041666667603], [73.63041666660902, 18.80125000000936], [73.62958333327569, 18.80125000000936]]]}}, {"type": "Feature", "properties": {"name": "Stream"}, "geometry": {"type": "Polygon", "coordinates": [[[73.86208333327563, 18.80125000000936], [73.86208333327563, 18.80041666667603], [73.86291666660897, 18.80041666667603], [73.86291666660897, 18.80125000000936], [73.86208333327563, 18.80125000000936]]]}}, {"type": "Feature", "properties": {"name": "Stream"}, "geometry": {"type": "Polygon", "coordinates": [[[74.04291666660893, 18.803750000009362], [74.04291666660893, 18.799583333342696], [74.04374999994226, 18.799583333342696], [74.04374999994226, 18.803750000009362], [74.04291666660893, 18.803750000009362]]]}}, {"type": "Feature", "properties": {"name": "Stream"}, "geometry": {"type": "Polygon", "coordinates": [[[73.91458333327563, 18.80125000000936], [73.91458333327563, 18.799583333342696], [73.91541666660896, 18.799583333342696], [73.91541666660896, 18.80125000000936], [73.91458333327563, 18.80125000000936]]]}}, {"type": "Feature", "properties": {"name": "Stream"}, "geometry": {"type": "Polygon", "coordinates": [[[73.63708333327568, 18.80041666667603], [73.63708333327568, 18.799583333342696], [73.64041666660901, 18.799583333342696], [73.64041666660901, 18.80041666667603], [73.63708333327568, 18.80041666667603]]]}}, {"type": "Feature", "properties": {"name": "Stream"}, "geometry": {"type": "Polygon", "coordinates": [[[73.63041666660902, 18.80041666667603], [73.63041666660902, 18.798750000009363], [73.63208333327569, 18.798750000009363], [73.63208333327569, 18.799583333342696], [73.63124999994236, 18.799583333342696], [73.63124999994236, 18.80041666667603], [73.63041666660902, 18.80041666667603]]]}}, {"type": "Feature", "properties": {"name": "Stream"}, "geometry": {"type": "Polygon", "coordinates": [[[73.86291666660897, 18.80041666667603], [73.86291666660897, 18.798750000009363], [73.8637499999423, 18.798750000009363], [73.8637499999423, 18.80041666667603], [73.86291666660897, 18.80041666667603]]]}}, {"type": "Feature", "properties": {"name": "Stream"}, "geometry": {"type": "Polygon", "coordinates": [[[73.63624999994235, 18.799583333342696], [73.63624999994235, 18.798750000009363], [73.63708333327568, 18.798750000009363], [73.63708333327568, 18.799583333342696], [73.63624999994235, 18.799583333342696]]]}}, {"type": "Feature", "properties": {"name": "Stream"}, "geometry": {"type": "Polygon", "coordinates": [[[73.64041666660901, 18.799583333342696], [73.64041666660901, 18.798750000009363], [73.64124999994235, 18.798750000009363], [73.64124999994235, 18.799583333342696], [73.64041666660901, 18.799583333342696]]]}}, {"type": "Feature", "properties": {"name": "Stream"}, "geometry": {"type": "Polygon", "coordinates": [[[73.91541666660896, 18.799583333342696], [73.91541666660896, 18.798750000009363], [73.91708333327563, 18.798750000009363], [73.91708333327563, 18.799583333342696], [73.91541666660896, 18.799583333342696]]]}}, {"type": "Feature", "properties": {"name": "Stream"}, "geometry": {"type": "Polygon", "coordinates": [[[74.0420833332756, 18.799583333342696], [74.0420833332756, 18.79791666667603], [74.04291666660893, 18.79791666667603], [74.04291666660893, 18.799583333342696], [74.0420833332756, 18.799583333342696]]]}}, {"type": "Feature", "properties": {"name": "Stream"}, "geometry": {"type": "Polygon", "coordinates": [[[73.63208333327569, 18.798750000009363], [73.63208333327569, 18.79791666667603], [73.63291666660902, 18.79791666667603], [73.63291666660902, 18.798750000009363], [73.63208333327569, 18.798750000009363]]]}}, {"type": "Feature", "properties": {"name": "Stream"}, "geometry": {"type": "Polygon", "coordinates": [[[73.63458333327569, 18.798750000009363], [73.63458333327569, 18.79791666667603], [73.63624999994235, 18.79791666667603], [73.63624999994235, 18.798750000009363], [73.63458333327569, 18.798750000009363]]]}}, {"type": "Feature", "properties": {"name": "Stream"}, "geometry": {"type": "Polygon", "coordinates": [[[73.8637499999423, 18.798750000009363], [73.8637499999423, 18.79791666667603], [73.86458333327563, 18.79791666667603], [73.86458333327563, 18.798750000009363], [73.8637499999423, 18.798750000009363]]]}}, {"type": "Feature", "properties": {"name": "Stream"}, "geometry": {"type": "Polygon", "coordinates": [[[73.91708333327563, 18.798750000009363], [73.91708333327563, 18.79791666667603], [73.91874999994229, 18.79791666667603], [73.91874999994229, 18.798750000009363], [73.91708333327563, 18.798750000009363]]]}}, {"type": "Feature", "properties": {"name": "Stream"}, "geometry": {"type": "Polygon", "coordinates": [[[73.63291666660902, 18.79791666667603], [73.63291666660902, 18.797083333342698], [73.63458333327569, 18.797083333342698], [73.63458333327569, 18.79791666667603], [73.63291666660902, 18.79791666667603]]]}}, {"type": "Feature", "properties": {"name": "Stream"}, "geometry": {"type": "Polygon", "coordinates": [[[73.86458333327563, 18.79791666667603], [73.86458333327563, 18.797083333342698], [73.86541666660897, 18.797083333342698], [73.86541666660897, 18.79791666667603], [73.86458333327563, 18.79791666667603]]]}}, {"type": "Feature", "properties": {"name": "Stream"}, "geometry": {"type": "Polygon", "coordinates": [[[73.91874999994229, 18.79791666667603], [73.91874999994229, 18.797083333342698], [73.92041666660896, 18.797083333342698], [73.92041666660896, 18.79791666667603], [73.91874999994229, 18.79791666667603]]]}}, {"type": "Feature", "properties": {"name": "Stream"}, "geometry": {"type": "Polygon", "coordinates": [[[74.04291666660893, 18.79791666667603], [74.04291666660893, 18.797083333342698], [74.04374999994226, 18.797083333342698], [74.04374999994226, 18.79791666667603], [74.04291666660893, 18.79791666667603]]]}}, {"type": "Feature", "properties": {"name": "Stream"}, "geometry": {"type": "Polygon", "coordinates": [[[73.64124999994235, 18.798750000009363], [73.64124999994235, 18.796250000009366], [73.64208333327569, 18.796250000009366], [73.64208333327569, 18.798750000009363], [73.64124999994235, 18.798750000009363]]]}}, {"type": "Feature", "properties": {"name": "Stream"}, "geometry": {"type": "Polygon", "coordinates": [[[73.86541666660897, 18.797083333342698], [73.86541666660897, 18.796250000009366], [73.8662499999423, 18.796250000009366], [73.8662499999423, 18.797083333342698], [73.86541666660897, 18.797083333342698]]]}}, {"type": "Feature", "properties": {"name": "Stream"}, "geometry": {"type": "Polygon", "coordinates": [[[73.92041666660896, 18.797083333342698], [73.92041666660896, 18.796250000009366], [73.92291666660896, 18.796250000009366], [73.92291666660896, 18.797083333342698], [73.92041666660896, 18.797083333342698]]]}}, {"type": "Feature", "properties": {"name": "Stream"}, "geometry": {"type": "Polygon", "coordinates": [[[74.04374999994226, 18.797083333342698], [74.04374999994226, 18.796250000009366], [74.0445833332756, 18.796250000009366], [74.0445833332756, 18.797083333342698], [74.04374999994226, 18.797083333342698]]]}}, {"type": "Feature", "properties": {"name": "Stream"}, "geometry": {"type": "Polygon", "coordinates": [[[73.8662499999423, 18.796250000009366], [73.8662499999423, 18.79541666667603], [73.86708333327563, 18.79541666667603], [73.86708333327563, 18.796250000009366], [73.8662499999423, 18.796250000009366]]]}}, {"type": "Feature", "properties": {"name": "Stream"}, "geometry": {"type": "Polygon", "coordinates": [[[73.92291666660896, 18.796250000009366], [73.92291666660896, 18.79541666667603], [73.92458333327562, 18.79541666667603], [73.92458333327562, 18.796250000009366], [73.92291666660896, 18.796250000009366]]]}}, {"type": "Feature", "properties": {"name": "Stream"}, "geometry": {"type": "Polygon", "coordinates": [[[74.0445833332756, 18.796250000009366], [74.0445833332756, 18.79541666667603], [74.04541666660893, 18.79541666667603], [74.04541666660893, 18.796250000009366], [74.0445833332756, 18.796250000009366]]]}}, {"type": "Feature", "properties": {"name": "Stream"}, "geometry": {"type": "Polygon", "coordinates": [[[73.64041666660901, 18.796250000009366], [73.64041666660901, 18.794583333342697], [73.64124999994235, 18.794583333342697], [73.64124999994235, 18.796250000009366], [73.64041666660901, 18.796250000009366]]]}}, {"type": "Feature", "properties": {"name": "Stream"}, "geometry": {"type": "Polygon", "coordinates": [[[73.92458333327562, 18.79541666667603], [73.92458333327562, 18.794583333342697], [73.92541666660895, 18.794583333342697], [73.92541666660895, 18.79541666667603], [73.92458333327562, 18.79541666667603]]]}}, {"type": "Feature", "properties": {"name": "Stream"}, "geometry": {"type": "Polygon", "coordinates": [[[74.04541666660893, 18.79541666667603], [74.04541666660893, 18.794583333342697], [74.04624999994226, 18.794583333342697], [74.04624999994226, 18.79541666667603], [74.04541666660893, 18.79541666667603]]]}}, {"type": "Feature", "properties": {"name": "Stream"}, "geometry": {"type": "Polygon", "coordinates": [[[73.86708333327563, 18.79541666667603], [73.86708333327563, 18.793750000009364], [73.86791666660896, 18.793750000009364], [73.86791666660896, 18.79541666667603], [73.86708333327563, 18.79541666667603]]]}}, {"type": "Feature", "properties": {"name": "Stream"}, "geometry": {"type": "Polygon", "coordinates": [[[73.64124999994235, 18.794583333342697], [73.64124999994235, 18.793750000009364], [73.64208333327569, 18.793750000009364], [73.64208333327569, 18.794583333342697], [73.64124999994235, 18.794583333342697]]]}}, {"type": "Feature", "properties": {"name": "Stream"}, "geometry": {"type": "Polygon", "coordinates": [[[73.92541666660895, 18.794583333342697], [73.92541666660895, 18.793750000009364], [73.92624999994229, 18.793750000009364], [73.92624999994229, 18.794583333342697], [73.92541666660895, 18.794583333342697]]]}}, {"type": "Feature", "properties": {"name": "Stream"}, "geometry": {"type": "Polygon", "coordinates": [[[73.64208333327569, 18.793750000009364], [73.64208333327569, 18.79291666667603], [73.64291666660903, 18.79291666667603], [73.64291666660903, 18.793750000009364], [73.64208333327569, 18.793750000009364]]]}}, {"type": "Feature", "properties": {"name": "Stream"}, "geometry": {"type": "Polygon", "coordinates": [[[74.04624999994226, 18.794583333342697], [74.04624999994226, 18.7920833333427], [74.0470833332756, 18.7920833333427], [74.0470833332756, 18.794583333342697], [74.04624999994226, 18.794583333342697]]]}}, {"type": "Feature", "properties": {"name": "Stream"}, "geometry": {"type": "Polygon", "coordinates": [[[73.86791666660896, 18.793750000009364], [73.86791666660896, 18.7920833333427], [73.8687499999423, 18.7920833333427], [73.8687499999423, 18.793750000009364], [73.86791666660896, 18.793750000009364]]]}}, {"type": "Feature", "properties": {"name": "Stream"}, "geometry": {"type": "Polygon", "coordinates": [[[73.92624999994229, 18.793750000009364], [73.92624999994229, 18.7920833333427], [73.92708333327562, 18.7920833333427], [73.92708333327562, 18.793750000009364], [73.92624999994229, 18.793750000009364]]]}}, {"type": "Feature", "properties": {"name": "Stream"}, "geometry": {"type": "Polygon", "coordinates": [[[73.64291666660903, 18.79291666667603], [73.64291666660903, 18.791250000009367], [73.64374999994236, 18.791250000009367], [73.64374999994236, 18.79291666667603], [73.64291666660903, 18.79291666667603]]]}}, {"type": "Feature", "properties": {"name": "Stream"}, "geometry": {"type": "Polygon", "coordinates": [[[73.8687499999423, 18.7920833333427], [73.8687499999423, 18.791250000009367], [73.86958333327563, 18.791250000009367], [73.86958333327563, 18.7920833333427], [73.8687499999423, 18.7920833333427]]]}}, {"type": "Feature", "properties": {"name": "Stream"}, "geometry": {"type": "Polygon", "coordinates": [[[73.92708333327562, 18.7920833333427], [73.92708333327562, 18.791250000009367], [73.92791666660895, 18.791250000009367], [73.92791666660895, 18.7920833333427], [73.92708333327562, 18.7920833333427]]]}}, {"type": "Feature", "properties": {"name": "Stream"}, "geometry": {"type": "Polygon", "coordinates": [[[73.64124999994235, 18.791250000009367], [73.64124999994235, 18.79041666667603], [73.64291666660903, 18.79041666667603], [73.64291666660903, 18.791250000009367], [73.64124999994235, 18.791250000009367]]]}}, {"type": "Feature", "properties": {"name": "Stream"}, "geometry": {"type": "Polygon", "coordinates": [[[73.86958333327563, 18.791250000009367], [73.86958333327563, 18.79041666667603], [73.87124999994231, 18.79041666667603], [73.87124999994231, 18.791250000009367], [73.86958333327563, 18.791250000009367]]]}}, {"type": "Feature", "properties": {"name": "Stream"}, "geometry": {"type": "Polygon", "coordinates": [[[73.87708333327564, 18.791250000009367], [73.87708333327564, 18.79041666667603], [73.87958333327563, 18.79041666667603], [73.87958333327563, 18.791250000009367], [73.87708333327564, 18.791250000009367]]]}}, {"type": "Feature", "properties": {"name": "Stream"}, "geometry": {"type": "Polygon", "coordinates": [[[73.92791666660895, 18.791250000009367], [73.92791666660895, 18.79041666667603], [73.92874999994228, 18.79041666667603], [73.92874999994228, 18.791250000009367], [73.92791666660895, 18.791250000009367]]]}}, {"type": "Feature", "properties": {"name": "Stream"}, "geometry": {"type": "Polygon", "coordinates": [[[73.64041666660901, 18.79041666667603], [73.64041666660901, 18.789583333342698], [73.64124999994235, 18.789583333342698], [73.64124999994235, 18.79041666667603], [73.64041666660901, 18.79041666667603]]]}}, {"type": "Feature", "properties": {"name": "Stream"}, "geometry": {"type": "Polygon", "coordinates": [[[73.87124999994231, 18.79041666667603], [73.87124999994231, 18.789583333342698], [73.87708333327564, 18.789583333342698], [73.87708333327564, 18.79041666667603], [73.87124999994231, 18.79041666667603]]]}}, {"type": "Feature", "properties": {"name": "Stream"}, "geometry": {"type": "Polygon", "coordinates": [[[73.87958333327563, 18.79041666667603], [73.87958333327563, 18.789583333342698], [73.88041666660897, 18.789583333342698], [73.88041666660897, 18.79041666667603], [73.87958333327563, 18.79041666667603]]]}}, {"type": "Feature", "properties": {"name": "Stream"}, "geometry": {"type": "Polygon", "coordinates": [[[73.8837499999423, 18.79041666667603], [73.8837499999423, 18.789583333342698], [73.8862499999423, 18.789583333342698], [73.8862499999423, 18.79041666667603], [73.8837499999423, 18.79041666667603]]]}}, {"type": "Feature", "properties": {"name": "Stream"}, "geometry": {"type": "Polygon", "coordinates": [[[73.92874999994228, 18.79041666667603], [73.92874999994228, 18.789583333342698], [73.93041666660895, 18.789583333342698], [73.93041666660895, 18.79041666667603], [73.92874999994228, 18.79041666667603]]]}}, {"type": "Feature", "properties": {"name": "Stream"}, "geometry": {"type": "Polygon", "coordinates": [[[73.64124999994235, 18.789583333342698], [73.64124999994235, 18.788750000009365], [73.64208333327569, 18.788750000009365], [73.64208333327569, 18.789583333342698], [73.64124999994235, 18.789583333342698]]]}}, {"type": "Feature", "properties": {"name": "Stream"}, "geometry": {"type": "Polygon", "coordinates": [[[73.88041666660897, 18.789583333342698], [73.88041666660897, 18.788750000009365], [73.8837499999423, 18.788750000009365], [73.8837499999423, 18.789583333342698], [73.88041666660897, 18.789583333342698]]]}}, {"type": "Feature", "properties": {"name": "Stream"}, "geometry": {"type": "Polygon", "coordinates": [[[73.8862499999423, 18.789583333342698], [73.8862499999423, 18.788750000009365], [73.88708333327563, 18.788750000009365], [73.88708333327563, 18.789583333342698], [73.8862499999423, 18.789583333342698]]]}}, {"type": "Feature", "properties": {"name": "Stream"}, "geometry": {"type": "Polygon", "coordinates": [[[73.93041666660895, 18.789583333342698], [73.93041666660895, 18.788750000009365], [73.93124999994228, 18.788750000009365], [73.93124999994228, 18.789583333342698], [73.93041666660895, 18.789583333342698]]]}}, {"type": "Feature", "properties": {"name": "Stream"}, "geometry": {"type": "Polygon", "coordinates": [[[74.04541666660893, 18.7920833333427], [74.04541666660893, 18.787916666676033], [74.04624999994226, 18.787916666676033], [74.04624999994226, 18.7920833333427], [74.04541666660893, 18.7920833333427]]]}}, {"type": "Feature", "properties": {"name": "Stream"}, "geometry": {"type": "Polygon", "coordinates": [[[73.64208333327569, 18.788750000009365], [73.64208333327569, 18.787916666676033], [73.64374999994236, 18.787916666676033], [73.64374999994236, 18.788750000009365], [73.64208333327569, 18.788750000009365]]]}}, {"type": "Feature", "properties": {"name": "Stream"}, "geometry": {"type": "Polygon", "coordinates": [[[73.88708333327563, 18.788750000009365], [73.88708333327563, 18.787916666676033], [73.8937499999423, 18.787916666676033], [73.8937499999423, 18.788750000009365], [73.88708333327563, 18.788750000009365]]]}}, {"type": "Feature", "properties": {"name": "Stream"}, "geometry": {"type": "Polygon", "coordinates": [[[73.93124999994228, 18.788750000009365], [73.93124999994228, 18.787916666676033], [73.93208333327561, 18.787916666676033], [73.93208333327561, 18.788750000009365], [73.93124999994228, 18.788750000009365]]]}}, {"type": "Feature", "properties": {"name": "Stream"}, "geometry": {"type": "Polygon", "coordinates": [[[73.93208333327561, 18.787916666676033], [73.93208333327561, 18.7870833333427], [73.93291666660895, 18.7870833333427], [73.93291666660895, 18.787916666676033], [73.93208333327561, 18.787916666676033]]]}}, {"type": "Feature", "properties": {"name": "Stream"}, "geometry": {"type": "Polygon", "coordinates": [[[74.04624999994226, 18.787916666676033], [74.04624999994226, 18.7870833333427], [74.05041666660892, 18.7870833333427], [74.05041666660892, 18.787916666676033], [74.04624999994226, 18.787916666676033]]]}}, {"type": "Feature", "properties": {"name": "Stream"}, "geometry": {"type": "Polygon", "coordinates": [[[73.64374999994236, 18.787916666676033], [73.64374999994236, 18.786250000009368], [73.64458333327569, 18.786250000009368], [73.64458333327569, 18.787916666676033], [73.64374999994236, 18.787916666676033]]]}}, {"type": "Feature", "properties": {"name": "Stream"}, "geometry": {"type": "Polygon", "coordinates": [[[73.8937499999423, 18.787916666676033], [73.8937499999423, 18.786250000009368], [73.89458333327563, 18.786250000009368], [73.89458333327563, 18.787916666676033], [73.8937499999423, 18.787916666676033]]]}}, {"type": "Feature", "properties": {"name": "Stream"}, "geometry": {"type": "Polygon", "coordinates": [[[73.93291666660895, 18.7870833333427], [73.93291666660895, 18.786250000009368], [73.9337499999423, 18.786250000009368], [73.9337499999423, 18.7870833333427], [73.93291666660895, 18.7870833333427]]]}}, {"type": "Feature", "properties": {"name": "Stream"}, "geometry": {"type": "Polygon", "coordinates": [[[74.05041666660892, 18.7870833333427], [74.05041666660892, 18.786250000009368], [74.05124999994226, 18.786250000009368], [74.05124999994226, 18.7870833333427], [74.05041666660892, 18.7870833333427]]]}}, {"type": "Feature", "properties": {"name": "Stream"}, "geometry": {"type": "Polygon", "coordinates": [[[73.64791666660902, 18.786250000009368], [73.64791666660902, 18.78541666667603], [73.64874999994235, 18.78541666667603], [73.64874999994235, 18.786250000009368], [73.64791666660902, 18.786250000009368]]]}}, {"type": "Feature", "properties": {"name": "Stream"}, "geometry": {"type": "Polygon", "coordinates": [[[73.64458333327569, 18.786250000009368], [73.64458333327569, 18.7845833333427], [73.64541666660902, 18.7845833333427], [73.64541666660902, 18.786250000009368], [73.64458333327569, 18.786250000009368]]]}}, {"type": "Feature", "properties": {"name": "Stream"}, "geometry": {"type": "Polygon", "coordinates": [[[73.64624999994236, 18.78541666667603], [73.64624999994236, 18.7845833333427], [73.64791666660902, 18.7845833333427], [73.64791666660902, 18.78541666667603], [73.64624999994236, 18.78541666667603]]]}}, {"type": "Feature", "properties": {"name": "Stream"}, "geometry": {"type": "Polygon", "coordinates": [[[73.64874999994235, 18.78541666667603], [73.64874999994235, 18.7845833333427], [73.64958333327569, 18.7845833333427], [73.64958333327569, 18.78541666667603], [73.64874999994235, 18.78541666667603]]]}}, {"type": "Feature", "properties": {"name": "Stream"}, "geometry": {"type": "Polygon", "coordinates": [[[73.89458333327563, 18.786250000009368], [73.89458333327563, 18.783750000009366], [73.89541666660897, 18.783750000009366], [73.89541666660897, 18.786250000009368], [73.89458333327563, 18.786250000009368]]]}}, {"type": "Feature", "properties": {"name": "Stream"}, "geometry": {"type": "Polygon", "coordinates": [[[73.57624999994236, 18.7845833333427], [73.57624999994236, 18.783750000009366], [73.5845833332757, 18.783750000009366], [73.5845833332757, 18.7845833333427], [73.57624999994236, 18.7845833333427]]]}}, {"type": "Feature", "properties": {"name": "Stream"}, "geometry": {"type": "Polygon", "coordinates": [[[73.60874999994236, 18.7845833333427], [73.60874999994236, 18.783750000009366], [73.61208333327569, 18.783750000009366], [73.61208333327569, 18.7845833333427], [73.60874999994236, 18.7845833333427]]]}}, {"type": "Feature", "properties": {"name": "Stream"}, "geometry": {"type": "Polygon", "coordinates": [[[73.64541666660902, 18.7845833333427], [73.64541666660902, 18.783750000009366], [73.64624999994236, 18.783750000009366], [73.64624999994236, 18.7845833333427], [73.64541666660902, 18.7845833333427]]]}}, {"type": "Feature", "properties": {"name": "Stream"}, "geometry": {"type": "Polygon", "coordinates": [[[73.64958333327569, 18.7845833333427], [73.64958333327569, 18.783750000009366], [73.65041666660902, 18.783750000009366], [73.65041666660902, 18.7845833333427], [73.64958333327569, 18.7845833333427]]]}}, {"type": "Feature", "properties": {"name": "Stream"}, "geometry": {"type": "Polygon", "coordinates": [[[73.93208333327561, 18.786250000009368], [73.93208333327561, 18.782916666676034], [73.93291666660895, 18.782916666676034], [73.93291666660895, 18.786250000009368], [73.93208333327561, 18.786250000009368]]]}}, {"type": "Feature", "properties": {"name": "Stream"}, "geometry": {"type": "Polygon", "coordinates": [[[74.05124999994226, 18.786250000009368], [74.05124999994226, 18.782916666676034], [74.05208333327559, 18.782916666676034], [74.05208333327559, 18.786250000009368], [74.05124999994226, 18.786250000009368]]]}}, {"type": "Feature", "properties": {"name": "Stream"}, "geometry": {"type": "Polygon", "coordinates": [[[73.57541666660903, 18.783750000009366], [73.57541666660903, 18.782916666676034], [73.57624999994236, 18.782916666676034], [73.57624999994236, 18.783750000009366], [73.57541666660903, 18.783750000009366]]]}}, {"type": "Feature", "properties": {"name": "Stream"}, "geometry": {"type": "Polygon", "coordinates": [[[73.5845833332757, 18.783750000009366], [73.5845833332757, 18.782916666676034], [73.58624999994237, 18.782916666676034], [73.58624999994237, 18.783750000009366], [73.5845833332757, 18.783750000009366]]]}}, {"type": "Feature", "properties": {"name": "Stream"}, "geometry": {"type": "Polygon", "coordinates": [[[73.60791666660903, 18.783750000009366], [73.60791666660903, 18.782916666676034], [73.60874999994236, 18.782916666676034], [73.60874999994236, 18.783750000009366], [73.60791666660903, 18.783750000009366]]]}}, {"type": "Feature", "properties": {"name": "Stream"}, "geometry": {"type": "Polygon", "coordinates": [[[73.61791666660902, 18.783750000009366], [73.61791666660902, 18.782916666676034], [73.62124999994236, 18.782916666676034], [73.62124999994236, 18.783750000009366], [73.61791666660902, 18.783750000009366]]]}}, {"type": "Feature", "properties": {"name": "Stream"}, "geometry": {"type": "Polygon", "coordinates": [[[73.8937499999423, 18.783750000009366], [73.8937499999423, 18.782916666676034], [73.89458333327563, 18.782916666676034], [73.89458333327563, 18.783750000009366], [73.8937499999423, 18.783750000009366]]]}}, {"type": "Feature", "properties": {"name": "Stream"}, "geometry": {"type": "Polygon", "coordinates": [[[73.6070833332757, 18.782916666676034], [73.6070833332757, 18.7820833333427], [73.60791666660903, 18.7820833333427], [73.60791666660903, 18.782916666676034], [73.6070833332757, 18.782916666676034]]]}}, {"type": "Feature", "properties": {"name": "Stream"}, "geometry": {"type": "Polygon", "coordinates": [[[73.62124999994236, 18.782916666676034], [73.62124999994236, 18.7820833333427], [73.6220833332757, 18.7820833333427], [73.6220833332757, 18.782916666676034], [73.62124999994236, 18.782916666676034]]]}}, {"type": "Feature", "properties": {"name": "Stream"}, "geometry": {"type": "Polygon", "coordinates": [[[74.05208333327559, 18.782916666676034], [74.05208333327559, 18.7820833333427], [74.05374999994226, 18.7820833333427], [74.05374999994226, 18.782916666676034], [74.05208333327559, 18.782916666676034]]]}}, {"type": "Feature", "properties": {"name": "Stream"}, "geometry": {"type": "Polygon", "coordinates": [[[73.58624999994237, 18.782916666676034], [73.58624999994237, 18.78125000000937], [73.5870833332757, 18.78125000000937], [73.5870833332757, 18.782916666676034], [73.58624999994237, 18.782916666676034]]]}}, {"type": "Feature", "properties": {"name": "Stream"}, "geometry": {"type": "Polygon", "coordinates": [[[73.89291666660897, 18.782916666676034], [73.89291666660897, 18.78125000000937], [73.8937499999423, 18.78125000000937], [73.8937499999423, 18.782916666676034], [73.89291666660897, 18.782916666676034]]]}}, {"type": "Feature", "properties": {"name": "Stream"}, "geometry": {"type": "Polygon", "coordinates": [[[73.60624999994236, 18.7820833333427], [73.60624999994236, 18.78125000000937], [73.6070833332757, 18.78125000000937], [73.6070833332757, 18.7820833333427], [73.60624999994236, 18.7820833333427]]]}}, {"type": "Feature", "properties": {"name": "Stream"}, "geometry": {"type": "Polygon", "coordinates": [[[73.6220833332757, 18.7820833333427], [73.6220833332757, 18.78125000000937], [73.62291666660903, 18.78125000000937], [73.62291666660903, 18.7820833333427], [73.6220833332757, 18.7820833333427]]]}}, {"type": "Feature", "properties": {"name": "Stream"}, "geometry": {"type": "Polygon", "coordinates": [[[74.05374999994226, 18.7820833333427], [74.05374999994226, 18.78125000000937], [74.05541666660892, 18.78125000000937], [74.05541666660892, 18.7820833333427], [74.05374999994226, 18.7820833333427]]]}}, {"type": "Feature", "properties": {"name": "Stream"}, "geometry": {"type": "Polygon", "coordinates": [[[73.65041666660902, 18.783750000009366], [73.65041666660902, 18.780416666676032], [73.65124999994235, 18.780416666676032], [73.65124999994235, 18.783750000009366], [73.65041666660902, 18.783750000009366]]]}}, {"type": "Feature", "properties": {"name": "Stream"}, "geometry": {"type": "Polygon", "coordinates": [[[73.60541666660903, 18.78125000000937], [73.60541666660903, 18.780416666676032], [73.60624999994236, 18.780416666676032], [73.60624999994236, 18.78125000000937], [73.60541666660903, 18.78125000000937]]]}}, {"type": "Feature", "properties": {"name": "Stream"}, "geometry": {"type": "Polygon", "coordinates": [[[73.62291666660903, 18.78125000000937], [73.62291666660903, 18.780416666676032], [73.62374999994236, 18.780416666676032], [73.62374999994236, 18.78125000000937], [73.62291666660903, 18.78125000000937]]]}}, {"type": "Feature", "properties": {"name": "Stream"}, "geometry": {"type": "Polygon", "coordinates": [[[73.89208333327564, 18.78125000000937], [73.89208333327564, 18.780416666676032], [73.89291666660897, 18.780416666676032], [73.89291666660897, 18.78125000000937], [73.89208333327564, 18.78125000000937]]]}}, {"type": "Feature", "properties": {"name": "Stream"}, "geometry": {"type": "Polygon", "coordinates": [[[74.05541666660892, 18.78125000000937], [74.05541666660892, 18.780416666676032], [74.05624999994225, 18.780416666676032], [74.05624999994225, 18.78125000000937], [74.05541666660892, 18.78125000000937]]]}}, {"type": "Feature", "properties": {"name": "Stream"}, "geometry": {"type": "Polygon", "coordinates": [[[73.93291666660895, 18.782916666676034], [73.93291666660895, 18.7795833333427], [73.9337499999423, 18.7795833333427], [73.9337499999423, 18.782916666676034], [73.93291666660895, 18.782916666676034]]]}}, {"type": "Feature", "properties": {"name": "Stream"}, "geometry": {"type": "Polygon", "coordinates": [[[73.60374999994237, 18.780416666676032], [73.60374999994237, 18.7795833333427], [73.60541666660903, 18.7795833333427], [73.60541666660903, 18.780416666676032], [73.60374999994237, 18.780416666676032]]]}}, {"type": "Feature", "properties": {"name": "Stream"}, "geometry": {"type": "Polygon", "coordinates": [[[73.65124999994235, 18.780416666676032], [73.65124999994235, 18.7795833333427], [73.65208333327568, 18.7795833333427], [73.65208333327568, 18.780416666676032], [73.65124999994235, 18.780416666676032]]]}}, {"type": "Feature", "properties": {"name": "Stream"}, "geometry": {"type": "Polygon", "coordinates": [[[73.89124999994229, 18.780416666676032], [73.89124999994229, 18.7795833333427], [73.89208333327564, 18.7795833333427], [73.89208333327564, 18.780416666676032], [73.89124999994229, 18.780416666676032]]]}}, {"type": "Feature", "properties": {"name": "Stream"}, "geometry": {"type": "Polygon", "coordinates": [[[73.6020833332757, 18.7795833333427], [73.6020833332757, 18.778750000009367], [73.60374999994237, 18.778750000009367], [73.60374999994237, 18.7795833333427], [73.6020833332757, 18.7795833333427]]]}}, {"type": "Feature", "properties": {"name": "Stream"}, "geometry": {"type": "Polygon", "coordinates": [[[73.65041666660902, 18.7795833333427], [73.65041666660902, 18.778750000009367], [73.65124999994235, 18.778750000009367], [73.65124999994235, 18.7795833333427], [73.65041666660902, 18.7795833333427]]]}}, {"type": "Feature", "properties": {"name": "Stream"}, "geometry": {"type": "Polygon", "coordinates": [[[73.88958333327562, 18.7795833333427], [73.88958333327562, 18.778750000009367], [73.89124999994229, 18.778750000009367], [73.89124999994229, 18.7795833333427], [73.88958333327562, 18.7795833333427]]]}}, {"type": "Feature", "properties": {"name": "Stream"}, "geometry": {"type": "Polygon", "coordinates": [[[73.9337499999423, 18.7795833333427], [73.9337499999423, 18.778750000009367], [73.93458333327563, 18.778750000009367], [73.93458333327563, 18.7795833333427], [73.9337499999423, 18.7795833333427]]]}}, {"type": "Feature", "properties": {"name": "Stream"}, "geometry": {"type": "Polygon", "coordinates": [[[73.5745833332757, 18.782916666676034], [73.5745833332757, 18.777916666676035], [73.57541666660903, 18.777916666676035], [73.57541666660903, 18.782916666676034], [73.5745833332757, 18.782916666676034]]]}}, {"type": "Feature", "properties": {"name": "Stream"}, "geometry": {"type": "Polygon", "coordinates": [[[73.5870833332757, 18.78125000000937], [73.5870833332757, 18.777916666676035], [73.58791666660903, 18.777916666676035], [73.58791666660903, 18.78125000000937], [73.5870833332757, 18.78125000000937]]]}}, {"type": "Feature", "properties": {"name": "Stream"}, "geometry": {"type": "Polygon", "coordinates": [[[73.62374999994236, 18.780416666676032], [73.62374999994236, 18.777916666676035], [73.6245833332757, 18.777916666676035], [73.6245833332757, 18.780416666676032], [73.62374999994236, 18.780416666676032]]]}}, {"type": "Feature", "properties": {"name": "Stream"}, "geometry": {"type": "Polygon", "coordinates": [[[73.60124999994237, 18.778750000009367], [73.60124999994237, 18.777916666676035], [73.6020833332757, 18.777916666676035], [73.6020833332757, 18.778750000009367], [73.60124999994237, 18.778750000009367]]]}}, {"type": "Feature", "properties": {"name": "Stream"}, "geometry": {"type": "Polygon", "coordinates": [[[73.64958333327569, 18.778750000009367], [73.64958333327569, 18.777916666676035], [73.65041666660902, 18.777916666676035], [73.65041666660902, 18.778750000009367], [73.64958333327569, 18.778750000009367]]]}}, {"type": "Feature", "properties": {"name": "Stream"}, "geometry": {"type": "Polygon", "coordinates": [[[73.61708333327569, 18.782916666676034], [73.61708333327569, 18.777083333342702], [73.61791666660902, 18.777083333342702], [73.61791666660902, 18.782916666676034], [73.61708333327569, 18.782916666676034]]]}}, {"type": "Feature", "properties": {"name": "Stream"}, "geometry": {"type": "Polygon", "coordinates": [[[73.88874999994229, 18.778750000009367], [73.88874999994229, 18.777083333342702], [73.88958333327562, 18.777083333342702], [73.88958333327562, 18.778750000009367], [73.88874999994229, 18.778750000009367]]]}}, {"type": "Feature", "properties": {"name": "Stream"}, "geometry": {"type": "Polygon", "coordinates": [[[73.60041666660904, 18.777916666676035], [73.60041666660904, 18.777083333342702], [73.60124999994237, 18.777083333342702], [73.60124999994237, 18.777916666676035], [73.60041666660904, 18.777916666676035]]]}}, {"type": "Feature", "properties": {"name": "Stream"}, "geometry": {"type": "Polygon", "coordinates": [[[73.64874999994235, 18.777916666676035], [73.64874999994235, 18.777083333342702], [73.64958333327569, 18.777083333342702], [73.64958333327569, 18.777916666676035], [73.64874999994235, 18.777916666676035]]]}}, {"type": "Feature", "properties": {"name": "Stream"}, "geometry": {"type": "Polygon", "coordinates": [[[73.61208333327569, 18.783750000009366], [73.61208333327569, 18.77625000000937], [73.61291666660902, 18.77625000000937], [73.61291666660902, 18.783750000009366], [73.61208333327569, 18.783750000009366]]]}}, {"type": "Feature", "properties": {"name": "Stream"}, "geometry": {"type": "Polygon", "coordinates": [[[74.05624999994225, 18.780416666676032], [74.05624999994225, 18.77625000000937], [74.05708333327559, 18.77625000000937], [74.05708333327559, 18.780416666676032], [74.05624999994225, 18.780416666676032]]]}}, {"type": "Feature", "properties": {"name": "Stream"}, "geometry": {"type": "Polygon", "coordinates": [[[73.58624999994237, 18.777916666676035], [73.58624999994237, 18.77625000000937], [73.5870833332757, 18.77625000000937], [73.5870833332757, 18.777916666676035], [73.58624999994237, 18.777916666676035]]]}}, {"type": "Feature", "properties": {"name": "Stream"}, "geometry": {"type": "Polygon", "coordinates": [[[73.59874999994236, 18.777083333342702], [73.59874999994236, 18.77625000000937], [73.60041666660904, 18.77625000000937], [73.60041666660904, 18.777083333342702], [73.59874999994236, 18.777083333342702]]]}}, {"type": "Feature", "properties": {"name": "Stream"}, "geometry": {"type": "Polygon", "coordinates": [[[73.64791666660902, 18.777083333342702], [73.64791666660902, 18.77625000000937], [73.64874999994235, 18.77625000000937], [73.64874999994235, 18.777083333342702], [73.64791666660902, 18.777083333342702]]]}}, {"type": "Feature", "properties": {"name": "Stream"}, "geometry": {"type": "Polygon", "coordinates": [[[73.93458333327563, 18.778750000009367], [73.93458333327563, 18.775416666676037], [73.93541666660896, 18.775416666676037], [73.93541666660896, 18.778750000009367], [73.93458333327563, 18.778750000009367]]]}}, {"type": "Feature", "properties": {"name": "Stream"}, "geometry": {"type": "Polygon", "coordinates": [[[73.57541666660903, 18.777916666676035], [73.57541666660903, 18.775416666676037], [73.57624999994236, 18.775416666676037], [73.57624999994236, 18.777916666676035], [73.57541666660903, 18.777916666676035]]]}}, {"type": "Feature", "properties": {"name": "Stream"}, "geometry": {"type": "Polygon", "coordinates": [[[73.61624999994235, 18.777083333342702], [73.61624999994235, 18.775416666676037], [73.61708333327569, 18.775416666676037], [73.61708333327569, 18.777083333342702], [73.61624999994235, 18.777083333342702]]]}}, {"type": "Feature", "properties": {"name": "Stream"}, "geometry": {"type": "Polygon", "coordinates": [[[73.59791666660902, 18.77625000000937], [73.59791666660902, 18.775416666676037], [73.59874999994236, 18.775416666676037], [73.59874999994236, 18.77625000000937], [73.59791666660902, 18.77625000000937]]]}}, {"type": "Feature", "properties": {"name": "Stream"}, "geometry": {"type": "Polygon", "coordinates": [[[73.61291666660902, 18.77625000000937], [73.61291666660902, 18.775416666676037], [73.61374999994236, 18.775416666676037], [73.61374999994236, 18.77625000000937], [73.61291666660902, 18.77625000000937]]]}}, {"type": "Feature", "properties": {"name": "Stream"}, "geometry": {"type": "Polygon", "coordinates": [[[73.64708333327569, 18.77625000000937], [73.64708333327569, 18.775416666676037], [73.64791666660902, 18.775416666676037], [73.64791666660902, 18.77625000000937], [73.64708333327569, 18.77625000000937]]]}}, {"type": "Feature", "properties": {"name": "Stream"}, "geometry": {"type": "Polygon", "coordinates": [[[73.6245833332757, 18.777916666676035], [73.6245833332757, 18.7745833333427], [73.62541666660903, 18.7745833333427], [73.62541666660903, 18.777916666676035], [73.6245833332757, 18.777916666676035]]]}}, {"type": "Feature", "properties": {"name": "Stream"}, "geometry": {"type": "Polygon", "coordinates": [[[74.05708333327559, 18.77625000000937], [74.05708333327559, 18.7745833333427], [74.05791666660892, 18.7745833333427], [74.05791666660892, 18.77625000000937], [74.05708333327559, 18.77625000000937]]]}}, {"type": "Feature", "properties": {"name": "Stream"}, "geometry": {"type": "Polygon", "coordinates": [[[73.56374999994237, 18.775416666676037], [73.56374999994237, 18.7745833333427], [73.57124999994237, 18.7745833333427], [73.57124999994237, 18.775416666676037], [73.56374999994237, 18.775416666676037]]]}}, {"type": "Feature", "properties": {"name": "Stream"}, "geometry": {"type": "Polygon", "coordinates": [[[73.59708333327569, 18.775416666676037], [73.59708333327569, 18.7745833333427], [73.59791666660902, 18.7745833333427], [73.59791666660902, 18.775416666676037], [73.59708333327569, 18.775416666676037]]]}}, {"type": "Feature", "properties": {"name": "Stream"}, "geometry": {"type": "Polygon", "coordinates": [[[73.61374999994236, 18.775416666676037], [73.61374999994236, 18.7745833333427], [73.61624999994235, 18.7745833333427], [73.61624999994235, 18.775416666676037], [73.61374999994236, 18.775416666676037]]]}}, {"type": "Feature", "properties": {"name": "Stream"}, "geometry": {"type": "Polygon", "coordinates": [[[73.64791666660902, 18.775416666676037], [73.64791666660902, 18.7745833333427], [73.64874999994235, 18.7745833333427], [73.64874999994235, 18.775416666676037], [73.64791666660902, 18.775416666676037]]]}}, {"type": "Feature", "properties": {"name": "Stream"}, "geometry": {"type": "Polygon", "coordinates": [[[73.93541666660896, 18.775416666676037], [73.93541666660896, 18.7745833333427], [73.93624999994229, 18.7745833333427], [73.93624999994229, 18.775416666676037], [73.93541666660896, 18.775416666676037]]]}}, {"type": "Feature", "properties": {"name": "Stream"}, "geometry": {"type": "Polygon", "coordinates": [[[73.5870833332757, 18.77625000000937], [73.5870833332757, 18.773750000009368], [73.58791666660903, 18.773750000009368], [73.58791666660903, 18.77625000000937], [73.5870833332757, 18.77625000000937]]]}}, {"type": "Feature", "properties": {"name": "Stream"}, "geometry": {"type": "Polygon", "coordinates": [[[73.56124999994238, 18.7745833333427], [73.56124999994238, 18.773750000009368], [73.56374999994237, 18.773750000009368], [73.56374999994237, 18.7745833333427], [73.56124999994238, 18.7745833333427]]]}}, {"type": "Feature", "properties": {"name": "Stream"}, "geometry": {"type": "Polygon", "coordinates": [[[73.57624999994236, 18.775416666676037], [73.57624999994236, 18.7745833333427], [73.57124999994237, 18.7745833333427], [73.57124999994237, 18.773750000009368], [73.5770833332757, 18.773750000009368], [73.5770833332757, 18.775416666676037], [73.57624999994236, 18.775416666676037]]]}}, {"type": "Feature", "properties": {"name": "Stream"}, "geometry": {"type": "Polygon", "coordinates": [[[73.59624999994236, 18.7745833333427], [73.59624999994236, 18.773750000009368], [73.59708333327569, 18.773750000009368], [73.59708333327569, 18.7745833333427], [73.59624999994236, 18.7745833333427]]]}}, {"type": "Feature", "properties": {"name": "Stream"}, "geometry": {"type": "Polygon", "coordinates": [[[73.64874999994235, 18.7745833333427], [73.64874999994235, 18.773750000009368], [73.64958333327569, 18.773750000009368], [73.64958333327569, 18.7745833333427], [73.64874999994235, 18.7745833333427]]]}}, {"type": "Feature", "properties": {"name": "Stream"}, "geometry": {"type": "Polygon", "coordinates": [[[73.93624999994229, 18.7745833333427], [73.93624999994229, 18.773750000009368], [73.93708333327562, 18.773750000009368], [73.93708333327562, 18.7745833333427], [73.93624999994229, 18.7745833333427]]]}}, {"type": "Feature", "properties": {"name": "Stream"}, "geometry": {"type": "Polygon", "coordinates": [[[74.05791666660892, 18.7745833333427], [74.05791666660892, 18.772916666676036], [74.05874999994226, 18.772916666676036], [74.05874999994226, 18.7745833333427], [74.05791666660892, 18.7745833333427]]]}}, {"type": "Feature", "properties": {"name": "Stream"}, "geometry": {"type": "Polygon", "coordinates": [[[73.56041666660904, 18.773750000009368], [73.56041666660904, 18.772916666676036], [73.56124999994238, 18.772916666676036], [73.56124999994238, 18.773750000009368], [73.56041666660904, 18.773750000009368]]]}}, {"type": "Feature", "properties": {"name": "Stream"}, "geometry": {"type": "Polygon", "coordinates": [[[73.58791666660903, 18.773750000009368], [73.58791666660903, 18.772916666676036], [73.5895833332757, 18.772916666676036], [73.5895833332757, 18.773750000009368], [73.58791666660903, 18.773750000009368]]]}}, {"type": "Feature", "properties": {"name": "Stream"}, "geometry": {"type": "Polygon", "coordinates": [[[73.5945833332757, 18.773750000009368], [73.5945833332757, 18.772916666676036], [73.59624999994236, 18.772916666676036], [73.59624999994236, 18.773750000009368], [73.5945833332757, 18.773750000009368]]]}}, {"type": "Feature", "properties": {"name": "Stream"}, "geometry": {"type": "Polygon", "coordinates": [[[73.64958333327569, 18.773750000009368], [73.64958333327569, 18.772916666676036], [73.65041666660902, 18.772916666676036], [73.65041666660902, 18.773750000009368], [73.64958333327569, 18.773750000009368]]]}}, {"type": "Feature", "properties": {"name": "Stream"}, "geometry": {"type": "Polygon", "coordinates": [[[73.93708333327562, 18.773750000009368], [73.93708333327562, 18.772916666676036], [73.93791666660896, 18.772916666676036], [73.93791666660896, 18.773750000009368], [73.93708333327562, 18.773750000009368]]]}}, {"type": "Feature", "properties": {"name": "Stream"}, "geometry": {"type": "Polygon", "coordinates": [[[73.88791666660896, 18.777083333342702], [73.88791666660896, 18.772083333342703], [73.88874999994229, 18.772083333342703], [73.88874999994229, 18.777083333342702], [73.88791666660896, 18.777083333342702]]]}}, {"type": "Feature", "properties": {"name": "Stream"}, "geometry": {"type": "Polygon", "coordinates": [[[73.55958333327571, 18.772916666676036], [73.55958333327571, 18.772083333342703], [73.56041666660904, 18.772083333342703], [73.56041666660904, 18.772916666676036], [73.55958333327571, 18.772916666676036]]]}}, {"type": "Feature", "properties": {"name": "Stream"}, "geometry": {"type": "Polygon", "coordinates": [[[73.5895833332757, 18.772916666676036], [73.5895833332757, 18.772083333342703], [73.5945833332757, 18.772083333342703], [73.5945833332757, 18.772916666676036], [73.5895833332757, 18.772916666676036]]]}}, {"type": "Feature", "properties": {"name": "Stream"}, "geometry": {"type": "Polygon", "coordinates": [[[73.65041666660902, 18.772916666676036], [73.65041666660902, 18.772083333342703], [73.65291666660902, 18.772083333342703], [73.65291666660902, 18.772916666676036], [73.65041666660902, 18.772916666676036]]]}}, {"type": "Feature", "properties": {"name": "Stream"}, "geometry": {"type": "Polygon", "coordinates": [[[73.93791666660896, 18.772916666676036], [73.93791666660896, 18.772083333342703], [73.94124999994229, 18.772083333342703], [73.94124999994229, 18.772916666676036], [73.93791666660896, 18.772916666676036]]]}}, {"type": "Feature", "properties": {"name": "Stream"}, "geometry": {"type": "Polygon", "coordinates": [[[74.05874999994226, 18.772916666676036], [74.05874999994226, 18.772083333342703], [74.06124999994226, 18.772083333342703], [74.06124999994226, 18.772916666676036], [74.05874999994226, 18.772916666676036]]]}}, {"type": "Feature", "properties": {"name": "Stream"}, "geometry": {"type": "Polygon", "coordinates": [[[73.62541666660903, 18.7745833333427], [73.62541666660903, 18.77125000000937], [73.62624999994236, 18.77125000000937], [73.62624999994236, 18.7745833333427], [73.62541666660903, 18.7745833333427]]]}}, {"type": "Feature", "properties": {"name": "Stream"}, "geometry": {"type": "Polygon", "coordinates": [[[73.55791666660903, 18.772083333342703], [73.55791666660903, 18.77125000000937], [73.55958333327571, 18.77125000000937], [73.55958333327571, 18.772083333342703], [73.55791666660903, 18.772083333342703]]]}}, {"type": "Feature", "properties": {"name": "Stream"}, "geometry": {"type": "Polygon", "coordinates": [[[73.65291666660902, 18.772083333342703], [73.65291666660902, 18.77125000000937], [73.65374999994235, 18.77125000000937], [73.65374999994235, 18.772083333342703], [73.65291666660902, 18.772083333342703]]]}}, {"type": "Feature", "properties": {"name": "Stream"}, "geometry": {"type": "Polygon", "coordinates": [[[73.94124999994229, 18.772083333342703], [73.94124999994229, 18.77125000000937], [73.94291666660895, 18.77125000000937], [73.94291666660895, 18.772083333342703], [73.94124999994229, 18.772083333342703]]]}}, {"type": "Feature", "properties": {"name": "Stream"}, "geometry": {"type": "Polygon", "coordinates": [[[74.06124999994226, 18.772083333342703], [74.06124999994226, 18.77125000000937], [74.0620833332756, 18.77125000000937], [74.0620833332756, 18.772083333342703], [74.06124999994226, 18.772083333342703]]]}}, {"type": "Feature", "properties": {"name": "Stream"}, "geometry": {"type": "Polygon", "coordinates": [[[73.5570833332757, 18.77125000000937], [73.5570833332757, 18.770416666676038], [73.55791666660903, 18.770416666676038], [73.55791666660903, 18.77125000000937], [73.5570833332757, 18.77125000000937]]]}}, {"type": "Feature", "properties": {"name": "Stream"}, "geometry": {"type": "Polygon", "coordinates": [[[73.94291666660895, 18.77125000000937], [73.94291666660895, 18.770416666676038], [73.94374999994228, 18.770416666676038], [73.94374999994228, 18.77125000000937], [73.94291666660895, 18.77125000000937]]]}}, {"type": "Feature", "properties": {"name": "Stream"}, "geometry": {"type": "Polygon", "coordinates": [[[73.88708333327563, 18.772083333342703], [73.88708333327563, 18.769583333342702], [73.88791666660896, 18.769583333342702], [73.88791666660896, 18.772083333342703], [73.88708333327563, 18.772083333342703]]]}}, {"type": "Feature", "properties": {"name": "Stream"}, "geometry": {"type": "Polygon", "coordinates": [[[73.62624999994236, 18.77125000000937], [73.62624999994236, 18.769583333342702], [73.62708333327569, 18.769583333342702], [73.62708333327569, 18.77125000000937], [73.62624999994236, 18.77125000000937]]]}}, {"type": "Feature", "properties": {"name": "Stream"}, "geometry": {"type": "Polygon", "coordinates": [[[73.65374999994235, 18.77125000000937], [73.65374999994235, 18.769583333342702], [73.65458333327568, 18.769583333342702], [73.65458333327568, 18.77125000000937], [73.65374999994235, 18.77125000000937]]]}}, {"type": "Feature", "properties": {"name": "Stream"}, "geometry": {"type": "Polygon", "coordinates": [[[74.0620833332756, 18.77125000000937], [74.0620833332756, 18.770416666676038], [74.06291666660893, 18.770416666676038], [74.06291666660893, 18.769583333342702], [74.06374999994226, 18.769583333342702], [74.06374999994226, 18.77125000000937], [74.0620833332756, 18.77125000000937]]]}}, {"type": "Feature", "properties": {"name": "Stream"}, "geometry": {"type": "Polygon", "coordinates": [[[73.54291666660905, 18.770416666676038], [73.54291666660905, 18.769583333342702], [73.54374999994238, 18.769583333342702], [73.54374999994238, 18.770416666676038], [73.54291666660905, 18.770416666676038]]]}}, {"type": "Feature", "properties": {"name": "Stream"}, "geometry": {"type": "Polygon", "coordinates": [[[73.55374999994237, 18.770416666676038], [73.55374999994237, 18.769583333342702], [73.5545833332757, 18.769583333342702], [73.5545833332757, 18.770416666676038], [73.55374999994237, 18.770416666676038]]]}}, {"type": "Feature", "properties": {"name": "Stream"}, "geometry": {"type": "Polygon", "coordinates": [[[73.55624999994237, 18.770416666676038], [73.55624999994237, 18.769583333342702], [73.5570833332757, 18.769583333342702], [73.5570833332757, 18.770416666676038], [73.55624999994237, 18.770416666676038]]]}}, {"type": "Feature", "properties": {"name": "Stream"}, "geometry": {"type": "Polygon", "coordinates": [[[73.63624999994235, 18.770416666676038], [73.63624999994235, 18.769583333342702], [73.64624999994236, 18.769583333342702], [73.64624999994236, 18.770416666676038], [73.63624999994235, 18.770416666676038]]]}}, {"type": "Feature", "properties": {"name": "Stream"}, "geometry": {"type": "Polygon", "coordinates": [[[73.94374999994228, 18.770416666676038], [73.94374999994228, 18.769583333342702], [73.94458333327562, 18.769583333342702], [73.94458333327562, 18.770416666676038], [73.94374999994228, 18.770416666676038]]]}}, {"type": "Feature", "properties": {"name": "Stream"}, "geometry": {"type": "Polygon", "coordinates": [[[73.54374999994238, 18.769583333342702], [73.54374999994238, 18.76875000000937], [73.54624999994238, 18.76875000000937], [73.54624999994238, 18.769583333342702], [73.54374999994238, 18.769583333342702]]]}}, {"type": "Feature", "properties": {"name": "Stream"}, "geometry": {"type": "Polygon", "coordinates": [[[73.55291666660904, 18.769583333342702], [73.55291666660904, 18.76875000000937], [73.55374999994237, 18.76875000000937], [73.55374999994237, 18.769583333342702], [73.55291666660904, 18.769583333342702]]]}}, {"type": "Feature", "properties": {"name": "Stream"}, "geometry": {"type": "Polygon", "coordinates": [[[73.5545833332757, 18.769583333342702], [73.5545833332757, 18.76875000000937], [73.55624999994237, 18.76875000000937], [73.55624999994237, 18.769583333342702], [73.5545833332757, 18.769583333342702]]]}}, {"type": "Feature", "properties": {"name": "Stream"}, "geometry": {"type": "Polygon", "coordinates": [[[73.62708333327569, 18.769583333342702], [73.62708333327569, 18.76875000000937], [73.62791666660902, 18.76875000000937], [73.62791666660902, 18.769583333342702], [73.62708333327569, 18.769583333342702]]]}}, {"type": "Feature", "properties": {"name": "Stream"}, "geometry": {"type": "Polygon", "coordinates": [[[73.63458333327569, 18.769583333342702], [73.63458333327569, 18.76875000000937], [73.63624999994235, 18.76875000000937], [73.63624999994235, 18.769583333342702], [73.63458333327569, 18.769583333342702]]]}}, {"type": "Feature", "properties": {"name": "Stream"}, "geometry": {"type": "Polygon", "coordinates": [[[73.64624999994236, 18.769583333342702], [73.64624999994236, 18.76875000000937], [73.64708333327569, 18.76875000000937], [73.64708333327569, 18.769583333342702], [73.64624999994236, 18.769583333342702]]]}}, {"type": "Feature", "properties": {"name": "Stream"}, "geometry": {"type": "Polygon", "coordinates": [[[73.8987499999423, 18.769583333342702], [73.8987499999423, 18.76875000000937], [73.90041666660896, 18.76875000000937], [73.90041666660896, 18.769583333342702], [73.8987499999423, 18.769583333342702]]]}}, {"type": "Feature", "properties": {"name": "Stream"}, "geometry": {"type": "Polygon", "coordinates": [[[74.06374999994226, 18.769583333342702], [74.06374999994226, 18.76875000000937], [74.06458333327559, 18.76875000000937], [74.06458333327559, 18.769583333342702], [74.06374999994226, 18.769583333342702]]]}}, {"type": "Feature", "properties": {"name": "Stream"}, "geometry": {"type": "Polygon", "coordinates": [[[73.5520833332757, 18.76875000000937], [73.5520833332757, 18.767916666676037], [73.55291666660904, 18.767916666676037], [73.55291666660904, 18.76875000000937], [73.5520833332757, 18.76875000000937]]]}}, {"type": "Feature", "properties": {"name": "Stream"}, "geometry": {"type": "Polygon", "coordinates": [[[73.62791666660902, 18.76875000000937], [73.62791666660902, 18.767916666676037], [73.63458333327569, 18.767916666676037], [73.63458333327569, 18.76875000000937], [73.62791666660902, 18.76875000000937]]]}}, {"type": "Feature", "properties": {"name": "Stream"}, "geometry": {"type": "Polygon", "coordinates": [[[73.64708333327569, 18.76875000000937], [73.64708333327569, 18.767916666676037], [73.64958333327569, 18.767916666676037], [73.64958333327569, 18.76875000000937], [73.64708333327569, 18.76875000000937]]]}}, {"type": "Feature", "properties": {"name": "Stream"}, "geometry": {"type": "Polygon", "coordinates": [[[73.89791666660896, 18.76875000000937], [73.89791666660896, 18.767916666676037], [73.8987499999423, 18.767916666676037], [73.8987499999423, 18.76875000000937], [73.89791666660896, 18.76875000000937]]]}}, {"type": "Feature", "properties": {"name": "Stream"}, "geometry": {"type": "Polygon", "coordinates": [[[73.90041666660896, 18.76875000000937], [73.90041666660896, 18.767916666676037], [73.9012499999423, 18.767916666676037], [73.9012499999423, 18.76875000000937], [73.90041666660896, 18.76875000000937]]]}}, {"type": "Feature", "properties": {"name": "Stream"}, "geometry": {"type": "Polygon", "coordinates": [[[74.06458333327559, 18.76875000000937], [74.06458333327559, 18.767916666676037], [74.06541666660893, 18.767916666676037], [74.06541666660893, 18.76875000000937], [74.06458333327559, 18.76875000000937]]]}}, {"type": "Feature", "properties": {"name": "Stream"}, "geometry": {"type": "Polygon", "coordinates": [[[73.8862499999423, 18.769583333342702], [73.8862499999423, 18.767083333342704], [73.88708333327563, 18.767083333342704], [73.88708333327563, 18.769583333342702], [73.8862499999423, 18.769583333342702]]]}}, {"type": "Feature", "properties": {"name": "Stream"}, "geometry": {"type": "Polygon", "coordinates": [[[73.54624999994238, 18.76875000000937], [73.54624999994238, 18.767083333342704], [73.54708333327571, 18.767083333342704], [73.54708333327571, 18.76875000000937], [73.54624999994238, 18.76875000000937]]]}}, {"type": "Feature", "properties": {"name": "Stream"}, "geometry": {"type": "Polygon", "coordinates": [[[73.55041666660904, 18.767916666676037], [73.55041666660904, 18.767083333342704], [73.5520833332757, 18.767083333342704], [73.5520833332757, 18.767916666676037], [73.55041666660904, 18.767916666676037]]]}}, {"type": "Feature", "properties": {"name": "Stream"}, "geometry": {"type": "Polygon", "coordinates": [[[73.64958333327569, 18.767916666676037], [73.64958333327569, 18.767083333342704], [73.65291666660902, 18.767083333342704], [73.65291666660902, 18.767916666676037], [73.64958333327569, 18.767916666676037]]]}}, {"type": "Feature", "properties": {"name": "Stream"}, "geometry": {"type": "Polygon", "coordinates": [[[73.89458333327563, 18.767916666676037], [73.89458333327563, 18.767083333342704], [73.89791666660896, 18.767083333342704], [73.89791666660896, 18.767916666676037], [73.89458333327563, 18.767916666676037]]]}}, {"type": "Feature", "properties": {"name": "Stream"}, "geometry": {"type": "Polygon", "coordinates": [[[74.06541666660893, 18.767916666676037], [74.06541666660893, 18.767083333342704], [74.07041666660892, 18.767083333342704], [74.07041666660892, 18.767916666676037], [74.06541666660893, 18.767916666676037]]]}}, {"type": "Feature", "properties": {"name": "Stream"}, "geometry": {"type": "Polygon", "coordinates": [[[73.54708333327571, 18.767083333342704], [73.54708333327571, 18.76625000000937], [73.55041666660904, 18.76625000000937], [73.55041666660904, 18.767083333342704], [73.54708333327571, 18.767083333342704]]]}}, {"type": "Feature", "properties": {"name": "Stream"}, "geometry": {"type": "Polygon", "coordinates": [[[73.65291666660902, 18.767083333342704], [73.65291666660902, 18.76625000000937], [73.65374999994235, 18.76625000000937], [73.65374999994235, 18.767083333342704], [73.65291666660902, 18.767083333342704]]]}}, {"type": "Feature", "properties": {"name": "Stream"}, "geometry": {"type": "Polygon", "coordinates": [[[73.88708333327563, 18.767083333342704], [73.88708333327563, 18.76625000000937], [73.88874999994229, 18.76625000000937], [73.88874999994229, 18.767083333342704], [73.88708333327563, 18.767083333342704]]]}}, {"type": "Feature", "properties": {"name": "Stream"}, "geometry": {"type": "Polygon", "coordinates": [[[73.89291666660897, 18.767083333342704], [73.89291666660897, 18.76625000000937], [73.89458333327563, 18.76625000000937], [73.89458333327563, 18.767083333342704], [73.89291666660897, 18.767083333342704]]]}}, {"type": "Feature", "properties": {"name": "Stream"}, "geometry": {"type": "Polygon", "coordinates": [[[74.07041666660892, 18.767083333342704], [74.07041666660892, 18.76625000000937], [74.07124999994225, 18.76625000000937], [74.07124999994225, 18.767083333342704], [74.07041666660892, 18.767083333342704]]]}}, {"type": "Feature", "properties": {"name": "Stream"}, "geometry": {"type": "Polygon", "coordinates": [[[73.9012499999423, 18.767916666676037], [73.9012499999423, 18.76541666667604], [73.90208333327563, 18.76541666667604], [73.90208333327563, 18.767916666676037], [73.9012499999423, 18.767916666676037]]]}}, {"type": "Feature", "properties": {"name": "Stream"}, "geometry": {"type": "Polygon", "coordinates": [[[73.88874999994229, 18.76625000000937], [73.88874999994229, 18.76541666667604], [73.89291666660897, 18.76541666667604], [73.89291666660897, 18.76625000000937], [73.88874999994229, 18.76625000000937]]]}}, {"type": "Feature", "properties": {"name": "Stream"}, "geometry": {"type": "Polygon", "coordinates": [[[73.94458333327562, 18.769583333342702], [73.94458333327562, 18.76375000000937], [73.94541666660895, 18.76375000000937], [73.94541666660895, 18.769583333342702], [73.94458333327562, 18.769583333342702]]]}}, {"type": "Feature", "properties": {"name": "Stream"}, "geometry": {"type": "Polygon", "coordinates": [[[73.90208333327563, 18.76541666667604], [73.90208333327563, 18.76375000000937], [73.90291666660896, 18.76375000000937], [73.90291666660896, 18.76541666667604], [73.90208333327563, 18.76541666667604]]]}}, {"type": "Feature", "properties": {"name": "Stream"}, "geometry": {"type": "Polygon", "coordinates": [[[73.65458333327568, 18.769583333342702], [73.65458333327568, 18.76625000000937], [73.65374999994235, 18.76625000000937], [73.65374999994235, 18.762916666676038], [73.65458333327568, 18.762916666676038], [73.65458333327568, 18.76375000000937], [73.65541666660901, 18.76375000000937], [73.65541666660901, 18.769583333342702], [73.65458333327568, 18.769583333342702]]]}}, {"type": "Feature", "properties": {"name": "Stream"}, "geometry": {"type": "Polygon", "coordinates": [[[74.07124999994225, 18.76625000000937], [74.07124999994225, 18.762916666676038], [74.07208333327559, 18.762916666676038], [74.07208333327559, 18.76625000000937], [74.07124999994225, 18.76625000000937]]]}}, {"type": "Feature", "properties": {"name": "Stream"}, "geometry": {"type": "Polygon", "coordinates": [[[73.90291666660896, 18.76375000000937], [73.90291666660896, 18.762916666676038], [73.90374999994229, 18.762916666676038], [73.90374999994229, 18.76375000000937], [73.90291666660896, 18.76375000000937]]]}}, {"type": "Feature", "properties": {"name": "Stream"}, "geometry": {"type": "Polygon", "coordinates": [[[73.94541666660895, 18.76375000000937], [73.94541666660895, 18.762916666676038], [73.94708333327561, 18.762916666676038], [73.94708333327561, 18.76375000000937], [73.94541666660895, 18.76375000000937]]]}}, {"type": "Feature", "properties": {"name": "Stream"}, "geometry": {"type": "Polygon", "coordinates": [[[73.65291666660902, 18.762916666676038], [73.65291666660902, 18.762083333342705], [73.65374999994235, 18.762083333342705], [73.65374999994235, 18.762916666676038], [73.65291666660902, 18.762916666676038]]]}}, {"type": "Feature", "properties": {"name": "Stream"}, "geometry": {"type": "Polygon", "coordinates": [[[73.90374999994229, 18.762916666676038], [73.90374999994229, 18.762083333342705], [73.90624999994229, 18.762083333342705], [73.90624999994229, 18.762916666676038], [73.90374999994229, 18.762916666676038]]]}}, {"type": "Feature", "properties": {"name": "Stream"}, "geometry": {"type": "Polygon", "coordinates": [[[73.94708333327561, 18.762916666676038], [73.94708333327561, 18.762083333342705], [73.94791666660895, 18.762083333342705], [73.94791666660895, 18.762916666676038], [73.94708333327561, 18.762916666676038]]]}}, {"type": "Feature", "properties": {"name": "Stream"}, "geometry": {"type": "Polygon", "coordinates": [[[73.90624999994229, 18.762083333342705], [73.90624999994229, 18.761250000009372], [73.91041666660895, 18.761250000009372], [73.91041666660895, 18.762083333342705], [73.90624999994229, 18.762083333342705]]]}}, {"type": "Feature", "properties": {"name": "Stream"}, "geometry": {"type": "Polygon", "coordinates": [[[73.91124999994229, 18.762083333342705], [73.91124999994229, 18.761250000009372], [73.91291666660896, 18.761250000009372], [73.91291666660896, 18.762083333342705], [73.91124999994229, 18.762083333342705]]]}}, {"type": "Feature", "properties": {"name": "Stream"}, "geometry": {"type": "Polygon", "coordinates": [[[73.94791666660895, 18.762083333342705], [73.94791666660895, 18.76041666667604], [73.94874999994228, 18.76041666667604], [73.94874999994228, 18.762083333342705], [73.94791666660895, 18.762083333342705]]]}}, {"type": "Feature", "properties": {"name": "Stream"}, "geometry": {"type": "Polygon", "coordinates": [[[73.91041666660895, 18.761250000009372], [73.91041666660895, 18.76041666667604], [73.91124999994229, 18.76041666667604], [73.91124999994229, 18.761250000009372], [73.91041666660895, 18.761250000009372]]]}}, {"type": "Feature", "properties": {"name": "Stream"}, "geometry": {"type": "Polygon", "coordinates": [[[73.91291666660896, 18.761250000009372], [73.91291666660896, 18.76041666667604], [73.9137499999423, 18.76041666667604], [73.9137499999423, 18.761250000009372], [73.91291666660896, 18.761250000009372]]]}}, {"type": "Feature", "properties": {"name": "Stream"}, "geometry": {"type": "Polygon", "coordinates": [[[73.9137499999423, 18.76041666667604], [73.9137499999423, 18.759583333342704], [73.91541666660896, 18.759583333342704], [73.91541666660896, 18.76041666667604], [73.9137499999423, 18.76041666667604]]]}}, {"type": "Feature", "properties": {"name": "Stream"}, "geometry": {"type": "Polygon", "coordinates": [[[73.94708333327561, 18.76041666667604], [73.94708333327561, 18.759583333342704], [73.94791666660895, 18.759583333342704], [73.94791666660895, 18.76041666667604], [73.94708333327561, 18.76041666667604]]]}}, {"type": "Feature", "properties": {"name": "Stream"}, "geometry": {"type": "Polygon", "coordinates": [[[74.07041666660892, 18.762916666676038], [74.07041666660892, 18.75875000000937], [74.07124999994225, 18.75875000000937], [74.07124999994225, 18.762916666676038], [74.07041666660892, 18.762916666676038]]]}}, {"type": "Feature", "properties": {"name": "Stream"}, "geometry": {"type": "Polygon", "coordinates": [[[73.91541666660896, 18.759583333342704], [73.91541666660896, 18.75875000000937], [73.9162499999423, 18.75875000000937], [73.9162499999423, 18.759583333342704], [73.91541666660896, 18.759583333342704]]]}}, {"type": "Feature", "properties": {"name": "Stream"}, "geometry": {"type": "Polygon", "coordinates": [[[73.94541666660895, 18.759583333342704], [73.94541666660895, 18.75875000000937], [73.94708333327561, 18.75875000000937], [73.94708333327561, 18.759583333342704], [73.94541666660895, 18.759583333342704]]]}}, {"type": "Feature", "properties": {"name": "Stream"}, "geometry": {"type": "Polygon", "coordinates": [[[73.680416666609, 18.75875000000937], [73.680416666609, 18.75791666667604], [73.682916666609, 18.75791666667604], [73.682916666609, 18.75875000000937], [73.680416666609, 18.75875000000937]]]}}, {"type": "Feature", "properties": {"name": "Stream"}, "geometry": {"type": "Polygon", "coordinates": [[[73.9162499999423, 18.75875000000937], [73.9162499999423, 18.75791666667604], [73.92041666660896, 18.75791666667604], [73.92041666660896, 18.75875000000937], [73.9162499999423, 18.75875000000937]]]}}, {"type": "Feature", "properties": {"name": "Stream"}, "geometry": {"type": "Polygon", "coordinates": [[[73.94458333327562, 18.75875000000937], [73.94458333327562, 18.75791666667604], [73.94541666660895, 18.75791666667604], [73.94541666660895, 18.75875000000937], [73.94458333327562, 18.75875000000937]]]}}, {"type": "Feature", "properties": {"name": "Stream"}, "geometry": {"type": "Polygon", "coordinates": [[[74.07124999994225, 18.75875000000937], [74.07124999994225, 18.757083333342706], [74.07374999994225, 18.757083333342706], [74.07374999994225, 18.75791666667604], [74.07208333327559, 18.75791666667604], [74.07208333327559, 18.75875000000937], [74.07124999994225, 18.75875000000937]]]}}, {"type": "Feature", "properties": {"name": "Stream"}, "geometry": {"type": "Polygon", "coordinates": [[[73.67874999994234, 18.75791666667604], [73.67874999994234, 18.757083333342706], [73.680416666609, 18.757083333342706], [73.680416666609, 18.75791666667604], [73.67874999994234, 18.75791666667604]]]}}, {"type": "Feature", "properties": {"name": "Stream"}, "geometry": {"type": "Polygon", "coordinates": [[[73.682916666609, 18.75791666667604], [73.682916666609, 18.757083333342706], [73.68874999994235, 18.757083333342706], [73.68874999994235, 18.75791666667604], [73.682916666609, 18.75791666667604]]]}}, {"type": "Feature", "properties": {"name": "Stream"}, "geometry": {"type": "Polygon", "coordinates": [[[73.92041666660896, 18.75791666667604], [73.92041666660896, 18.757083333342706], [73.92124999994229, 18.757083333342706], [73.92124999994229, 18.75791666667604], [73.92041666660896, 18.75791666667604]]]}}, {"type": "Feature", "properties": {"name": "Stream"}, "geometry": {"type": "Polygon", "coordinates": [[[73.94374999994228, 18.75791666667604], [73.94374999994228, 18.757083333342706], [73.94458333327562, 18.757083333342706], [73.94458333327562, 18.75791666667604], [73.94374999994228, 18.75791666667604]]]}}, {"type": "Feature", "properties": {"name": "Stream"}, "geometry": {"type": "Polygon", "coordinates": [[[73.67791666660901, 18.757083333342706], [73.67791666660901, 18.756250000009373], [73.67874999994234, 18.756250000009373], [73.67874999994234, 18.757083333342706], [73.67791666660901, 18.757083333342706]]]}}, {"type": "Feature", "properties": {"name": "Stream"}, "geometry": {"type": "Polygon", "coordinates": [[[73.68874999994235, 18.757083333342706], [73.68874999994235, 18.756250000009373], [73.69041666660901, 18.756250000009373], [73.69041666660901, 18.757083333342706], [73.68874999994235, 18.757083333342706]]]}}, {"type": "Feature", "properties": {"name": "Stream"}, "geometry": {"type": "Polygon", "coordinates": [[[74.07374999994225, 18.757083333342706], [74.07374999994225, 18.756250000009373], [74.07458333327558, 18.756250000009373], [74.07458333327558, 18.757083333342706], [74.07374999994225, 18.757083333342706]]]}}, {"type": "Feature", "properties": {"name": "Stream"}, "geometry": {"type": "Polygon", "coordinates": [[[73.92124999994229, 18.757083333342706], [73.92124999994229, 18.75541666667604], [73.92208333327562, 18.75541666667604], [73.92208333327562, 18.757083333342706], [73.92124999994229, 18.757083333342706]]]}}, {"type": "Feature", "properties": {"name": "Stream"}, "geometry": {"type": "Polygon", "coordinates": [[[73.67708333327568, 18.756250000009373], [73.67708333327568, 18.75541666667604], [73.67791666660901, 18.75541666667604], [73.67791666660901, 18.756250000009373], [73.67708333327568, 18.756250000009373]]]}}, {"type": "Feature", "properties": {"name": "Stream"}, "geometry": {"type": "Polygon", "coordinates": [[[73.69041666660901, 18.756250000009373], [73.69041666660901, 18.75541666667604], [73.69208333327568, 18.75541666667604], [73.69208333327568, 18.756250000009373], [73.69041666660901, 18.756250000009373]]]}}, {"type": "Feature", "properties": {"name": "Stream"}, "geometry": {"type": "Polygon", "coordinates": [[[74.07458333327558, 18.756250000009373], [74.07458333327558, 18.75541666667604], [74.07541666660892, 18.75541666667604], [74.07541666660892, 18.756250000009373], [74.07458333327558, 18.756250000009373]]]}}, {"type": "Feature", "properties": {"name": "Stream"}, "geometry": {"type": "Polygon", "coordinates": [[[73.65208333327568, 18.762083333342705], [73.65208333327568, 18.75458333334271], [73.65291666660902, 18.75458333334271], [73.65291666660902, 18.762083333342705], [73.65208333327568, 18.762083333342705]]]}}, {"type": "Feature", "properties": {"name": "Stream"}, "geometry": {"type": "Polygon", "coordinates": [[[73.94291666660895, 18.757083333342706], [73.94291666660895, 18.75458333334271], [73.94374999994228, 18.75458333334271], [73.94374999994228, 18.757083333342706], [73.94291666660895, 18.757083333342706]]]}}, {"type": "Feature", "properties": {"name": "Stream"}, "geometry": {"type": "Polygon", "coordinates": [[[73.67624999994234, 18.75541666667604], [73.67624999994234, 18.75458333334271], [73.67708333327568, 18.75458333334271], [73.67708333327568, 18.75541666667604], [73.67624999994234, 18.75541666667604]]]}}, {"type": "Feature", "properties": {"name": "Stream"}, "geometry": {"type": "Polygon", "coordinates": [[[73.69208333327568, 18.75541666667604], [73.69208333327568, 18.75458333334271], [73.69291666660901, 18.75458333334271], [73.69291666660901, 18.75541666667604], [73.69208333327568, 18.75541666667604]]]}}, {"type": "Feature", "properties": {"name": "Stream"}, "geometry": {"type": "Polygon", "coordinates": [[[74.07541666660892, 18.75541666667604], [74.07541666660892, 18.75458333334271], [74.07624999994225, 18.75458333334271], [74.07624999994225, 18.75541666667604], [74.07541666660892, 18.75541666667604]]]}}, {"type": "Feature", "properties": {"name": "Stream"}, "geometry": {"type": "Polygon", "coordinates": [[[73.65291666660902, 18.75458333334271], [73.65291666660902, 18.753750000009372], [73.65374999994235, 18.753750000009372], [73.65374999994235, 18.75458333334271], [73.65291666660902, 18.75458333334271]]]}}, {"type": "Feature", "properties": {"name": "Stream"}, "geometry": {"type": "Polygon", "coordinates": [[[73.69291666660901, 18.75458333334271], [73.69291666660901, 18.753750000009372], [73.695416666609, 18.753750000009372], [73.695416666609, 18.75458333334271], [73.69291666660901, 18.75458333334271]]]}}, {"type": "Feature", "properties": {"name": "Stream"}, "geometry": {"type": "Polygon", "coordinates": [[[73.94208333327562, 18.75458333334271], [73.94208333327562, 18.753750000009372], [73.94291666660895, 18.753750000009372], [73.94291666660895, 18.75458333334271], [73.94208333327562, 18.75458333334271]]]}}, {"type": "Feature", "properties": {"name": "Stream"}, "geometry": {"type": "Polygon", "coordinates": [[[74.07624999994225, 18.75458333334271], [74.07624999994225, 18.753750000009372], [74.07708333327558, 18.753750000009372], [74.07708333327558, 18.75458333334271], [74.07624999994225, 18.75458333334271]]]}}, {"type": "Feature", "properties": {"name": "Stream"}, "geometry": {"type": "Polygon", "coordinates": [[[73.67541666660901, 18.75458333334271], [73.67541666660901, 18.75291666667604], [73.67624999994234, 18.75291666667604], [73.67624999994234, 18.75458333334271], [73.67541666660901, 18.75458333334271]]]}}, {"type": "Feature", "properties": {"name": "Stream"}, "geometry": {"type": "Polygon", "coordinates": [[[73.65374999994235, 18.753750000009372], [73.65374999994235, 18.75291666667604], [73.65458333327568, 18.75291666667604], [73.65458333327568, 18.753750000009372], [73.65374999994235, 18.753750000009372]]]}}, {"type": "Feature", "properties": {"name": "Stream"}, "geometry": {"type": "Polygon", "coordinates": [[[73.695416666609, 18.753750000009372], [73.695416666609, 18.75291666667604], [73.69624999994234, 18.75291666667604], [73.69624999994234, 18.753750000009372], [73.695416666609, 18.753750000009372]]]}}, {"type": "Feature", "properties": {"name": "Stream"}, "geometry": {"type": "Polygon", "coordinates": [[[74.07708333327558, 18.753750000009372], [74.07708333327558, 18.75291666667604], [74.07791666660891, 18.75291666667604], [74.07791666660891, 18.753750000009372], [74.07708333327558, 18.753750000009372]]]}}, {"type": "Feature", "properties": {"name": "Stream"}, "geometry": {"type": "Polygon", "coordinates": [[[73.92041666660896, 18.75541666667604], [73.92041666660896, 18.752083333342707], [73.92124999994229, 18.752083333342707], [73.92124999994229, 18.75541666667604], [73.92041666660896, 18.75541666667604]]]}}, {"type": "Feature", "properties": {"name": "Stream"}, "geometry": {"type": "Polygon", "coordinates": [[[73.94291666660895, 18.753750000009372], [73.94291666660895, 18.752083333342707], [73.94374999994228, 18.752083333342707], [73.94374999994228, 18.753750000009372], [73.94291666660895, 18.753750000009372]]]}}, {"type": "Feature", "properties": {"name": "Stream"}, "geometry": {"type": "Polygon", "coordinates": [[[73.65458333327568, 18.75291666667604], [73.65458333327568, 18.752083333342707], [73.65541666660901, 18.752083333342707], [73.65541666660901, 18.75291666667604], [73.65458333327568, 18.75291666667604]]]}}, {"type": "Feature", "properties": {"name": "Stream"}, "geometry": {"type": "Polygon", "coordinates": [[[73.67458333327568, 18.75291666667604], [73.67458333327568, 18.752083333342707], [73.67541666660901, 18.752083333342707], [73.67541666660901, 18.75291666667604], [73.67458333327568, 18.75291666667604]]]}}, {"type": "Feature", "properties": {"name": "Stream"}, "geometry": {"type": "Polygon", "coordinates": [[[73.69624999994234, 18.75291666667604], [73.69624999994234, 18.752083333342707], [73.69708333327567, 18.752083333342707], [73.69708333327567, 18.75291666667604], [73.69624999994234, 18.75291666667604]]]}}, {"type": "Feature", "properties": {"name": "Stream"}, "geometry": {"type": "Polygon", "coordinates": [[[74.07791666660891, 18.75291666667604], [74.07791666660891, 18.752083333342707], [74.07874999994225, 18.752083333342707], [74.07874999994225, 18.75291666667604], [74.07791666660891, 18.75291666667604]]]}}, {"type": "Feature", "properties": {"name": "Stream"}, "geometry": {"type": "Polygon", "coordinates": [[[73.65541666660901, 18.752083333342707], [73.65541666660901, 18.751250000009374], [73.65624999994235, 18.751250000009374], [73.65624999994235, 18.752083333342707], [73.65541666660901, 18.752083333342707]]]}}, {"type": "Feature", "properties": {"name": "Stream"}, "geometry": {"type": "Polygon", "coordinates": [[[73.65958333327568, 18.752083333342707], [73.65958333327568, 18.751250000009374], [73.66374999994235, 18.751250000009374], [73.66374999994235, 18.752083333342707], [73.65958333327568, 18.752083333342707]]]}}, {"type": "Feature", "properties": {"name": "Stream"}, "geometry": {"type": "Polygon", "coordinates": [[[73.67374999994234, 18.752083333342707], [73.67374999994234, 18.751250000009374], [73.67458333327568, 18.751250000009374], [73.67458333327568, 18.752083333342707], [73.67374999994234, 18.752083333342707]]]}}, {"type": "Feature", "properties": {"name": "Stream"}, "geometry": {"type": "Polygon", "coordinates": [[[73.69708333327567, 18.752083333342707], [73.69708333327567, 18.751250000009374], [73.69958333327567, 18.751250000009374], [73.69958333327567, 18.752083333342707], [73.69708333327567, 18.752083333342707]]]}}, {"type": "Feature", "properties": {"name": "Stream"}, "geometry": {"type": "Polygon", "coordinates": [[[73.92124999994229, 18.752083333342707], [73.92124999994229, 18.751250000009374], [73.92208333327562, 18.751250000009374], [73.92208333327562, 18.752083333342707], [73.92124999994229, 18.752083333342707]]]}}, {"type": "Feature", "properties": {"name": "Stream"}, "geometry": {"type": "Polygon", "coordinates": [[[73.94374999994228, 18.752083333342707], [73.94374999994228, 18.751250000009374], [73.94458333327562, 18.751250000009374], [73.94458333327562, 18.752083333342707], [73.94374999994228, 18.752083333342707]]]}}, {"type": "Feature", "properties": {"name": "Stream"}, "geometry": {"type": "Polygon", "coordinates": [[[74.07874999994225, 18.752083333342707], [74.07874999994225, 18.751250000009374], [74.08041666660893, 18.751250000009374], [74.08041666660893, 18.752083333342707], [74.07874999994225, 18.752083333342707]]]}}, {"type": "Feature", "properties": {"name": "Stream"}, "geometry": {"type": "Polygon", "coordinates": [[[73.65624999994235, 18.751250000009374], [73.65624999994235, 18.750416666676042], [73.65958333327568, 18.750416666676042], [73.65958333327568, 18.751250000009374], [73.65624999994235, 18.751250000009374]]]}}, {"type": "Feature", "properties": {"name": "Stream"}, "geometry": {"type": "Polygon", "coordinates": [[[73.66374999994235, 18.751250000009374], [73.66374999994235, 18.750416666676042], [73.66458333327569, 18.750416666676042], [73.66458333327569, 18.751250000009374], [73.66374999994235, 18.751250000009374]]]}}, {"type": "Feature", "properties": {"name": "Stream"}, "geometry": {"type": "Polygon", "coordinates": [[[73.67291666660901, 18.751250000009374], [73.67291666660901, 18.750416666676042], [73.67374999994234, 18.750416666676042], [73.67374999994234, 18.751250000009374], [73.67291666660901, 18.751250000009374]]]}}, {"type": "Feature", "properties": {"name": "Stream"}, "geometry": {"type": "Polygon", "coordinates": [[[73.69958333327567, 18.751250000009374], [73.69958333327567, 18.750416666676042], [73.700416666609, 18.750416666676042], [73.700416666609, 18.751250000009374], [73.69958333327567, 18.751250000009374]]]}}, {"type": "Feature", "properties": {"name": "Stream"}, "geometry": {"type": "Polygon", "coordinates": [[[73.92208333327562, 18.751250000009374], [73.92208333327562, 18.750416666676042], [73.92458333327562, 18.750416666676042], [73.92458333327562, 18.751250000009374], [73.92208333327562, 18.751250000009374]]]}}, {"type": "Feature", "properties": {"name": "Stream"}, "geometry": {"type": "Polygon", "coordinates": [[[74.08041666660893, 18.751250000009374], [74.08041666660893, 18.750416666676042], [74.08124999994226, 18.750416666676042], [74.08124999994226, 18.751250000009374], [74.08041666660893, 18.751250000009374]]]}}, {"type": "Feature", "properties": {"name": "Stream"}, "geometry": {"type": "Polygon", "coordinates": [[[73.66458333327569, 18.750416666676042], [73.66458333327569, 18.74958333334271], [73.66541666660902, 18.74958333334271], [73.66541666660902, 18.750416666676042], [73.66458333327569, 18.750416666676042]]]}}, {"type": "Feature", "properties": {"name": "Stream"}, "geometry": {"type": "Polygon", "coordinates": [[[73.67208333327568, 18.750416666676042], [73.67208333327568, 18.74958333334271], [73.67291666660901, 18.74958333334271], [73.67291666660901, 18.750416666676042], [73.67208333327568, 18.750416666676042]]]}}, {"type": "Feature", "properties": {"name": "Stream"}, "geometry": {"type": "Polygon", "coordinates": [[[73.700416666609, 18.750416666676042], [73.700416666609, 18.74958333334271], [73.70124999994233, 18.74958333334271], [73.70124999994233, 18.750416666676042], [73.700416666609, 18.750416666676042]]]}}, {"type": "Feature", "properties": {"name": "Stream"}, "geometry": {"type": "Polygon", "coordinates": [[[73.92458333327562, 18.750416666676042], [73.92458333327562, 18.74958333334271], [73.92541666660895, 18.74958333334271], [73.92541666660895, 18.750416666676042], [73.92458333327562, 18.750416666676042]]]}}, {"type": "Feature", "properties": {"name": "Stream"}, "geometry": {"type": "Polygon", "coordinates": [[[74.08124999994226, 18.750416666676042], [74.08124999994226, 18.74958333334271], [74.08208333327559, 18.74958333334271], [74.08208333327559, 18.750416666676042], [74.08124999994226, 18.750416666676042]]]}}, {"type": "Feature", "properties": {"name": "Stream"}, "geometry": {"type": "Polygon", "coordinates": [[[73.94458333327562, 18.751250000009374], [73.94458333327562, 18.748750000009373], [73.94541666660895, 18.748750000009373], [73.94541666660895, 18.751250000009374], [73.94458333327562, 18.751250000009374]]]}}, {"type": "Feature", "properties": {"name": "Stream"}, "geometry": {"type": "Polygon", "coordinates": [[[73.66541666660902, 18.74958333334271], [73.66541666660902, 18.748750000009373], [73.66624999994235, 18.748750000009373], [73.66624999994235, 18.74958333334271], [73.66541666660902, 18.74958333334271]]]}}, {"type": "Feature", "properties": {"name": "Stream"}, "geometry": {"type": "Polygon", "coordinates": [[[73.67124999994235, 18.74958333334271], [73.67124999994235, 18.748750000009373], [73.67208333327568, 18.748750000009373], [73.67208333327568, 18.74958333334271], [73.67124999994235, 18.74958333334271]]]}}, {"type": "Feature", "properties": {"name": "Stream"}, "geometry": {"type": "Polygon", "coordinates": [[[73.70124999994233, 18.74958333334271], [73.70124999994233, 18.748750000009373], [73.70208333327567, 18.748750000009373], [73.70208333327567, 18.74958333334271], [73.70124999994233, 18.74958333334271]]]}}, {"type": "Feature", "properties": {"name": "Stream"}, "geometry": {"type": "Polygon", "coordinates": [[[73.92541666660895, 18.74958333334271], [73.92541666660895, 18.748750000009373], [73.92624999994229, 18.748750000009373], [73.92624999994229, 18.74958333334271], [73.92541666660895, 18.74958333334271]]]}}, {"type": "Feature", "properties": {"name": "Stream"}, "geometry": {"type": "Polygon", "coordinates": [[[74.08208333327559, 18.74958333334271], [74.08208333327559, 18.748750000009373], [74.08291666660892, 18.748750000009373], [74.08291666660892, 18.74958333334271], [74.08208333327559, 18.74958333334271]]]}}, {"type": "Feature", "properties": {"name": "Stream"}, "geometry": {"type": "Polygon", "coordinates": [[[73.66624999994235, 18.748750000009373], [73.66624999994235, 18.74791666667604], [73.66708333327568, 18.74791666667604], [73.66708333327568, 18.748750000009373], [73.66624999994235, 18.748750000009373]]]}}, {"type": "Feature", "properties": {"name": "Stream"}, "geometry": {"type": "Polygon", "coordinates": [[[73.67041666660901, 18.748750000009373], [73.67041666660901, 18.74791666667604], [73.67124999994235, 18.74791666667604], [73.67124999994235, 18.748750000009373], [73.67041666660901, 18.748750000009373]]]}}, {"type": "Feature", "properties": {"name": "Stream"}, "geometry": {"type": "Polygon", "coordinates": [[[73.70208333327567, 18.748750000009373], [73.70208333327567, 18.74791666667604], [73.702916666609, 18.74791666667604], [73.702916666609, 18.748750000009373], [73.70208333327567, 18.748750000009373]]]}}, {"type": "Feature", "properties": {"name": "Stream"}, "geometry": {"type": "Polygon", "coordinates": [[[73.92624999994229, 18.748750000009373], [73.92624999994229, 18.74791666667604], [73.92708333327562, 18.74791666667604], [73.92708333327562, 18.748750000009373], [73.92624999994229, 18.748750000009373]]]}}, {"type": "Feature", "properties": {"name": "Stream"}, "geometry": {"type": "Polygon", "coordinates": [[[73.94541666660895, 18.748750000009373], [73.94541666660895, 18.74791666667604], [73.94624999994228, 18.74791666667604], [73.94624999994228, 18.748750000009373], [73.94541666660895, 18.748750000009373]]]}}, {"type": "Feature", "properties": {"name": "Stream"}, "geometry": {"type": "Polygon", "coordinates": [[[74.08291666660892, 18.748750000009373], [74.08291666660892, 18.74791666667604], [74.08374999994226, 18.74791666667604], [74.08374999994226, 18.748750000009373], [74.08291666660892, 18.748750000009373]]]}}, {"type": "Feature", "properties": {"name": "Stream"}, "geometry": {"type": "Polygon", "coordinates": [[[73.66708333327568, 18.74791666667604], [73.66708333327568, 18.747083333342708], [73.66791666660902, 18.747083333342708], [73.66791666660902, 18.74791666667604], [73.66708333327568, 18.74791666667604]]]}}, {"type": "Feature", "properties": {"name": "Stream"}, "geometry": {"type": "Polygon", "coordinates": [[[73.66958333327568, 18.74791666667604], [73.66958333327568, 18.747083333342708], [73.67041666660901, 18.747083333342708], [73.67041666660901, 18.74791666667604], [73.66958333327568, 18.74791666667604]]]}}, {"type": "Feature", "properties": {"name": "Stream"}, "geometry": {"type": "Polygon", "coordinates": [[[73.702916666609, 18.74791666667604], [73.702916666609, 18.747083333342708], [73.70374999994233, 18.747083333342708], [73.70374999994233, 18.74791666667604], [73.702916666609, 18.74791666667604]]]}}, {"type": "Feature", "properties": {"name": "Stream"}, "geometry": {"type": "Polygon", "coordinates": [[[73.92708333327562, 18.74791666667604], [73.92708333327562, 18.747083333342708], [73.92791666660895, 18.747083333342708], [73.92791666660895, 18.74791666667604], [73.92708333327562, 18.74791666667604]]]}}, {"type": "Feature", "properties": {"name": "Stream"}, "geometry": {"type": "Polygon", "coordinates": [[[73.94624999994228, 18.74791666667604], [73.94624999994228, 18.747083333342708], [73.94708333327561, 18.747083333342708], [73.94708333327561, 18.74791666667604], [73.94624999994228, 18.74791666667604]]]}}, {"type": "Feature", "properties": {"name": "Stream"}, "geometry": {"type": "Polygon", "coordinates": [[[74.08374999994226, 18.74791666667604], [74.08374999994226, 18.747083333342708], [74.08458333327559, 18.747083333342708], [74.08458333327559, 18.74791666667604], [74.08374999994226, 18.74791666667604]]]}}, {"type": "Feature", "properties": {"name": "Stream"}, "geometry": {"type": "Polygon", "coordinates": [[[73.66791666660902, 18.747083333342708], [73.66791666660902, 18.746250000009375], [73.66958333327568, 18.746250000009375], [73.66958333327568, 18.747083333342708], [73.66791666660902, 18.747083333342708]]]}}, {"type": "Feature", "properties": {"name": "Stream"}, "geometry": {"type": "Polygon", "coordinates": [[[73.70374999994233, 18.747083333342708], [73.70374999994233, 18.746250000009375], [73.70458333327568, 18.746250000009375], [73.70458333327568, 18.747083333342708], [73.70374999994233, 18.747083333342708]]]}}, {"type": "Feature", "properties": {"name": "Stream"}, "geometry": {"type": "Polygon", "coordinates": [[[73.92791666660895, 18.747083333342708], [73.92791666660895, 18.746250000009375], [73.92958333327562, 18.746250000009375], [73.92958333327562, 18.747083333342708], [73.92791666660895, 18.747083333342708]]]}}, {"type": "Feature", "properties": {"name": "Stream"}, "geometry": {"type": "Polygon", "coordinates": [[[74.08458333327559, 18.747083333342708], [74.08458333327559, 18.746250000009375], [74.08541666660892, 18.746250000009375], [74.08541666660892, 18.747083333342708], [74.08458333327559, 18.747083333342708]]]}}, {"type": "Feature", "properties": {"name": "Stream"}, "geometry": {"type": "Polygon", "coordinates": [[[73.70458333327568, 18.746250000009375], [73.70458333327568, 18.745416666676043], [73.70541666660901, 18.745416666676043], [73.70541666660901, 18.746250000009375], [73.70458333327568, 18.746250000009375]]]}}, {"type": "Feature", "properties": {"name": "Stream"}, "geometry": {"type": "Polygon", "coordinates": [[[73.92958333327562, 18.746250000009375], [73.92958333327562, 18.745416666676043], [73.93208333327561, 18.745416666676043], [73.93208333327561, 18.746250000009375], [73.92958333327562, 18.746250000009375]]]}}, {"type": "Feature", "properties": {"name": "Stream"}, "geometry": {"type": "Polygon", "coordinates": [[[74.08541666660892, 18.746250000009375], [74.08541666660892, 18.745416666676043], [74.08791666660892, 18.745416666676043], [74.08791666660892, 18.746250000009375], [74.08541666660892, 18.746250000009375]]]}}, {"type": "Feature", "properties": {"name": "Stream"}, "geometry": {"type": "Polygon", "coordinates": [[[73.70541666660901, 18.745416666676043], [73.70541666660901, 18.74458333334271], [73.70624999994234, 18.74458333334271], [73.70624999994234, 18.745416666676043], [73.70541666660901, 18.745416666676043]]]}}, {"type": "Feature", "properties": {"name": "Stream"}, "geometry": {"type": "Polygon", "coordinates": [[[73.93208333327561, 18.745416666676043], [73.93208333327561, 18.74458333334271], [73.9337499999423, 18.74458333334271], [73.9337499999423, 18.745416666676043], [73.93208333327561, 18.745416666676043]]]}}, {"type": "Feature", "properties": {"name": "Stream"}, "geometry": {"type": "Polygon", "coordinates": [[[74.08791666660892, 18.745416666676043], [74.08791666660892, 18.74458333334271], [74.09291666660891, 18.74458333334271], [74.09291666660891, 18.745416666676043], [74.08791666660892, 18.745416666676043]]]}}, {"type": "Feature", "properties": {"name": "Stream"}, "geometry": {"type": "Polygon", "coordinates": [[[73.70624999994234, 18.74458333334271], [73.70624999994234, 18.743750000009374], [73.70708333327568, 18.743750000009374], [73.70708333327568, 18.74458333334271], [73.70624999994234, 18.74458333334271]]]}}, {"type": "Feature", "properties": {"name": "Stream"}, "geometry": {"type": "Polygon", "coordinates": [[[73.9337499999423, 18.74458333334271], [73.9337499999423, 18.743750000009374], [73.93458333327563, 18.743750000009374], [73.93458333327563, 18.74458333334271], [73.9337499999423, 18.74458333334271]]]}}, {"type": "Feature", "properties": {"name": "Stream"}, "geometry": {"type": "Polygon", "coordinates": [[[74.09291666660891, 18.74458333334271], [74.09291666660891, 18.743750000009374], [74.09374999994225, 18.743750000009374], [74.09374999994225, 18.74458333334271], [74.09291666660891, 18.74458333334271]]]}}, {"type": "Feature", "properties": {"name": "Stream"}, "geometry": {"type": "Polygon", "coordinates": [[[73.94708333327561, 18.747083333342708], [73.94708333327561, 18.74291666667604], [73.94791666660895, 18.74291666667604], [73.94791666660895, 18.747083333342708], [73.94708333327561, 18.747083333342708]]]}}, {"type": "Feature", "properties": {"name": "Stream"}, "geometry": {"type": "Polygon", "coordinates": [[[73.70708333327568, 18.743750000009374], [73.70708333327568, 18.74291666667604], [73.70791666660901, 18.74291666667604], [73.70791666660901, 18.743750000009374], [73.70708333327568, 18.743750000009374]]]}}, {"type": "Feature", "properties": {"name": "Stream"}, "geometry": {"type": "Polygon", "coordinates": [[[73.93458333327563, 18.743750000009374], [73.93458333327563, 18.74291666667604], [73.93708333327562, 18.74291666667604], [73.93708333327562, 18.743750000009374], [73.93458333327563, 18.743750000009374]]]}}, {"type": "Feature", "properties": {"name": "Stream"}, "geometry": {"type": "Polygon", "coordinates": [[[73.70791666660901, 18.74291666667604], [73.70791666660901, 18.74208333334271], [73.70874999994234, 18.74208333334271], [73.70874999994234, 18.74291666667604], [73.70791666660901, 18.74291666667604]]]}}, {"type": "Feature", "properties": {"name": "Stream"}, "geometry": {"type": "Polygon", "coordinates": [[[73.93708333327562, 18.74291666667604], [73.93708333327562, 18.74208333334271], [73.93791666660896, 18.74208333334271], [73.93791666660896, 18.74291666667604], [73.93708333327562, 18.74291666667604]]]}}, {"type": "Feature", "properties": {"name": "Stream"}, "geometry": {"type": "Polygon", "coordinates": [[[73.94624999994228, 18.74291666667604], [73.94624999994228, 18.741250000009376], [73.94708333327561, 18.741250000009376], [73.94708333327561, 18.74291666667604], [73.94624999994228, 18.74291666667604]]]}}, {"type": "Feature", "properties": {"name": "Stream"}, "geometry": {"type": "Polygon", "coordinates": [[[73.70874999994234, 18.74208333334271], [73.70874999994234, 18.741250000009376], [73.70958333327567, 18.741250000009376], [73.70958333327567, 18.74208333334271], [73.70874999994234, 18.74208333334271]]]}}, {"type": "Feature", "properties": {"name": "Stream"}, "geometry": {"type": "Polygon", "coordinates": [[[73.93791666660896, 18.74208333334271], [73.93791666660896, 18.741250000009376], [73.93874999994229, 18.741250000009376], [73.93874999994229, 18.74208333334271], [73.93791666660896, 18.74208333334271]]]}}, {"type": "Feature", "properties": {"name": "Stream"}, "geometry": {"type": "Polygon", "coordinates": [[[73.70958333327567, 18.741250000009376], [73.70958333327567, 18.740416666676044], [73.710416666609, 18.740416666676044], [73.710416666609, 18.741250000009376], [73.70958333327567, 18.741250000009376]]]}}, {"type": "Feature", "properties": {"name": "Stream"}, "geometry": {"type": "Polygon", "coordinates": [[[73.93874999994229, 18.741250000009376], [73.93874999994229, 18.740416666676044], [73.93958333327562, 18.740416666676044], [73.93958333327562, 18.741250000009376], [73.93874999994229, 18.741250000009376]]]}}, {"type": "Feature", "properties": {"name": "Stream"}, "geometry": {"type": "Polygon", "coordinates": [[[73.710416666609, 18.740416666676044], [73.710416666609, 18.73958333334271], [73.71124999994234, 18.73958333334271], [73.71124999994234, 18.740416666676044], [73.710416666609, 18.740416666676044]]]}}, {"type": "Feature", "properties": {"name": "Stream"}, "geometry": {"type": "Polygon", "coordinates": [[[73.93958333327562, 18.740416666676044], [73.93958333327562, 18.73958333334271], [73.94041666660895, 18.73958333334271], [73.94041666660895, 18.740416666676044], [73.93958333327562, 18.740416666676044]]]}}, {"type": "Feature", "properties": {"name": "Stream"}, "geometry": {"type": "Polygon", "coordinates": [[[73.71124999994234, 18.73958333334271], [73.71124999994234, 18.738750000009375], [73.71208333327567, 18.738750000009375], [73.71208333327567, 18.73958333334271], [73.71124999994234, 18.73958333334271]]]}}, {"type": "Feature", "properties": {"name": "Stream"}, "geometry": {"type": "Polygon", "coordinates": [[[73.94041666660895, 18.73958333334271], [73.94041666660895, 18.738750000009375], [73.94374999994228, 18.738750000009375], [73.94374999994228, 18.73958333334271], [73.94041666660895, 18.73958333334271]]]}}, {"type": "Feature", "properties": {"name": "Stream"}, "geometry": {"type": "Polygon", "coordinates": [[[73.770416666609, 18.738750000009375], [73.770416666609, 18.737916666676043], [73.77374999994232, 18.737916666676043], [73.77374999994232, 18.738750000009375], [73.770416666609, 18.738750000009375]]]}}, {"type": "Feature", "properties": {"name": "Stream"}, "geometry": {"type": "Polygon", "coordinates": [[[73.94374999994228, 18.738750000009375], [73.94374999994228, 18.737916666676043], [73.94458333327562, 18.737916666676043], [73.94458333327562, 18.738750000009375], [73.94374999994228, 18.738750000009375]]]}}, {"type": "Feature", "properties": {"name": "Stream"}, "geometry": {"type": "Polygon", "coordinates": [[[73.71208333327567, 18.738750000009375], [73.71208333327567, 18.73708333334271], [73.712916666609, 18.73708333334271], [73.712916666609, 18.738750000009375], [73.71208333327567, 18.738750000009375]]]}}, {"type": "Feature", "properties": {"name": "Stream"}, "geometry": {"type": "Polygon", "coordinates": [[[73.76874999994233, 18.737916666676043], [73.76874999994233, 18.73708333334271], [73.770416666609, 18.73708333334271], [73.770416666609, 18.737916666676043], [73.76874999994233, 18.737916666676043]]]}}, {"type": "Feature", "properties": {"name": "Stream"}, "geometry": {"type": "Polygon", "coordinates": [[[73.77374999994232, 18.737916666676043], [73.77374999994232, 18.73708333334271], [73.77458333327566, 18.73708333334271], [73.77458333327566, 18.737916666676043], [73.77374999994232, 18.737916666676043]]]}}, {"type": "Feature", "properties": {"name": "Stream"}, "geometry": {"type": "Polygon", "coordinates": [[[73.94541666660895, 18.741250000009376], [73.94541666660895, 18.737916666676043], [73.94458333327562, 18.737916666676043], [73.94458333327562, 18.73708333334271], [73.94541666660895, 18.73708333334271], [73.94541666660895, 18.736250000009377], [73.94624999994228, 18.736250000009377], [73.94624999994228, 18.741250000009376], [73.94541666660895, 18.741250000009376]]]}}, {"type": "Feature", "properties": {"name": "Stream"}, "geometry": {"type": "Polygon", "coordinates": [[[73.76708333327566, 18.73708333334271], [73.76708333327566, 18.736250000009377], [73.76874999994233, 18.736250000009377], [73.76874999994233, 18.73708333334271], [73.76708333327566, 18.73708333334271]]]}}, {"type": "Feature", "properties": {"name": "Stream"}, "geometry": {"type": "Polygon", "coordinates": [[[73.77458333327566, 18.73708333334271], [73.77458333327566, 18.736250000009377], [73.77541666660899, 18.736250000009377], [73.77541666660899, 18.73708333334271], [73.77458333327566, 18.73708333334271]]]}}, {"type": "Feature", "properties": {"name": "Stream"}, "geometry": {"type": "Polygon", "coordinates": [[[73.71124999994234, 18.73708333334271], [73.71124999994234, 18.735416666676045], [73.71208333327567, 18.735416666676045], [73.71208333327567, 18.73708333334271], [73.71124999994234, 18.73708333334271]]]}}, {"type": "Feature", "properties": {"name": "Stream"}, "geometry": {"type": "Polygon", "coordinates": [[[73.77541666660899, 18.736250000009377], [73.77541666660899, 18.735416666676045], [73.77624999994232, 18.735416666676045], [73.77624999994232, 18.736250000009377], [73.77541666660899, 18.736250000009377]]]}}, {"type": "Feature", "properties": {"name": "Stream"}, "geometry": {"type": "Polygon", "coordinates": [[[73.94624999994228, 18.736250000009377], [73.94624999994228, 18.735416666676045], [73.94708333327561, 18.735416666676045], [73.94708333327561, 18.736250000009377], [73.94624999994228, 18.736250000009377]]]}}, {"type": "Feature", "properties": {"name": "Stream"}, "geometry": {"type": "Polygon", "coordinates": [[[73.77624999994232, 18.735416666676045], [73.77624999994232, 18.734583333342712], [73.77708333327566, 18.734583333342712], [73.77708333327566, 18.735416666676045], [73.77624999994232, 18.735416666676045]]]}}, {"type": "Feature", "properties": {"name": "Stream"}, "geometry": {"type": "Polygon", "coordinates": [[[73.94708333327561, 18.735416666676045], [73.94708333327561, 18.734583333342712], [73.94791666660895, 18.734583333342712], [73.94791666660895, 18.735416666676045], [73.94708333327561, 18.735416666676045]]]}}, {"type": "Feature", "properties": {"name": "Stream"}, "geometry": {"type": "Polygon", "coordinates": [[[73.77708333327566, 18.734583333342712], [73.77708333327566, 18.73375000000938], [73.77791666660899, 18.73375000000938], [73.77791666660899, 18.734583333342712], [73.77708333327566, 18.734583333342712]]]}}, {"type": "Feature", "properties": {"name": "Stream"}, "geometry": {"type": "Polygon", "coordinates": [[[73.94791666660895, 18.734583333342712], [73.94791666660895, 18.73375000000938], [73.94874999994228, 18.73375000000938], [73.94874999994228, 18.734583333342712], [73.94791666660895, 18.734583333342712]]]}}, {"type": "Feature", "properties": {"name": "Stream"}, "geometry": {"type": "Polygon", "coordinates": [[[73.71208333327567, 18.735416666676045], [73.71208333327567, 18.732916666676044], [73.712916666609, 18.732916666676044], [73.712916666609, 18.735416666676045], [73.71208333327567, 18.735416666676045]]]}}, {"type": "Feature", "properties": {"name": "Stream"}, "geometry": {"type": "Polygon", "coordinates": [[[73.77791666660899, 18.73375000000938], [73.77791666660899, 18.732916666676044], [73.77958333327565, 18.732916666676044], [73.77958333327565, 18.73375000000938], [73.77791666660899, 18.73375000000938]]]}}, {"type": "Feature", "properties": {"name": "Stream"}, "geometry": {"type": "Polygon", "coordinates": [[[73.77958333327565, 18.732916666676044], [73.77958333327565, 18.73208333334271], [73.78041666660899, 18.73208333334271], [73.78041666660899, 18.732916666676044], [73.77958333327565, 18.732916666676044]]]}}, {"type": "Feature", "properties": {"name": "Stream"}, "geometry": {"type": "Polygon", "coordinates": [[[73.94874999994228, 18.73375000000938], [73.94874999994228, 18.73125000000938], [73.94958333327561, 18.73125000000938], [73.94958333327561, 18.73375000000938], [73.94874999994228, 18.73375000000938]]]}}, {"type": "Feature", "properties": {"name": "Stream"}, "geometry": {"type": "Polygon", "coordinates": [[[73.71124999994234, 18.732916666676044], [73.71124999994234, 18.73125000000938], [73.71208333327567, 18.73125000000938], [73.71208333327567, 18.732916666676044], [73.71124999994234, 18.732916666676044]]]}}, {"type": "Feature", "properties": {"name": "Stream"}, "geometry": {"type": "Polygon", "coordinates": [[[73.78041666660899, 18.73208333334271], [73.78041666660899, 18.73125000000938], [73.78124999994232, 18.73125000000938], [73.78124999994232, 18.73208333334271], [73.78041666660899, 18.73208333334271]]]}}, {"type": "Feature", "properties": {"name": "Stream"}, "geometry": {"type": "Polygon", "coordinates": [[[73.78124999994232, 18.73125000000938], [73.78124999994232, 18.730416666676046], [73.78208333327565, 18.730416666676046], [73.78208333327565, 18.73125000000938], [73.78124999994232, 18.73125000000938]]]}}, {"type": "Feature", "properties": {"name": "Stream"}, "geometry": {"type": "Polygon", "coordinates": [[[73.710416666609, 18.73125000000938], [73.710416666609, 18.72875000000938], [73.71124999994234, 18.72875000000938], [73.71124999994234, 18.73125000000938], [73.710416666609, 18.73125000000938]]]}}, {"type": "Feature", "properties": {"name": "Stream"}, "geometry": {"type": "Polygon", "coordinates": [[[73.94958333327561, 18.73125000000938], [73.94958333327561, 18.72875000000938], [73.95041666660894, 18.72875000000938], [73.95041666660894, 18.73125000000938], [73.94958333327561, 18.73125000000938]]]}}, {"type": "Feature", "properties": {"name": "Stream"}, "geometry": {"type": "Polygon", "coordinates": [[[73.78208333327565, 18.730416666676046], [73.78208333327565, 18.72875000000938], [73.78291666660898, 18.72875000000938], [73.78291666660898, 18.730416666676046], [73.78208333327565, 18.730416666676046]]]}}, {"type": "Feature", "properties": {"name": "Stream"}, "geometry": {"type": "Polygon", "coordinates": [[[73.76624999994232, 18.736250000009377], [73.76624999994232, 18.727916666676045], [73.76708333327566, 18.727916666676045], [73.76708333327566, 18.736250000009377], [73.76624999994232, 18.736250000009377]]]}}, {"type": "Feature", "properties": {"name": "Stream"}, "geometry": {"type": "Polygon", "coordinates": [[[73.78291666660898, 18.72875000000938], [73.78291666660898, 18.727916666676045], [73.78374999994232, 18.727916666676045], [73.78374999994232, 18.72875000000938], [73.78291666660898, 18.72875000000938]]]}}, {"type": "Feature", "properties": {"name": "Stream"}, "geometry": {"type": "Polygon", "coordinates": [[[73.95041666660894, 18.72875000000938], [73.95041666660894, 18.727083333342712], [73.95124999994228, 18.727083333342712], [73.95124999994228, 18.72875000000938], [73.95041666660894, 18.72875000000938]]]}}, {"type": "Feature", "properties": {"name": "Stream"}, "geometry": {"type": "Polygon", "coordinates": [[[73.78374999994232, 18.727916666676045], [73.78374999994232, 18.72625000000938], [73.78458333327565, 18.72625000000938], [73.78458333327565, 18.727916666676045], [73.78374999994232, 18.727916666676045]]]}}, {"type": "Feature", "properties": {"name": "Stream"}, "geometry": {"type": "Polygon", "coordinates": [[[73.95124999994228, 18.727083333342712], [73.95124999994228, 18.72625000000938], [73.95208333327561, 18.72625000000938], [73.95208333327561, 18.727083333342712], [73.95124999994228, 18.727083333342712]]]}}, {"type": "Feature", "properties": {"name": "Stream"}, "geometry": {"type": "Polygon", "coordinates": [[[73.78458333327565, 18.72625000000938], [73.78458333327565, 18.725416666676047], [73.78541666660898, 18.725416666676047], [73.78541666660898, 18.72625000000938], [73.78458333327565, 18.72625000000938]]]}}, {"type": "Feature", "properties": {"name": "Stream"}, "geometry": {"type": "Polygon", "coordinates": [[[73.95208333327561, 18.72625000000938], [73.95208333327561, 18.725416666676047], [73.95291666660894, 18.725416666676047], [73.95291666660894, 18.72625000000938], [73.95208333327561, 18.72625000000938]]]}}, {"type": "Feature", "properties": {"name": "Stream"}, "geometry": {"type": "Polygon", "coordinates": [[[73.78541666660898, 18.725416666676047], [73.78541666660898, 18.724583333342714], [73.78624999994231, 18.724583333342714], [73.78624999994231, 18.725416666676047], [73.78541666660898, 18.725416666676047]]]}}, {"type": "Feature", "properties": {"name": "Stream"}, "geometry": {"type": "Polygon", "coordinates": [[[73.95291666660894, 18.725416666676047], [73.95291666660894, 18.724583333342714], [73.95374999994227, 18.724583333342714], [73.95374999994227, 18.725416666676047], [73.95291666660894, 18.725416666676047]]]}}, {"type": "Feature", "properties": {"name": "Stream"}, "geometry": {"type": "Polygon", "coordinates": [[[73.95374999994227, 18.724583333342714], [73.95374999994227, 18.72375000000938], [73.95541666660895, 18.72375000000938], [73.95541666660895, 18.724583333342714], [73.95374999994227, 18.724583333342714]]]}}, {"type": "Feature", "properties": {"name": "Stream"}, "geometry": {"type": "Polygon", "coordinates": [[[73.95874999994228, 18.724583333342714], [73.95874999994228, 18.72375000000938], [73.96374999994228, 18.72375000000938], [73.96374999994228, 18.724583333342714], [73.95874999994228, 18.724583333342714]]]}}, {"type": "Feature", "properties": {"name": "Stream"}, "geometry": {"type": "Polygon", "coordinates": [[[73.76541666660898, 18.727916666676045], [73.76541666660898, 18.722916666676046], [73.76624999994232, 18.722916666676046], [73.76624999994232, 18.727916666676045], [73.76541666660898, 18.727916666676045]]]}}, {"type": "Feature", "properties": {"name": "Stream"}, "geometry": {"type": "Polygon", "coordinates": [[[73.95541666660895, 18.72375000000938], [73.95541666660895, 18.722916666676046], [73.95874999994228, 18.722916666676046], [73.95874999994228, 18.72375000000938], [73.95541666660895, 18.72375000000938]]]}}, {"type": "Feature", "properties": {"name": "Stream"}, "geometry": {"type": "Polygon", "coordinates": [[[73.96374999994228, 18.72375000000938], [73.96374999994228, 18.722916666676046], [73.96874999994228, 18.722916666676046], [73.96874999994228, 18.72375000000938], [73.96374999994228, 18.72375000000938]]]}}, {"type": "Feature", "properties": {"name": "Stream"}, "geometry": {"type": "Polygon", "coordinates": [[[73.76458333327565, 18.722916666676046], [73.76458333327565, 18.722083333342713], [73.76541666660898, 18.722083333342713], [73.76541666660898, 18.722916666676046], [73.76458333327565, 18.722916666676046]]]}}, {"type": "Feature", "properties": {"name": "Stream"}, "geometry": {"type": "Polygon", "coordinates": [[[73.96874999994228, 18.722916666676046], [73.96874999994228, 18.722083333342713], [73.96958333327561, 18.722083333342713], [73.96958333327561, 18.722916666676046], [73.96874999994228, 18.722916666676046]]]}}, {"type": "Feature", "properties": {"name": "Stream"}, "geometry": {"type": "Polygon", "coordinates": [[[73.96958333327561, 18.722083333342713], [73.96958333327561, 18.72125000000938], [73.97041666660894, 18.72125000000938], [73.97041666660894, 18.722083333342713], [73.96958333327561, 18.722083333342713]]]}}, {"type": "Feature", "properties": {"name": "Stream"}, "geometry": {"type": "Polygon", "coordinates": [[[73.70958333327567, 18.72875000000938], [73.70958333327567, 18.720416666676048], [73.710416666609, 18.720416666676048], [73.710416666609, 18.72875000000938], [73.70958333327567, 18.72875000000938]]]}}, {"type": "Feature", "properties": {"name": "Stream"}, "geometry": {"type": "Polygon", "coordinates": [[[73.76374999994232, 18.722083333342713], [73.76374999994232, 18.720416666676048], [73.76458333327565, 18.720416666676048], [73.76458333327565, 18.722083333342713], [73.76374999994232, 18.722083333342713]]]}}, {"type": "Feature", "properties": {"name": "Stream"}, "geometry": {"type": "Polygon", "coordinates": [[[73.75208333327566, 18.72125000000938], [73.75208333327566, 18.720416666676048], [73.75708333327566, 18.720416666676048], [73.75708333327566, 18.72125000000938], [73.75208333327566, 18.72125000000938]]]}}, {"type": "Feature", "properties": {"name": "Stream"}, "geometry": {"type": "Polygon", "coordinates": [[[73.97041666660894, 18.72125000000938], [73.97041666660894, 18.720416666676048], [73.97124999994227, 18.720416666676048], [73.97124999994227, 18.72125000000938], [73.97041666660894, 18.72125000000938]]]}}, {"type": "Feature", "properties": {"name": "Stream"}, "geometry": {"type": "Polygon", "coordinates": [[[73.74958333327567, 18.720416666676048], [73.74958333327567, 18.719583333342715], [73.75208333327566, 18.719583333342715], [73.75208333327566, 18.720416666676048], [73.74958333327567, 18.720416666676048]]]}}, {"type": "Feature", "properties": {"name": "Stream"}, "geometry": {"type": "Polygon", "coordinates": [[[73.75708333327566, 18.720416666676048], [73.75708333327566, 18.719583333342715], [73.75791666660899, 18.719583333342715], [73.75791666660899, 18.720416666676048], [73.75708333327566, 18.720416666676048]]]}}, {"type": "Feature", "properties": {"name": "Stream"}, "geometry": {"type": "Polygon", "coordinates": [[[73.76291666660899, 18.720416666676048], [73.76291666660899, 18.719583333342715], [73.76374999994232, 18.719583333342715], [73.76374999994232, 18.720416666676048], [73.76291666660899, 18.720416666676048]]]}}, {"type": "Feature", "properties": {"name": "Stream"}, "geometry": {"type": "Polygon", "coordinates": [[[73.97124999994227, 18.720416666676048], [73.97124999994227, 18.719583333342715], [73.9720833332756, 18.719583333342715], [73.9720833332756, 18.720416666676048], [73.97124999994227, 18.720416666676048]]]}}, {"type": "Feature", "properties": {"name": "Stream"}, "geometry": {"type": "Polygon", "coordinates": [[[73.710416666609, 18.720416666676048], [73.710416666609, 18.718750000009383], [73.71124999994234, 18.718750000009383], [73.71124999994234, 18.720416666676048], [73.710416666609, 18.720416666676048]]]}}, {"type": "Feature", "properties": {"name": "Stream"}, "geometry": {"type": "Polygon", "coordinates": [[[73.75791666660899, 18.719583333342715], [73.75791666660899, 18.718750000009383], [73.75958333327566, 18.718750000009383], [73.75958333327566, 18.719583333342715], [73.75791666660899, 18.719583333342715]]]}}, {"type": "Feature", "properties": {"name": "Stream"}, "geometry": {"type": "Polygon", "coordinates": [[[73.76208333327565, 18.719583333342715], [73.76208333327565, 18.718750000009383], [73.76291666660899, 18.718750000009383], [73.76291666660899, 18.719583333342715], [73.76208333327565, 18.719583333342715]]]}}, {"type": "Feature", "properties": {"name": "Stream"}, "geometry": {"type": "Polygon", "coordinates": [[[73.9720833332756, 18.719583333342715], [73.9720833332756, 18.718750000009383], [73.97291666660894, 18.718750000009383], [73.97291666660894, 18.719583333342715], [73.9720833332756, 18.719583333342715]]]}}, {"type": "Feature", "properties": {"name": "Stream"}, "geometry": {"type": "Polygon", "coordinates": [[[73.98041666660895, 18.719583333342715], [73.98041666660895, 18.718750000009383], [73.98458333327561, 18.718750000009383], [73.98458333327561, 18.719583333342715], [73.98041666660895, 18.719583333342715]]]}}, {"type": "Feature", "properties": {"name": "Stream"}, "geometry": {"type": "Polygon", "coordinates": [[[73.74874999994233, 18.719583333342715], [73.74874999994233, 18.717916666676047], [73.74958333327567, 18.717916666676047], [73.74958333327567, 18.719583333342715], [73.74874999994233, 18.719583333342715]]]}}, {"type": "Feature", "properties": {"name": "Stream"}, "geometry": {"type": "Polygon", "coordinates": [[[73.71124999994234, 18.718750000009383], [73.71124999994234, 18.717916666676047], [73.71208333327567, 18.717916666676047], [73.71208333327567, 18.718750000009383], [73.71124999994234, 18.718750000009383]]]}}, {"type": "Feature", "properties": {"name": "Stream"}, "geometry": {"type": "Polygon", "coordinates": [[[73.75958333327566, 18.718750000009383], [73.75958333327566, 18.717916666676047], [73.76208333327565, 18.717916666676047], [73.76208333327565, 18.718750000009383], [73.75958333327566, 18.718750000009383]]]}}, {"type": "Feature", "properties": {"name": "Stream"}, "geometry": {"type": "Polygon", "coordinates": [[[73.97291666660894, 18.718750000009383], [73.97291666660894, 18.717916666676047], [73.9745833332756, 18.717916666676047], [73.9745833332756, 18.718750000009383], [73.97291666660894, 18.718750000009383]]]}}, {"type": "Feature", "properties": {"name": "Stream"}, "geometry": {"type": "Polygon", "coordinates": [[[73.97874999994228, 18.718750000009383], [73.97874999994228, 18.717916666676047], [73.98041666660895, 18.717916666676047], [73.98041666660895, 18.718750000009383], [73.97874999994228, 18.718750000009383]]]}}, {"type": "Feature", "properties": {"name": "Stream"}, "geometry": {"type": "Polygon", "coordinates": [[[73.98458333327561, 18.718750000009383], [73.98458333327561, 18.717916666676047], [73.98541666660894, 18.717916666676047], [73.98541666660894, 18.718750000009383], [73.98458333327561, 18.718750000009383]]]}}, {"type": "Feature", "properties": {"name": "Stream"}, "geometry": {"type": "Polygon", "coordinates": [[[73.78624999994231, 18.724583333342714], [73.78624999994231, 18.717083333342714], [73.78708333327565, 18.717083333342714], [73.78708333327565, 18.724583333342714], [73.78624999994231, 18.724583333342714]]]}}, {"type": "Feature", "properties": {"name": "Stream"}, "geometry": {"type": "Polygon", "coordinates": [[[73.9745833332756, 18.717916666676047], [73.9745833332756, 18.717083333342714], [73.97874999994228, 18.717083333342714], [73.97874999994228, 18.717916666676047], [73.9745833332756, 18.717916666676047]]]}}, {"type": "Feature", "properties": {"name": "Stream"}, "geometry": {"type": "Polygon", "coordinates": [[[73.98541666660894, 18.717916666676047], [73.98541666660894, 18.717083333342714], [73.98624999994227, 18.717083333342714], [73.98624999994227, 18.717916666676047], [73.98541666660894, 18.717916666676047]]]}}, {"type": "Feature", "properties": {"name": "Stream"}, "geometry": {"type": "Polygon", "coordinates": [[[73.99708333327561, 18.717916666676047], [73.99708333327561, 18.717083333342714], [74.00124999994227, 18.717083333342714], [74.00124999994227, 18.717916666676047], [73.99708333327561, 18.717916666676047]]]}}, {"type": "Feature", "properties": {"name": "Stream"}, "geometry": {"type": "Polygon", "coordinates": [[[73.78708333327565, 18.717083333342714], [73.78708333327565, 18.71625000000938], [73.787916666609, 18.71625000000938], [73.787916666609, 18.717083333342714], [73.78708333327565, 18.717083333342714]]]}}, {"type": "Feature", "properties": {"name": "Stream"}, "geometry": {"type": "Polygon", "coordinates": [[[73.98624999994227, 18.717083333342714], [73.98624999994227, 18.71625000000938], [73.9870833332756, 18.71625000000938], [73.9870833332756, 18.717083333342714], [73.98624999994227, 18.717083333342714]]]}}, {"type": "Feature", "properties": {"name": "Stream"}, "geometry": {"type": "Polygon", "coordinates": [[[73.99624999994228, 18.717083333342714], [73.99624999994228, 18.71625000000938], [73.99708333327561, 18.71625000000938], [73.99708333327561, 18.717083333342714], [73.99624999994228, 18.717083333342714]]]}}, {"type": "Feature", "properties": {"name": "Stream"}, "geometry": {"type": "Polygon", "coordinates": [[[74.00124999994227, 18.717083333342714], [74.00124999994227, 18.71625000000938], [74.0020833332756, 18.71625000000938], [74.0020833332756, 18.717083333342714], [74.00124999994227, 18.717083333342714]]]}}, {"type": "Feature", "properties": {"name": "Stream"}, "geometry": {"type": "Polygon", "coordinates": [[[73.71208333327567, 18.717916666676047], [73.71208333327567, 18.71541666667605], [73.712916666609, 18.71541666667605], [73.712916666609, 18.717916666676047], [73.71208333327567, 18.717916666676047]]]}}, {"type": "Feature", "properties": {"name": "Stream"}, "geometry": {"type": "Polygon", "coordinates": [[[73.747916666609, 18.717916666676047], [73.747916666609, 18.71541666667605], [73.74874999994233, 18.71541666667605], [73.74874999994233, 18.717916666676047], [73.747916666609, 18.717916666676047]]]}}, {"type": "Feature", "properties": {"name": "Stream"}, "geometry": {"type": "Polygon", "coordinates": [[[73.787916666609, 18.71625000000938], [73.787916666609, 18.71541666667605], [73.78874999994233, 18.71541666667605], [73.78874999994233, 18.71625000000938], [73.787916666609, 18.71625000000938]]]}}, {"type": "Feature", "properties": {"name": "Stream"}, "geometry": {"type": "Polygon", "coordinates": [[[73.9870833332756, 18.71625000000938], [73.9870833332756, 18.71541666667605], [73.98791666660894, 18.71541666667605], [73.98791666660894, 18.71625000000938], [73.9870833332756, 18.71625000000938]]]}}, {"type": "Feature", "properties": {"name": "Stream"}, "geometry": {"type": "Polygon", "coordinates": [[[73.99541666660893, 18.71625000000938], [73.99541666660893, 18.71541666667605], [73.99624999994228, 18.71541666667605], [73.99624999994228, 18.71625000000938], [73.99541666660893, 18.71625000000938]]]}}, {"type": "Feature", "properties": {"name": "Stream"}, "geometry": {"type": "Polygon", "coordinates": [[[74.0020833332756, 18.71625000000938], [74.0020833332756, 18.71541666667605], [74.00291666660894, 18.71541666667605], [74.00291666660894, 18.71625000000938], [74.0020833332756, 18.71625000000938]]]}}, {"type": "Feature", "properties": {"name": "Stream"}, "geometry": {"type": "Polygon", "coordinates": [[[73.71124999994234, 18.71541666667605], [73.71124999994234, 18.714583333342716], [73.71208333327567, 18.714583333342716], [73.71208333327567, 18.71541666667605], [73.71124999994234, 18.71541666667605]]]}}, {"type": "Feature", "properties": {"name": "Stream"}, "geometry": {"type": "Polygon", "coordinates": [[[73.78874999994233, 18.71541666667605], [73.78874999994233, 18.714583333342716], [73.78958333327566, 18.714583333342716], [73.78958333327566, 18.71541666667605], [73.78874999994233, 18.71541666667605]]]}}, {"type": "Feature", "properties": {"name": "Stream"}, "geometry": {"type": "Polygon", "coordinates": [[[73.98791666660894, 18.71541666667605], [73.98791666660894, 18.714583333342716], [73.9895833332756, 18.714583333342716], [73.9895833332756, 18.71541666667605], [73.98791666660894, 18.71541666667605]]]}}, {"type": "Feature", "properties": {"name": "Stream"}, "geometry": {"type": "Polygon", "coordinates": [[[73.9945833332756, 18.71541666667605], [73.9945833332756, 18.714583333342716], [73.99541666660893, 18.714583333342716], [73.99541666660893, 18.71541666667605], [73.9945833332756, 18.71541666667605]]]}}, {"type": "Feature", "properties": {"name": "Stream"}, "geometry": {"type": "Polygon", "coordinates": [[[74.00291666660894, 18.71541666667605], [74.00291666660894, 18.714583333342716], [74.00374999994227, 18.714583333342716], [74.00374999994227, 18.71541666667605], [74.00291666660894, 18.71541666667605]]]}}, {"type": "Feature", "properties": {"name": "Stream"}, "geometry": {"type": "Polygon", "coordinates": [[[73.710416666609, 18.714583333342716], [73.710416666609, 18.713750000009384], [73.71124999994234, 18.713750000009384], [73.71124999994234, 18.714583333342716], [73.710416666609, 18.714583333342716]]]}}, {"type": "Feature", "properties": {"name": "Stream"}, "geometry": {"type": "Polygon", "coordinates": [[[73.78958333327566, 18.714583333342716], [73.78958333327566, 18.713750000009384], [73.79041666660899, 18.713750000009384], [73.79041666660899, 18.714583333342716], [73.78958333327566, 18.714583333342716]]]}}, {"type": "Feature", "properties": {"name": "Stream"}, "geometry": {"type": "Polygon", "coordinates": [[[73.9895833332756, 18.714583333342716], [73.9895833332756, 18.713750000009384], [73.9945833332756, 18.713750000009384], [73.9945833332756, 18.714583333342716], [73.9895833332756, 18.714583333342716]]]}}, {"type": "Feature", "properties": {"name": "Stream"}, "geometry": {"type": "Polygon", "coordinates": [[[74.0020833332756, 18.714583333342716], [74.0020833332756, 18.713750000009384], [74.00291666660894, 18.713750000009384], [74.00291666660894, 18.714583333342716], [74.0020833332756, 18.714583333342716]]]}}, {"type": "Feature", "properties": {"name": "Stream"}, "geometry": {"type": "Polygon", "coordinates": [[[73.74708333327567, 18.71541666667605], [73.74708333327567, 18.71291666667605], [73.747916666609, 18.71291666667605], [73.747916666609, 18.71541666667605], [73.74708333327567, 18.71541666667605]]]}}, {"type": "Feature", "properties": {"name": "Stream"}, "geometry": {"type": "Polygon", "coordinates": [[[73.79041666660899, 18.713750000009384], [73.79041666660899, 18.71291666667605], [73.79124999994232, 18.71291666667605], [73.79124999994232, 18.713750000009384], [73.79041666660899, 18.713750000009384]]]}}, {"type": "Feature", "properties": {"name": "Stream"}, "geometry": {"type": "Polygon", "coordinates": [[[74.00124999994227, 18.713750000009384], [74.00124999994227, 18.71291666667605], [74.0020833332756, 18.71291666667605], [74.0020833332756, 18.713750000009384], [74.00124999994227, 18.713750000009384]]]}}, {"type": "Feature", "properties": {"name": "Stream"}, "geometry": {"type": "Polygon", "coordinates": [[[73.74624999994234, 18.71291666667605], [73.74624999994234, 18.712083333342715], [73.74708333327567, 18.712083333342715], [73.74708333327567, 18.71291666667605], [73.74624999994234, 18.71291666667605]]]}}, {"type": "Feature", "properties": {"name": "Stream"}, "geometry": {"type": "Polygon", "coordinates": [[[73.79124999994232, 18.71291666667605], [73.79124999994232, 18.712083333342715], [73.79208333327566, 18.712083333342715], [73.79208333327566, 18.71291666667605], [73.79124999994232, 18.71291666667605]]]}}, {"type": "Feature", "properties": {"name": "Stream"}, "geometry": {"type": "Polygon", "coordinates": [[[73.74541666660899, 18.712083333342715], [73.74541666660899, 18.711250000009382], [73.74624999994234, 18.711250000009382], [73.74624999994234, 18.712083333342715], [73.74541666660899, 18.712083333342715]]]}}, {"type": "Feature", "properties": {"name": "Stream"}, "geometry": {"type": "Polygon", "coordinates": [[[73.79208333327566, 18.712083333342715], [73.79208333327566, 18.711250000009382], [73.79291666660899, 18.711250000009382], [73.79291666660899, 18.712083333342715], [73.79208333327566, 18.712083333342715]]]}}, {"type": "Feature", "properties": {"name": "Stream"}, "geometry": {"type": "Polygon", "coordinates": [[[73.74458333327566, 18.711250000009382], [73.74458333327566, 18.71041666667605], [73.74541666660899, 18.71041666667605], [73.74541666660899, 18.711250000009382], [73.74458333327566, 18.711250000009382]]]}}, {"type": "Feature", "properties": {"name": "Stream"}, "geometry": {"type": "Polygon", "coordinates": [[[73.79291666660899, 18.711250000009382], [73.79291666660899, 18.71041666667605], [73.79374999994232, 18.71041666667605], [73.79374999994232, 18.711250000009382], [73.79291666660899, 18.711250000009382]]]}}, {"type": "Feature", "properties": {"name": "Stream"}, "geometry": {"type": "Polygon", "coordinates": [[[74.0020833332756, 18.71291666667605], [74.0020833332756, 18.709583333342717], [74.00291666660894, 18.709583333342717], [74.00291666660894, 18.71291666667605], [74.0020833332756, 18.71291666667605]]]}}, {"type": "Feature", "properties": {"name": "Stream"}, "geometry": {"type": "Polygon", "coordinates": [[[73.79374999994232, 18.71041666667605], [73.79374999994232, 18.709583333342717], [73.79458333327565, 18.709583333342717], [73.79458333327565, 18.71041666667605], [73.79374999994232, 18.71041666667605]]]}}, {"type": "Feature", "properties": {"name": "Stream"}, "geometry": {"type": "Polygon", "coordinates": [[[73.79458333327565, 18.709583333342717], [73.79458333327565, 18.708750000009385], [73.79541666660899, 18.708750000009385], [73.79541666660899, 18.709583333342717], [73.79458333327565, 18.709583333342717]]]}}, {"type": "Feature", "properties": {"name": "Stream"}, "geometry": {"type": "Polygon", "coordinates": [[[73.71124999994234, 18.713750000009384], [73.71124999994234, 18.707916666676052], [73.71208333327567, 18.707916666676052], [73.71208333327567, 18.713750000009384], [73.71124999994234, 18.713750000009384]]]}}, {"type": "Feature", "properties": {"name": "Stream"}, "geometry": {"type": "Polygon", "coordinates": [[[74.00124999994227, 18.709583333342717], [74.00124999994227, 18.707916666676052], [74.0020833332756, 18.707916666676052], [74.0020833332756, 18.709583333342717], [74.00124999994227, 18.709583333342717]]]}}, {"type": "Feature", "properties": {"name": "Stream"}, "geometry": {"type": "Polygon", "coordinates": [[[73.79541666660899, 18.708750000009385], [73.79541666660899, 18.707916666676052], [73.79624999994232, 18.707916666676052], [73.79624999994232, 18.708750000009385], [73.79541666660899, 18.708750000009385]]]}}, {"type": "Feature", "properties": {"name": "Stream"}, "geometry": {"type": "Polygon", "coordinates": [[[73.71208333327567, 18.707916666676052], [73.71208333327567, 18.707083333342716], [73.712916666609, 18.707083333342716], [73.712916666609, 18.707916666676052], [73.71208333327567, 18.707916666676052]]]}}, {"type": "Feature", "properties": {"name": "Stream"}, "geometry": {"type": "Polygon", "coordinates": [[[73.79624999994232, 18.707916666676052], [73.79624999994232, 18.707083333342716], [73.79708333327565, 18.707083333342716], [73.79708333327565, 18.707916666676052], [73.79624999994232, 18.707916666676052]]]}}, {"type": "Feature", "properties": {"name": "Stream"}, "geometry": {"type": "Polygon", "coordinates": [[[74.00041666660894, 18.707916666676052], [74.00041666660894, 18.706250000009383], [74.00124999994227, 18.706250000009383], [74.00124999994227, 18.707916666676052], [74.00041666660894, 18.707916666676052]]]}}, {"type": "Feature", "properties": {"name": "Stream"}, "geometry": {"type": "Polygon", "coordinates": [[[73.712916666609, 18.707083333342716], [73.712916666609, 18.706250000009383], [73.71374999994234, 18.706250000009383], [73.71374999994234, 18.707083333342716], [73.712916666609, 18.707083333342716]]]}}, {"type": "Feature", "properties": {"name": "Stream"}, "geometry": {"type": "Polygon", "coordinates": [[[73.72208333327566, 18.707083333342716], [73.72208333327566, 18.706250000009383], [73.732916666609, 18.706250000009383], [73.732916666609, 18.707083333342716], [73.72208333327566, 18.707083333342716]]]}}, {"type": "Feature", "properties": {"name": "Stream"}, "geometry": {"type": "Polygon", "coordinates": [[[73.79708333327565, 18.707083333342716], [73.79708333327565, 18.706250000009383], [73.79791666660898, 18.706250000009383], [73.79791666660898, 18.707083333342716], [73.79708333327565, 18.707083333342716]]]}}, {"type": "Feature", "properties": {"name": "Stream"}, "geometry": {"type": "Polygon", "coordinates": [[[73.71374999994234, 18.706250000009383], [73.71374999994234, 18.70541666667605], [73.71458333327567, 18.70541666667605], [73.71458333327567, 18.706250000009383], [73.71374999994234, 18.706250000009383]]]}}, {"type": "Feature", "properties": {"name": "Stream"}, "geometry": {"type": "Polygon", "coordinates": [[[73.717916666609, 18.706250000009383], [73.717916666609, 18.70541666667605], [73.72208333327566, 18.70541666667605], [73.72208333327566, 18.706250000009383], [73.717916666609, 18.706250000009383]]]}}, {"type": "Feature", "properties": {"name": "Stream"}, "geometry": {"type": "Polygon", "coordinates": [[[73.732916666609, 18.706250000009383], [73.732916666609, 18.70541666667605], [73.73458333327567, 18.70541666667605], [73.73458333327567, 18.706250000009383], [73.732916666609, 18.706250000009383]]]}}, {"type": "Feature", "properties": {"name": "Stream"}, "geometry": {"type": "Polygon", "coordinates": [[[73.79791666660898, 18.706250000009383], [73.79791666660898, 18.70541666667605], [73.79874999994232, 18.70541666667605], [73.79874999994232, 18.706250000009383], [73.79791666660898, 18.706250000009383]]]}}, {"type": "Feature", "properties": {"name": "Stream"}, "geometry": {"type": "Polygon", "coordinates": [[[73.99958333327561, 18.706250000009383], [73.99958333327561, 18.70541666667605], [74.00041666660894, 18.70541666667605], [74.00041666660894, 18.706250000009383], [73.99958333327561, 18.706250000009383]]]}}, {"type": "Feature", "properties": {"name": "Stream"}, "geometry": {"type": "Polygon", "coordinates": [[[73.71458333327567, 18.70541666667605], [73.71458333327567, 18.70458333334272], [73.717916666609, 18.70458333334272], [73.717916666609, 18.70541666667605], [73.71458333327567, 18.70541666667605]]]}}, {"type": "Feature", "properties": {"name": "Stream"}, "geometry": {"type": "Polygon", "coordinates": [[[73.73458333327567, 18.70541666667605], [73.73458333327567, 18.70458333334272], [73.735416666609, 18.70458333334272], [73.735416666609, 18.70541666667605], [73.73458333327567, 18.70541666667605]]]}}, {"type": "Feature", "properties": {"name": "Stream"}, "geometry": {"type": "Polygon", "coordinates": [[[73.79874999994232, 18.70541666667605], [73.79874999994232, 18.70458333334272], [73.79958333327565, 18.70458333334272], [73.79958333327565, 18.70541666667605], [73.79874999994232, 18.70541666667605]]]}}, {"type": "Feature", "properties": {"name": "Stream"}, "geometry": {"type": "Polygon", "coordinates": [[[73.99874999994228, 18.70541666667605], [73.99874999994228, 18.70458333334272], [73.99958333327561, 18.70458333334272], [73.99958333327561, 18.70541666667605], [73.99874999994228, 18.70541666667605]]]}}, {"type": "Feature", "properties": {"name": "Stream"}, "geometry": {"type": "Polygon", "coordinates": [[[73.735416666609, 18.70458333334272], [73.735416666609, 18.703750000009386], [73.73624999994233, 18.703750000009386], [73.73624999994233, 18.70458333334272], [73.735416666609, 18.70458333334272]]]}}, {"type": "Feature", "properties": {"name": "Stream"}, "geometry": {"type": "Polygon", "coordinates": [[[73.79958333327565, 18.70458333334272], [73.79958333327565, 18.703750000009386], [73.80041666660898, 18.703750000009386], [73.80041666660898, 18.70458333334272], [73.79958333327565, 18.70458333334272]]]}}, {"type": "Feature", "properties": {"name": "Stream"}, "geometry": {"type": "Polygon", "coordinates": [[[73.80624999994231, 18.70458333334272], [73.80624999994231, 18.703750000009386], [73.81124999994232, 18.703750000009386], [73.81124999994232, 18.70458333334272], [73.80624999994231, 18.70458333334272]]]}}, {"type": "Feature", "properties": {"name": "Stream"}, "geometry": {"type": "Polygon", "coordinates": [[[73.56374999994237, 18.703750000009386], [73.56374999994237, 18.702916666676053], [73.56541666660904, 18.702916666676053], [73.56541666660904, 18.703750000009386], [73.56374999994237, 18.703750000009386]]]}}, {"type": "Feature", "properties": {"name": "Stream"}, "geometry": {"type": "Polygon", "coordinates": [[[73.73624999994233, 18.703750000009386], [73.73624999994233, 18.702916666676053], [73.73874999994233, 18.702916666676053], [73.73874999994233, 18.703750000009386], [73.73624999994233, 18.703750000009386]]]}}, {"type": "Feature", "properties": {"name": "Stream"}, "geometry": {"type": "Polygon", "coordinates": [[[73.80041666660898, 18.703750000009386], [73.80041666660898, 18.702916666676053], [73.80124999994231, 18.702916666676053], [73.80124999994231, 18.703750000009386], [73.80041666660898, 18.703750000009386]]]}}, {"type": "Feature", "properties": {"name": "Stream"}, "geometry": {"type": "Polygon", "coordinates": [[[73.80541666660898, 18.703750000009386], [73.80541666660898, 18.702916666676053], [73.80624999994231, 18.702916666676053], [73.80624999994231, 18.703750000009386], [73.80541666660898, 18.703750000009386]]]}}, {"type": "Feature", "properties": {"name": "Stream"}, "geometry": {"type": "Polygon", "coordinates": [[[73.81124999994232, 18.703750000009386], [73.81124999994232, 18.702916666676053], [73.81208333327565, 18.702916666676053], [73.81208333327565, 18.703750000009386], [73.81124999994232, 18.703750000009386]]]}}, {"type": "Feature", "properties": {"name": "Stream"}, "geometry": {"type": "Polygon", "coordinates": [[[73.99791666660894, 18.70458333334272], [73.99791666660894, 18.702083333342717], [73.99874999994228, 18.702083333342717], [73.99874999994228, 18.70458333334272], [73.99791666660894, 18.70458333334272]]]}}, {"type": "Feature", "properties": {"name": "Stream"}, "geometry": {"type": "Polygon", "coordinates": [[[73.56208333327571, 18.702916666676053], [73.56208333327571, 18.702083333342717], [73.56374999994237, 18.702083333342717], [73.56374999994237, 18.702916666676053], [73.56208333327571, 18.702916666676053]]]}}, {"type": "Feature", "properties": {"name": "Stream"}, "geometry": {"type": "Polygon", "coordinates": [[[73.56541666660904, 18.702916666676053], [73.56541666660904, 18.702083333342717], [73.56624999994237, 18.702083333342717], [73.56624999994237, 18.702916666676053], [73.56541666660904, 18.702916666676053]]]}}, {"type": "Feature", "properties": {"name": "Stream"}, "geometry": {"type": "Polygon", "coordinates": [[[73.74374999994232, 18.71041666667605], [73.74374999994232, 18.702916666676053], [73.73874999994233, 18.702916666676053], [73.73874999994233, 18.702083333342717], [73.74458333327566, 18.702083333342717], [73.74458333327566, 18.71041666667605], [73.74374999994232, 18.71041666667605]]]}}, {"type": "Feature", "properties": {"name": "Stream"}, "geometry": {"type": "Polygon", "coordinates": [[[73.80124999994231, 18.702916666676053], [73.80124999994231, 18.702083333342717], [73.80541666660898, 18.702083333342717], [73.80541666660898, 18.702916666676053], [73.80124999994231, 18.702916666676053]]]}}, {"type": "Feature", "properties": {"name": "Stream"}, "geometry": {"type": "Polygon", "coordinates": [[[73.81208333327565, 18.702916666676053], [73.81208333327565, 18.701250000009384], [73.81291666660898, 18.701250000009384], [73.81291666660898, 18.702916666676053], [73.81208333327565, 18.702916666676053]]]}}, {"type": "Feature", "properties": {"name": "Stream"}, "geometry": {"type": "Polygon", "coordinates": [[[73.56624999994237, 18.702083333342717], [73.56624999994237, 18.701250000009384], [73.56874999994237, 18.701250000009384], [73.56874999994237, 18.702083333342717], [73.56624999994237, 18.702083333342717]]]}}, {"type": "Feature", "properties": {"name": "Stream"}, "geometry": {"type": "Polygon", "coordinates": [[[73.99874999994228, 18.702083333342717], [73.99874999994228, 18.700416666676052], [73.99958333327561, 18.700416666676052], [73.99958333327561, 18.702083333342717], [73.99874999994228, 18.702083333342717]]]}}, {"type": "Feature", "properties": {"name": "Stream"}, "geometry": {"type": "Polygon", "coordinates": [[[73.56874999994237, 18.701250000009384], [73.56874999994237, 18.700416666676052], [73.5695833332757, 18.700416666676052], [73.5695833332757, 18.701250000009384], [73.56874999994237, 18.701250000009384]]]}}, {"type": "Feature", "properties": {"name": "Stream"}, "geometry": {"type": "Polygon", "coordinates": [[[73.99958333327561, 18.700416666676052], [73.99958333327561, 18.69958333334272], [74.00041666660894, 18.69958333334272], [74.00041666660894, 18.700416666676052], [73.99958333327561, 18.700416666676052]]]}}, {"type": "Feature", "properties": {"name": "Stream"}, "geometry": {"type": "Polygon", "coordinates": [[[73.81291666660898, 18.701250000009384], [73.81291666660898, 18.698750000009387], [73.81374999994232, 18.698750000009387], [73.81374999994232, 18.701250000009384], [73.81291666660898, 18.701250000009384]]]}}, {"type": "Feature", "properties": {"name": "Stream"}, "geometry": {"type": "Polygon", "coordinates": [[[73.5695833332757, 18.700416666676052], [73.5695833332757, 18.698750000009387], [73.57041666660903, 18.698750000009387], [73.57041666660903, 18.700416666676052], [73.5695833332757, 18.700416666676052]]]}}, {"type": "Feature", "properties": {"name": "Stream"}, "geometry": {"type": "Polygon", "coordinates": [[[74.00041666660894, 18.69958333334272], [74.00041666660894, 18.698750000009387], [74.00124999994227, 18.698750000009387], [74.00124999994227, 18.69958333334272], [74.00041666660894, 18.69958333334272]]]}}, {"type": "Feature", "properties": {"name": "Stream"}, "geometry": {"type": "Polygon", "coordinates": [[[73.57041666660903, 18.698750000009387], [73.57041666660903, 18.697916666676054], [73.57291666660903, 18.697916666676054], [73.57291666660903, 18.698750000009387], [73.57041666660903, 18.698750000009387]]]}}, {"type": "Feature", "properties": {"name": "Stream"}, "geometry": {"type": "Polygon", "coordinates": [[[74.00124999994227, 18.698750000009387], [74.00124999994227, 18.697916666676054], [74.0020833332756, 18.697916666676054], [74.0020833332756, 18.698750000009387], [74.00124999994227, 18.698750000009387]]]}}, {"type": "Feature", "properties": {"name": "Stream"}, "geometry": {"type": "Polygon", "coordinates": [[[73.57291666660903, 18.697916666676054], [73.57291666660903, 18.697083333342718], [73.57374999994236, 18.697083333342718], [73.57374999994236, 18.697916666676054], [73.57291666660903, 18.697916666676054]]]}}, {"type": "Feature", "properties": {"name": "Stream"}, "geometry": {"type": "Polygon", "coordinates": [[[73.57624999994236, 18.697916666676054], [73.57624999994236, 18.697083333342718], [73.5795833332757, 18.697083333342718], [73.5795833332757, 18.697916666676054], [73.57624999994236, 18.697916666676054]]]}}, {"type": "Feature", "properties": {"name": "Stream"}, "geometry": {"type": "Polygon", "coordinates": [[[73.66541666660902, 18.697916666676054], [73.66541666660902, 18.697083333342718], [73.66624999994235, 18.697083333342718], [73.66624999994235, 18.697916666676054], [73.66541666660902, 18.697916666676054]]]}}, {"type": "Feature", "properties": {"name": "Stream"}, "geometry": {"type": "Polygon", "coordinates": [[[73.57374999994236, 18.697083333342718], [73.57374999994236, 18.696250000009385], [73.57624999994236, 18.696250000009385], [73.57624999994236, 18.697083333342718], [73.57374999994236, 18.697083333342718]]]}}, {"type": "Feature", "properties": {"name": "Stream"}, "geometry": {"type": "Polygon", "coordinates": [[[73.5795833332757, 18.697083333342718], [73.5795833332757, 18.696250000009385], [73.5845833332757, 18.696250000009385], [73.5845833332757, 18.697083333342718], [73.5795833332757, 18.697083333342718]]]}}, {"type": "Feature", "properties": {"name": "Stream"}, "geometry": {"type": "Polygon", "coordinates": [[[73.64791666660902, 18.697083333342718], [73.64791666660902, 18.696250000009385], [73.65041666660902, 18.696250000009385], [73.65041666660902, 18.697083333342718], [73.64791666660902, 18.697083333342718]]]}}, {"type": "Feature", "properties": {"name": "Stream"}, "geometry": {"type": "Polygon", "coordinates": [[[73.66458333327569, 18.697083333342718], [73.66458333327569, 18.696250000009385], [73.66541666660902, 18.696250000009385], [73.66541666660902, 18.697083333342718], [73.66458333327569, 18.697083333342718]]]}}, {"type": "Feature", "properties": {"name": "Stream"}, "geometry": {"type": "Polygon", "coordinates": [[[73.66624999994235, 18.697083333342718], [73.66624999994235, 18.696250000009385], [73.66958333327568, 18.696250000009385], [73.66958333327568, 18.697083333342718], [73.66624999994235, 18.697083333342718]]]}}, {"type": "Feature", "properties": {"name": "Stream"}, "geometry": {"type": "Polygon", "coordinates": [[[73.5845833332757, 18.696250000009385], [73.5845833332757, 18.695416666676053], [73.58541666660904, 18.695416666676053], [73.58541666660904, 18.696250000009385], [73.5845833332757, 18.696250000009385]]]}}, {"type": "Feature", "properties": {"name": "Stream"}, "geometry": {"type": "Polygon", "coordinates": [[[73.59041666660903, 18.696250000009385], [73.59041666660903, 18.695416666676053], [73.59124999994236, 18.695416666676053], [73.59124999994236, 18.696250000009385], [73.59041666660903, 18.696250000009385]]]}}, {"type": "Feature", "properties": {"name": "Stream"}, "geometry": {"type": "Polygon", "coordinates": [[[73.59791666660902, 18.696250000009385], [73.59791666660902, 18.695416666676053], [73.60041666660904, 18.695416666676053], [73.60041666660904, 18.696250000009385], [73.59791666660902, 18.696250000009385]]]}}, {"type": "Feature", "properties": {"name": "Stream"}, "geometry": {"type": "Polygon", "coordinates": [[[73.64708333327569, 18.696250000009385], [73.64708333327569, 18.695416666676053], [73.64791666660902, 18.695416666676053], [73.64791666660902, 18.696250000009385], [73.64708333327569, 18.696250000009385]]]}}, {"type": "Feature", "properties": {"name": "Stream"}, "geometry": {"type": "Polygon", "coordinates": [[[73.66374999994235, 18.696250000009385], [73.66374999994235, 18.695416666676053], [73.66458333327569, 18.695416666676053], [73.66458333327569, 18.696250000009385], [73.66374999994235, 18.696250000009385]]]}}, {"type": "Feature", "properties": {"name": "Stream"}, "geometry": {"type": "Polygon", "coordinates": [[[73.66958333327568, 18.696250000009385], [73.66958333327568, 18.695416666676053], [73.67041666660901, 18.695416666676053], [73.67041666660901, 18.696250000009385], [73.66958333327568, 18.696250000009385]]]}}, {"type": "Feature", "properties": {"name": "Stream"}, "geometry": {"type": "Polygon", "coordinates": [[[74.0020833332756, 18.697916666676054], [74.0020833332756, 18.69458333334272], [74.00291666660894, 18.69458333334272], [74.00291666660894, 18.697916666676054], [74.0020833332756, 18.697916666676054]]]}}, {"type": "Feature", "properties": {"name": "Stream"}, "geometry": {"type": "Polygon", "coordinates": [[[73.58541666660904, 18.695416666676053], [73.58541666660904, 18.69458333334272], [73.58624999994237, 18.69458333334272], [73.58624999994237, 18.695416666676053], [73.58541666660904, 18.695416666676053]]]}}, {"type": "Feature", "properties": {"name": "Stream"}, "geometry": {"type": "Polygon", "coordinates": [[[73.58874999994237, 18.695416666676053], [73.58874999994237, 18.69458333334272], [73.59041666660903, 18.69458333334272], [73.59041666660903, 18.695416666676053], [73.58874999994237, 18.695416666676053]]]}}, {"type": "Feature", "properties": {"name": "Stream"}, "geometry": {"type": "Polygon", "coordinates": [[[73.59124999994236, 18.695416666676053], [73.59124999994236, 18.69458333334272], [73.5920833332757, 18.69458333334272], [73.5920833332757, 18.695416666676053], [73.59124999994236, 18.695416666676053]]]}}, {"type": "Feature", "properties": {"name": "Stream"}, "geometry": {"type": "Polygon", "coordinates": [[[73.59708333327569, 18.695416666676053], [73.59708333327569, 18.69458333334272], [73.59791666660902, 18.69458333334272], [73.59791666660902, 18.695416666676053], [73.59708333327569, 18.695416666676053]]]}}, {"type": "Feature", "properties": {"name": "Stream"}, "geometry": {"type": "Polygon", "coordinates": [[[73.60041666660904, 18.695416666676053], [73.60041666660904, 18.69458333334272], [73.60124999994237, 18.69458333334272], [73.60124999994237, 18.695416666676053], [73.60041666660904, 18.695416666676053]]]}}, {"type": "Feature", "properties": {"name": "Stream"}, "geometry": {"type": "Polygon", "coordinates": [[[73.61291666660902, 18.695416666676053], [73.61291666660902, 18.69458333334272], [73.61624999994235, 18.69458333334272], [73.61624999994235, 18.695416666676053], [73.61291666660902, 18.695416666676053]]]}}, {"type": "Feature", "properties": {"name": "Stream"}, "geometry": {"type": "Polygon", "coordinates": [[[73.6245833332757, 18.695416666676053], [73.6245833332757, 18.69458333334272], [73.63124999994236, 18.69458333334272], [73.63124999994236, 18.695416666676053], [73.6245833332757, 18.695416666676053]]]}}, {"type": "Feature", "properties": {"name": "Stream"}, "geometry": {"type": "Polygon", "coordinates": [[[73.64624999994236, 18.695416666676053], [73.64624999994236, 18.69458333334272], [73.64708333327569, 18.69458333334272], [73.64708333327569, 18.695416666676053], [73.64624999994236, 18.695416666676053]]]}}, {"type": "Feature", "properties": {"name": "Stream"}, "geometry": {"type": "Polygon", "coordinates": [[[73.66291666660902, 18.695416666676053], [73.66291666660902, 18.69458333334272], [73.66374999994235, 18.69458333334272], [73.66374999994235, 18.695416666676053], [73.66291666660902, 18.695416666676053]]]}}, {"type": "Feature", "properties": {"name": "Stream"}, "geometry": {"type": "Polygon", "coordinates": [[[73.67041666660901, 18.695416666676053], [73.67041666660901, 18.69458333334272], [73.67124999994235, 18.69458333334272], [73.67124999994235, 18.695416666676053], [73.67041666660901, 18.695416666676053]]]}}, {"type": "Feature", "properties": {"name": "Stream"}, "geometry": {"type": "Polygon", "coordinates": [[[73.58624999994237, 18.69458333334272], [73.58624999994237, 18.693750000009388], [73.58874999994237, 18.693750000009388], [73.58874999994237, 18.69458333334272], [73.58624999994237, 18.69458333334272]]]}}, {"type": "Feature", "properties": {"name": "Stream"}, "geometry": {"type": "Polygon", "coordinates": [[[73.5920833332757, 18.69458333334272], [73.5920833332757, 18.693750000009388], [73.59291666660903, 18.693750000009388], [73.59291666660903, 18.69458333334272], [73.5920833332757, 18.69458333334272]]]}}, {"type": "Feature", "properties": {"name": "Stream"}, "geometry": {"type": "Polygon", "coordinates": [[[73.59624999994236, 18.69458333334272], [73.59624999994236, 18.693750000009388], [73.59708333327569, 18.693750000009388], [73.59708333327569, 18.69458333334272], [73.59624999994236, 18.69458333334272]]]}}, {"type": "Feature", "properties": {"name": "Stream"}, "geometry": {"type": "Polygon", "coordinates": [[[73.60124999994237, 18.69458333334272], [73.60124999994237, 18.693750000009388], [73.6020833332757, 18.693750000009388], [73.6020833332757, 18.69458333334272], [73.60124999994237, 18.69458333334272]]]}}, {"type": "Feature", "properties": {"name": "Stream"}, "geometry": {"type": "Polygon", "coordinates": [[[73.61124999994236, 18.69458333334272], [73.61124999994236, 18.693750000009388], [73.61291666660902, 18.693750000009388], [73.61291666660902, 18.69458333334272], [73.61124999994236, 18.69458333334272]]]}}, {"type": "Feature", "properties": {"name": "Stream"}, "geometry": {"type": "Polygon", "coordinates": [[[73.61624999994235, 18.69458333334272], [73.61624999994235, 18.693750000009388], [73.6245833332757, 18.693750000009388], [73.6245833332757, 18.69458333334272], [73.61624999994235, 18.69458333334272]]]}}, {"type": "Feature", "properties": {"name": "Stream"}, "geometry": {"type": "Polygon", "coordinates": [[[73.63124999994236, 18.69458333334272], [73.63124999994236, 18.693750000009388], [73.63958333327568, 18.693750000009388], [73.63958333327568, 18.69458333334272], [73.63124999994236, 18.69458333334272]]]}}, {"type": "Feature", "properties": {"name": "Stream"}, "geometry": {"type": "Polygon", "coordinates": [[[73.64541666660902, 18.69458333334272], [73.64541666660902, 18.693750000009388], [73.64624999994236, 18.693750000009388], [73.64624999994236, 18.69458333334272], [73.64541666660902, 18.69458333334272]]]}}, {"type": "Feature", "properties": {"name": "Stream"}, "geometry": {"type": "Polygon", "coordinates": [[[73.67124999994235, 18.69458333334272], [73.67124999994235, 18.693750000009388], [73.67541666660901, 18.693750000009388], [73.67541666660901, 18.69458333334272], [73.67124999994235, 18.69458333334272]]]}}, {"type": "Feature", "properties": {"name": "Stream"}, "geometry": {"type": "Polygon", "coordinates": [[[73.65041666660902, 18.696250000009385], [73.65041666660902, 18.692916666676055], [73.65124999994235, 18.692916666676055], [73.65124999994235, 18.696250000009385], [73.65041666660902, 18.696250000009385]]]}}, {"type": "Feature", "properties": {"name": "Stream"}, "geometry": {"type": "Polygon", "coordinates": [[[74.00124999994227, 18.69458333334272], [74.00124999994227, 18.692916666676055], [74.0020833332756, 18.692916666676055], [74.0020833332756, 18.69458333334272], [74.00124999994227, 18.69458333334272]]]}}, {"type": "Feature", "properties": {"name": "Stream"}, "geometry": {"type": "Polygon", "coordinates": [[[73.59291666660903, 18.693750000009388], [73.59291666660903, 18.692916666676055], [73.59374999994236, 18.692916666676055], [73.59374999994236, 18.693750000009388], [73.59291666660903, 18.693750000009388]]]}}, {"type": "Feature", "properties": {"name": "Stream"}, "geometry": {"type": "Polygon", "coordinates": [[[73.59541666660903, 18.693750000009388], [73.59541666660903, 18.692916666676055], [73.59624999994236, 18.692916666676055], [73.59624999994236, 18.693750000009388], [73.59541666660903, 18.693750000009388]]]}}, {"type": "Feature", "properties": {"name": "Stream"}, "geometry": {"type": "Polygon", "coordinates": [[[73.6020833332757, 18.693750000009388], [73.6020833332757, 18.692916666676055], [73.60374999994237, 18.692916666676055], [73.60374999994237, 18.693750000009388], [73.6020833332757, 18.693750000009388]]]}}, {"type": "Feature", "properties": {"name": "Stream"}, "geometry": {"type": "Polygon", "coordinates": [[[73.61041666660903, 18.693750000009388], [73.61041666660903, 18.692916666676055], [73.61124999994236, 18.692916666676055], [73.61124999994236, 18.693750000009388], [73.61041666660903, 18.693750000009388]]]}}, {"type": "Feature", "properties": {"name": "Stream"}, "geometry": {"type": "Polygon", "coordinates": [[[73.63958333327568, 18.693750000009388], [73.63958333327568, 18.692916666676055], [73.64541666660902, 18.692916666676055], [73.64541666660902, 18.693750000009388], [73.63958333327568, 18.693750000009388]]]}}, {"type": "Feature", "properties": {"name": "Stream"}, "geometry": {"type": "Polygon", "coordinates": [[[73.67541666660901, 18.693750000009388], [73.67541666660901, 18.692916666676055], [73.67624999994234, 18.692916666676055], [73.67624999994234, 18.693750000009388], [73.67541666660901, 18.693750000009388]]]}}, {"type": "Feature", "properties": {"name": "Stream"}, "geometry": {"type": "Polygon", "coordinates": [[[73.66208333327567, 18.69458333334272], [73.66208333327567, 18.692083333342723], [73.66291666660902, 18.692083333342723], [73.66291666660902, 18.69458333334272], [73.66208333327567, 18.69458333334272]]]}}, {"type": "Feature", "properties": {"name": "Stream"}, "geometry": {"type": "Polygon", "coordinates": [[[73.59374999994236, 18.692916666676055], [73.59374999994236, 18.692083333342723], [73.59541666660903, 18.692083333342723], [73.59541666660903, 18.692916666676055], [73.59374999994236, 18.692916666676055]]]}}, {"type": "Feature", "properties": {"name": "Stream"}, "geometry": {"type": "Polygon", "coordinates": [[[73.60374999994237, 18.692916666676055], [73.60374999994237, 18.692083333342723], [73.6045833332757, 18.692083333342723], [73.6045833332757, 18.692916666676055], [73.60374999994237, 18.692916666676055]]]}}, {"type": "Feature", "properties": {"name": "Stream"}, "geometry": {"type": "Polygon", "coordinates": [[[73.60791666660903, 18.692916666676055], [73.60791666660903, 18.692083333342723], [73.61041666660903, 18.692083333342723], [73.61041666660903, 18.692916666676055], [73.60791666660903, 18.692916666676055]]]}}, {"type": "Feature", "properties": {"name": "Stream"}, "geometry": {"type": "Polygon", "coordinates": [[[73.65124999994235, 18.692916666676055], [73.65124999994235, 18.692083333342723], [73.65208333327568, 18.692083333342723], [73.65208333327568, 18.692916666676055], [73.65124999994235, 18.692916666676055]]]}}, {"type": "Feature", "properties": {"name": "Stream"}, "geometry": {"type": "Polygon", "coordinates": [[[73.65624999994235, 18.692916666676055], [73.65624999994235, 18.692083333342723], [73.66041666660901, 18.692083333342723], [73.66041666660901, 18.692916666676055], [73.65624999994235, 18.692916666676055]]]}}, {"type": "Feature", "properties": {"name": "Stream"}, "geometry": {"type": "Polygon", "coordinates": [[[73.67624999994234, 18.692916666676055], [73.67624999994234, 18.692083333342723], [73.67791666660901, 18.692083333342723], [73.67791666660901, 18.692916666676055], [73.67624999994234, 18.692916666676055]]]}}, {"type": "Feature", "properties": {"name": "Stream"}, "geometry": {"type": "Polygon", "coordinates": [[[74.00041666660894, 18.692916666676055], [74.00041666660894, 18.691250000009386], [74.00124999994227, 18.691250000009386], [74.00124999994227, 18.692916666676055], [74.00041666660894, 18.692916666676055]]]}}, {"type": "Feature", "properties": {"name": "Stream"}, "geometry": {"type": "Polygon", "coordinates": [[[73.6045833332757, 18.692083333342723], [73.6045833332757, 18.691250000009386], [73.60791666660903, 18.691250000009386], [73.60791666660903, 18.692083333342723], [73.6045833332757, 18.692083333342723]]]}}, {"type": "Feature", "properties": {"name": "Stream"}, "geometry": {"type": "Polygon", "coordinates": [[[73.65208333327568, 18.692083333342723], [73.65208333327568, 18.691250000009386], [73.65624999994235, 18.691250000009386], [73.65624999994235, 18.692083333342723], [73.65208333327568, 18.692083333342723]]]}}, {"type": "Feature", "properties": {"name": "Stream"}, "geometry": {"type": "Polygon", "coordinates": [[[73.66041666660901, 18.692083333342723], [73.66041666660901, 18.691250000009386], [73.66208333327567, 18.691250000009386], [73.66208333327567, 18.692083333342723], [73.66041666660901, 18.692083333342723]]]}}, {"type": "Feature", "properties": {"name": "Stream"}, "geometry": {"type": "Polygon", "coordinates": [[[73.67791666660901, 18.692083333342723], [73.67791666660901, 18.691250000009386], [73.67874999994234, 18.691250000009386], [73.67874999994234, 18.692083333342723], [73.67791666660901, 18.692083333342723]]]}}, {"type": "Feature", "properties": {"name": "Stream"}, "geometry": {"type": "Polygon", "coordinates": [[[73.67874999994234, 18.691250000009386], [73.67874999994234, 18.690416666676054], [73.67958333327567, 18.690416666676054], [73.67958333327567, 18.691250000009386], [73.67874999994234, 18.691250000009386]]]}}, {"type": "Feature", "properties": {"name": "Stream"}, "geometry": {"type": "Polygon", "coordinates": [[[73.99958333327561, 18.691250000009386], [73.99958333327561, 18.690416666676054], [74.00041666660894, 18.690416666676054], [74.00041666660894, 18.691250000009386], [73.99958333327561, 18.691250000009386]]]}}, {"type": "Feature", "properties": {"name": "Stream"}, "geometry": {"type": "Polygon", "coordinates": [[[73.81374999994232, 18.698750000009387], [73.81374999994232, 18.68958333334272], [73.81458333327565, 18.68958333334272], [73.81458333327565, 18.698750000009387], [73.81374999994232, 18.698750000009387]]]}}, {"type": "Feature", "properties": {"name": "Stream"}, "geometry": {"type": "Polygon", "coordinates": [[[73.83041666660898, 18.690416666676054], [73.83041666660898, 18.68958333334272], [73.83541666660898, 18.68958333334272], [73.83541666660898, 18.690416666676054], [73.83041666660898, 18.690416666676054]]]}}, {"type": "Feature", "properties": {"name": "Stream"}, "geometry": {"type": "Polygon", "coordinates": [[[73.99874999994228, 18.690416666676054], [73.99874999994228, 18.68958333334272], [73.99958333327561, 18.68958333334272], [73.99958333327561, 18.690416666676054], [73.99874999994228, 18.690416666676054]]]}}, {"type": "Feature", "properties": {"name": "Stream"}, "geometry": {"type": "Polygon", "coordinates": [[[73.81458333327565, 18.68958333334272], [73.81458333327565, 18.68875000000939], [73.81541666660898, 18.68875000000939], [73.81541666660898, 18.68958333334272], [73.81458333327565, 18.68958333334272]]]}}, {"type": "Feature", "properties": {"name": "Stream"}, "geometry": {"type": "Polygon", "coordinates": [[[73.82708333327564, 18.68958333334272], [73.82708333327564, 18.68875000000939], [73.83041666660898, 18.68875000000939], [73.83041666660898, 18.68958333334272], [73.82708333327564, 18.68958333334272]]]}}, {"type": "Feature", "properties": {"name": "Stream"}, "geometry": {"type": "Polygon", "coordinates": [[[73.83541666660898, 18.68958333334272], [73.83541666660898, 18.68875000000939], [73.83708333327564, 18.68875000000939], [73.83708333327564, 18.68958333334272], [73.83541666660898, 18.68958333334272]]]}}, {"type": "Feature", "properties": {"name": "Stream"}, "geometry": {"type": "Polygon", "coordinates": [[[73.84541666660897, 18.68958333334272], [73.84541666660897, 18.68875000000939], [73.85124999994231, 18.68875000000939], [73.85124999994231, 18.68958333334272], [73.84541666660897, 18.68958333334272]]]}}, {"type": "Feature", "properties": {"name": "Stream"}, "geometry": {"type": "Polygon", "coordinates": [[[73.99791666660894, 18.68958333334272], [73.99791666660894, 18.68875000000939], [73.99874999994228, 18.68875000000939], [73.99874999994228, 18.68958333334272], [73.99791666660894, 18.68958333334272]]]}}, {"type": "Feature", "properties": {"name": "Stream"}, "geometry": {"type": "Polygon", "coordinates": [[[73.81541666660898, 18.68875000000939], [73.81541666660898, 18.687916666676056], [73.81624999994231, 18.687916666676056], [73.81624999994231, 18.68875000000939], [73.81541666660898, 18.68875000000939]]]}}, {"type": "Feature", "properties": {"name": "Stream"}, "geometry": {"type": "Polygon", "coordinates": [[[73.82374999994231, 18.68875000000939], [73.82374999994231, 18.687916666676056], [73.82708333327564, 18.687916666676056], [73.82708333327564, 18.68875000000939], [73.82374999994231, 18.68875000000939]]]}}, {"type": "Feature", "properties": {"name": "Stream"}, "geometry": {"type": "Polygon", "coordinates": [[[73.83708333327564, 18.68875000000939], [73.83708333327564, 18.687916666676056], [73.8412499999423, 18.687916666676056], [73.8412499999423, 18.68875000000939], [73.83708333327564, 18.68875000000939]]]}}, {"type": "Feature", "properties": {"name": "Stream"}, "geometry": {"type": "Polygon", "coordinates": [[[73.84458333327564, 18.68875000000939], [73.84458333327564, 18.687916666676056], [73.84541666660897, 18.687916666676056], [73.84541666660897, 18.68875000000939], [73.84458333327564, 18.68875000000939]]]}}, {"type": "Feature", "properties": {"name": "Stream"}, "geometry": {"type": "Polygon", "coordinates": [[[73.85124999994231, 18.68875000000939], [73.85124999994231, 18.687916666676056], [73.85208333327564, 18.687916666676056], [73.85208333327564, 18.68875000000939], [73.85124999994231, 18.68875000000939]]]}}, {"type": "Feature", "properties": {"name": "Stream"}, "geometry": {"type": "Polygon", "coordinates": [[[73.67958333327567, 18.690416666676054], [73.67958333327567, 18.687083333342724], [73.680416666609, 18.687083333342724], [73.680416666609, 18.690416666676054], [73.67958333327567, 18.690416666676054]]]}}, {"type": "Feature", "properties": {"name": "Stream"}, "geometry": {"type": "Polygon", "coordinates": [[[73.81624999994231, 18.687916666676056], [73.81624999994231, 18.687083333342724], [73.81791666660898, 18.687083333342724], [73.81791666660898, 18.687916666676056], [73.81624999994231, 18.687916666676056]]]}}, {"type": "Feature", "properties": {"name": "Stream"}, "geometry": {"type": "Polygon", "coordinates": [[[73.82208333327564, 18.687916666676056], [73.82208333327564, 18.687083333342724], [73.82374999994231, 18.687083333342724], [73.82374999994231, 18.687916666676056], [73.82208333327564, 18.687916666676056]]]}}, {"type": "Feature", "properties": {"name": "Stream"}, "geometry": {"type": "Polygon", "coordinates": [[[73.8412499999423, 18.687916666676056], [73.8412499999423, 18.687083333342724], [73.84458333327564, 18.687083333342724], [73.84458333327564, 18.687916666676056], [73.8412499999423, 18.687916666676056]]]}}, {"type": "Feature", "properties": {"name": "Stream"}, "geometry": {"type": "Polygon", "coordinates": [[[73.85208333327564, 18.687916666676056], [73.85208333327564, 18.687083333342724], [73.85291666660898, 18.687083333342724], [73.85291666660898, 18.687916666676056], [73.85208333327564, 18.687916666676056]]]}}, {"type": "Feature", "properties": {"name": "Stream"}, "geometry": {"type": "Polygon", "coordinates": [[[73.86958333327563, 18.687916666676056], [73.86958333327563, 18.687083333342724], [73.87124999994231, 18.687083333342724], [73.87124999994231, 18.687916666676056], [73.86958333327563, 18.687916666676056]]]}}, {"type": "Feature", "properties": {"name": "Stream"}, "geometry": {"type": "Polygon", "coordinates": [[[73.81791666660898, 18.687083333342724], [73.81791666660898, 18.686250000009387], [73.82208333327564, 18.686250000009387], [73.82208333327564, 18.687083333342724], [73.81791666660898, 18.687083333342724]]]}}, {"type": "Feature", "properties": {"name": "Stream"}, "geometry": {"type": "Polygon", "coordinates": [[[73.85291666660898, 18.687083333342724], [73.85291666660898, 18.686250000009387], [73.85374999994231, 18.686250000009387], [73.85374999994231, 18.687083333342724], [73.85291666660898, 18.687083333342724]]]}}, {"type": "Feature", "properties": {"name": "Stream"}, "geometry": {"type": "Polygon", "coordinates": [[[73.86708333327563, 18.687083333342724], [73.86708333327563, 18.686250000009387], [73.86958333327563, 18.686250000009387], [73.86958333327563, 18.687083333342724], [73.86708333327563, 18.687083333342724]]]}}, {"type": "Feature", "properties": {"name": "Stream"}, "geometry": {"type": "Polygon", "coordinates": [[[73.87124999994231, 18.687083333342724], [73.87124999994231, 18.686250000009387], [73.87708333327564, 18.686250000009387], [73.87708333327564, 18.687083333342724], [73.87124999994231, 18.687083333342724]]]}}, {"type": "Feature", "properties": {"name": "Stream"}, "geometry": {"type": "Polygon", "coordinates": [[[73.99708333327561, 18.68875000000939], [73.99708333327561, 18.685416666676055], [73.99791666660894, 18.685416666676055], [73.99791666660894, 18.68875000000939], [73.99708333327561, 18.68875000000939]]]}}, {"type": "Feature", "properties": {"name": "Stream"}, "geometry": {"type": "Polygon", "coordinates": [[[73.680416666609, 18.687083333342724], [73.680416666609, 18.685416666676055], [73.68124999994234, 18.685416666676055], [73.68124999994234, 18.687083333342724], [73.680416666609, 18.687083333342724]]]}}, {"type": "Feature", "properties": {"name": "Stream"}, "geometry": {"type": "Polygon", "coordinates": [[[73.85374999994231, 18.686250000009387], [73.85374999994231, 18.685416666676055], [73.85458333327564, 18.685416666676055], [73.85458333327564, 18.686250000009387], [73.85374999994231, 18.686250000009387]]]}}, {"type": "Feature", "properties": {"name": "Stream"}, "geometry": {"type": "Polygon", "coordinates": [[[73.8662499999423, 18.686250000009387], [73.8662499999423, 18.685416666676055], [73.86708333327563, 18.685416666676055], [73.86708333327563, 18.686250000009387], [73.8662499999423, 18.686250000009387]]]}}, {"type": "Feature", "properties": {"name": "Stream"}, "geometry": {"type": "Polygon", "coordinates": [[[73.87708333327564, 18.686250000009387], [73.87708333327564, 18.685416666676055], [73.87791666660897, 18.685416666676055], [73.87791666660897, 18.686250000009387], [73.87708333327564, 18.686250000009387]]]}}, {"type": "Feature", "properties": {"name": "Stream"}, "geometry": {"type": "Polygon", "coordinates": [[[73.68124999994234, 18.685416666676055], [73.68124999994234, 18.684583333342722], [73.68208333327567, 18.684583333342722], [73.68208333327567, 18.685416666676055], [73.68124999994234, 18.685416666676055]]]}}, {"type": "Feature", "properties": {"name": "Stream"}, "geometry": {"type": "Polygon", "coordinates": [[[73.85458333327564, 18.685416666676055], [73.85458333327564, 18.684583333342722], [73.85541666660897, 18.684583333342722], [73.85541666660897, 18.685416666676055], [73.85458333327564, 18.685416666676055]]]}}, {"type": "Feature", "properties": {"name": "Stream"}, "geometry": {"type": "Polygon", "coordinates": [[[73.86458333327563, 18.685416666676055], [73.86458333327563, 18.684583333342722], [73.8662499999423, 18.684583333342722], [73.8662499999423, 18.685416666676055], [73.86458333327563, 18.685416666676055]]]}}, {"type": "Feature", "properties": {"name": "Stream"}, "geometry": {"type": "Polygon", "coordinates": [[[73.87791666660897, 18.685416666676055], [73.87791666660897, 18.684583333342722], [73.8787499999423, 18.684583333342722], [73.8787499999423, 18.685416666676055], [73.87791666660897, 18.685416666676055]]]}}, {"type": "Feature", "properties": {"name": "Stream"}, "geometry": {"type": "Polygon", "coordinates": [[[73.99791666660894, 18.685416666676055], [73.99791666660894, 18.68375000000939], [73.99874999994228, 18.68375000000939], [73.99874999994228, 18.685416666676055], [73.99791666660894, 18.685416666676055]]]}}, {"type": "Feature", "properties": {"name": "Stream"}, "geometry": {"type": "Polygon", "coordinates": [[[73.68208333327567, 18.684583333342722], [73.68208333327567, 18.68375000000939], [73.682916666609, 18.68375000000939], [73.682916666609, 18.684583333342722], [73.68208333327567, 18.684583333342722]]]}}, {"type": "Feature", "properties": {"name": "Stream"}, "geometry": {"type": "Polygon", "coordinates": [[[73.85541666660897, 18.684583333342722], [73.85541666660897, 18.68375000000939], [73.8562499999423, 18.68375000000939], [73.8562499999423, 18.684583333342722], [73.85541666660897, 18.684583333342722]]]}}, {"type": "Feature", "properties": {"name": "Stream"}, "geometry": {"type": "Polygon", "coordinates": [[[73.8787499999423, 18.684583333342722], [73.8787499999423, 18.68375000000939], [73.87958333327563, 18.68375000000939], [73.87958333327563, 18.684583333342722], [73.8787499999423, 18.684583333342722]]]}}, {"type": "Feature", "properties": {"name": "Stream"}, "geometry": {"type": "Polygon", "coordinates": [[[73.8637499999423, 18.684583333342722], [73.8637499999423, 18.682916666676057], [73.86458333327563, 18.682916666676057], [73.86458333327563, 18.684583333342722], [73.8637499999423, 18.684583333342722]]]}}, {"type": "Feature", "properties": {"name": "Stream"}, "geometry": {"type": "Polygon", "coordinates": [[[73.682916666609, 18.68375000000939], [73.682916666609, 18.682916666676057], [73.68374999994235, 18.682916666676057], [73.68374999994235, 18.68375000000939], [73.682916666609, 18.68375000000939]]]}}, {"type": "Feature", "properties": {"name": "Stream"}, "geometry": {"type": "Polygon", "coordinates": [[[73.8562499999423, 18.68375000000939], [73.8562499999423, 18.682916666676057], [73.85708333327564, 18.682916666676057], [73.85708333327564, 18.68375000000939], [73.8562499999423, 18.68375000000939]]]}}, {"type": "Feature", "properties": {"name": "Stream"}, "geometry": {"type": "Polygon", "coordinates": [[[73.87958333327563, 18.68375000000939], [73.87958333327563, 18.682916666676057], [73.88041666660897, 18.682916666676057], [73.88041666660897, 18.68375000000939], [73.87958333327563, 18.68375000000939]]]}}, {"type": "Feature", "properties": {"name": "Stream"}, "geometry": {"type": "Polygon", "coordinates": [[[73.99874999994228, 18.68375000000939], [73.99874999994228, 18.682916666676057], [73.99958333327561, 18.682916666676057], [73.99958333327561, 18.68375000000939], [73.99874999994228, 18.68375000000939]]]}}, {"type": "Feature", "properties": {"name": "Stream"}, "geometry": {"type": "Polygon", "coordinates": [[[73.85708333327564, 18.682916666676057], [73.85708333327564, 18.682083333342725], [73.85791666660897, 18.682083333342725], [73.85791666660897, 18.682916666676057], [73.85708333327564, 18.682916666676057]]]}}, {"type": "Feature", "properties": {"name": "Stream"}, "geometry": {"type": "Polygon", "coordinates": [[[73.86291666660897, 18.682916666676057], [73.86291666660897, 18.682083333342725], [73.8637499999423, 18.682083333342725], [73.8637499999423, 18.682916666676057], [73.86291666660897, 18.682916666676057]]]}}, {"type": "Feature", "properties": {"name": "Stream"}, "geometry": {"type": "Polygon", "coordinates": [[[73.88041666660897, 18.682916666676057], [73.88041666660897, 18.682083333342725], [73.8812499999423, 18.682083333342725], [73.8812499999423, 18.682916666676057], [73.88041666660897, 18.682916666676057]]]}}, {"type": "Feature", "properties": {"name": "Stream"}, "geometry": {"type": "Polygon", "coordinates": [[[73.99958333327561, 18.682916666676057], [73.99958333327561, 18.68125000000939], [74.00041666660894, 18.68125000000939], [74.00041666660894, 18.682916666676057], [73.99958333327561, 18.682916666676057]]]}}, {"type": "Feature", "properties": {"name": "Stream"}, "geometry": {"type": "Polygon", "coordinates": [[[73.85791666660897, 18.682083333342725], [73.85791666660897, 18.68125000000939], [73.8587499999423, 18.68125000000939], [73.8587499999423, 18.682083333342725], [73.85791666660897, 18.682083333342725]]]}}, {"type": "Feature", "properties": {"name": "Stream"}, "geometry": {"type": "Polygon", "coordinates": [[[73.86208333327563, 18.682083333342725], [73.86208333327563, 18.68125000000939], [73.86291666660897, 18.68125000000939], [73.86291666660897, 18.682083333342725], [73.86208333327563, 18.682083333342725]]]}}, {"type": "Feature", "properties": {"name": "Stream"}, "geometry": {"type": "Polygon", "coordinates": [[[73.8812499999423, 18.682083333342725], [73.8812499999423, 18.68125000000939], [73.88208333327563, 18.68125000000939], [73.88208333327563, 18.682083333342725], [73.8812499999423, 18.682083333342725]]]}}, {"type": "Feature", "properties": {"name": "Stream"}, "geometry": {"type": "Polygon", "coordinates": [[[73.8587499999423, 18.68125000000939], [73.8587499999423, 18.680416666676056], [73.86208333327563, 18.680416666676056], [73.86208333327563, 18.68125000000939], [73.8587499999423, 18.68125000000939]]]}}, {"type": "Feature", "properties": {"name": "Stream"}, "geometry": {"type": "Polygon", "coordinates": [[[73.88208333327563, 18.68125000000939], [73.88208333327563, 18.680416666676056], [73.88291666660896, 18.680416666676056], [73.88291666660896, 18.68125000000939], [73.88208333327563, 18.68125000000939]]]}}, {"type": "Feature", "properties": {"name": "Stream"}, "geometry": {"type": "Polygon", "coordinates": [[[73.88291666660896, 18.680416666676056], [73.88291666660896, 18.679583333342723], [73.8837499999423, 18.679583333342723], [73.8837499999423, 18.680416666676056], [73.88291666660896, 18.680416666676056]]]}}, {"type": "Feature", "properties": {"name": "Stream"}, "geometry": {"type": "Polygon", "coordinates": [[[73.98624999994227, 18.680416666676056], [73.98624999994227, 18.679583333342723], [73.99124999994227, 18.679583333342723], [73.99124999994227, 18.680416666676056], [73.98624999994227, 18.680416666676056]]]}}, {"type": "Feature", "properties": {"name": "Stream"}, "geometry": {"type": "Polygon", "coordinates": [[[73.68374999994235, 18.682916666676057], [73.68374999994235, 18.67875000000939], [73.68458333327568, 18.67875000000939], [73.68458333327568, 18.682916666676057], [73.68374999994235, 18.682916666676057]]]}}, {"type": "Feature", "properties": {"name": "Stream"}, "geometry": {"type": "Polygon", "coordinates": [[[74.00041666660894, 18.68125000000939], [74.00041666660894, 18.67875000000939], [74.00124999994227, 18.67875000000939], [74.00124999994227, 18.68125000000939], [74.00041666660894, 18.68125000000939]]]}}, {"type": "Feature", "properties": {"name": "Stream"}, "geometry": {"type": "Polygon", "coordinates": [[[73.8837499999423, 18.679583333342723], [73.8837499999423, 18.67875000000939], [73.88541666660896, 18.67875000000939], [73.88541666660896, 18.679583333342723], [73.8837499999423, 18.679583333342723]]]}}, {"type": "Feature", "properties": {"name": "Stream"}, "geometry": {"type": "Polygon", "coordinates": [[[73.98541666660894, 18.679583333342723], [73.98541666660894, 18.67875000000939], [73.98624999994227, 18.67875000000939], [73.98624999994227, 18.679583333342723], [73.98541666660894, 18.679583333342723]]]}}, {"type": "Feature", "properties": {"name": "Stream"}, "geometry": {"type": "Polygon", "coordinates": [[[73.99124999994227, 18.679583333342723], [73.99124999994227, 18.67875000000939], [73.9920833332756, 18.67875000000939], [73.9920833332756, 18.679583333342723], [73.99124999994227, 18.679583333342723]]]}}, {"type": "Feature", "properties": {"name": "Stream"}, "geometry": {"type": "Polygon", "coordinates": [[[73.682916666609, 18.67875000000939], [73.682916666609, 18.677916666676058], [73.68374999994235, 18.677916666676058], [73.68374999994235, 18.67875000000939], [73.682916666609, 18.67875000000939]]]}}, {"type": "Feature", "properties": {"name": "Stream"}, "geometry": {"type": "Polygon", "coordinates": [[[73.88541666660896, 18.67875000000939], [73.88541666660896, 18.677916666676058], [73.88708333327563, 18.677916666676058], [73.88708333327563, 18.67875000000939], [73.88541666660896, 18.67875000000939]]]}}, {"type": "Feature", "properties": {"name": "Stream"}, "geometry": {"type": "Polygon", "coordinates": [[[73.88874999994229, 18.67875000000939], [73.88874999994229, 18.677916666676058], [73.89124999994229, 18.677916666676058], [73.89124999994229, 18.67875000000939], [73.88874999994229, 18.67875000000939]]]}}, {"type": "Feature", "properties": {"name": "Stream"}, "geometry": {"type": "Polygon", "coordinates": [[[73.98374999994228, 18.67875000000939], [73.98374999994228, 18.677916666676058], [73.98541666660894, 18.677916666676058], [73.98541666660894, 18.67875000000939], [73.98374999994228, 18.67875000000939]]]}}, {"type": "Feature", "properties": {"name": "Stream"}, "geometry": {"type": "Polygon", "coordinates": [[[73.9920833332756, 18.67875000000939], [73.9920833332756, 18.677916666676058], [73.99291666660893, 18.677916666676058], [73.99291666660893, 18.67875000000939], [73.9920833332756, 18.67875000000939]]]}}, {"type": "Feature", "properties": {"name": "Stream"}, "geometry": {"type": "Polygon", "coordinates": [[[73.68208333327567, 18.677916666676058], [73.68208333327567, 18.677083333342726], [73.682916666609, 18.677083333342726], [73.682916666609, 18.677916666676058], [73.68208333327567, 18.677916666676058]]]}}, {"type": "Feature", "properties": {"name": "Stream"}, "geometry": {"type": "Polygon", "coordinates": [[[73.88708333327563, 18.677916666676058], [73.88708333327563, 18.677083333342726], [73.88874999994229, 18.677083333342726], [73.88874999994229, 18.677916666676058], [73.88708333327563, 18.677916666676058]]]}}, {"type": "Feature", "properties": {"name": "Stream"}, "geometry": {"type": "Polygon", "coordinates": [[[73.89124999994229, 18.677916666676058], [73.89124999994229, 18.677083333342726], [73.89458333327563, 18.677083333342726], [73.89458333327563, 18.677916666676058], [73.89124999994229, 18.677916666676058]]]}}, {"type": "Feature", "properties": {"name": "Stream"}, "geometry": {"type": "Polygon", "coordinates": [[[73.98291666660894, 18.677916666676058], [73.98291666660894, 18.677083333342726], [73.98374999994228, 18.677083333342726], [73.98374999994228, 18.677916666676058], [73.98291666660894, 18.677916666676058]]]}}, {"type": "Feature", "properties": {"name": "Stream"}, "geometry": {"type": "Polygon", "coordinates": [[[74.00124999994227, 18.67875000000939], [74.00124999994227, 18.67625000000939], [74.0020833332756, 18.67625000000939], [74.0020833332756, 18.67875000000939], [74.00124999994227, 18.67875000000939]]]}}, {"type": "Feature", "properties": {"name": "Stream"}, "geometry": {"type": "Polygon", "coordinates": [[[73.99291666660893, 18.677916666676058], [73.99291666660893, 18.67625000000939], [73.99374999994227, 18.67625000000939], [73.99374999994227, 18.677916666676058], [73.99291666660893, 18.677916666676058]]]}}, {"type": "Feature", "properties": {"name": "Stream"}, "geometry": {"type": "Polygon", "coordinates": [[[73.89458333327563, 18.677083333342726], [73.89458333327563, 18.67625000000939], [73.89541666660897, 18.67625000000939], [73.89541666660897, 18.677083333342726], [73.89458333327563, 18.677083333342726]]]}}, {"type": "Feature", "properties": {"name": "Stream"}, "geometry": {"type": "Polygon", "coordinates": [[[73.68124999994234, 18.677083333342726], [73.68124999994234, 18.675416666676057], [73.68208333327567, 18.675416666676057], [73.68208333327567, 18.677083333342726], [73.68124999994234, 18.677083333342726]]]}}, {"type": "Feature", "properties": {"name": "Stream"}, "geometry": {"type": "Polygon", "coordinates": [[[73.98208333327561, 18.677083333342726], [73.98208333327561, 18.675416666676057], [73.98291666660894, 18.675416666676057], [73.98291666660894, 18.677083333342726], [73.98208333327561, 18.677083333342726]]]}}, {"type": "Feature", "properties": {"name": "Stream"}, "geometry": {"type": "Polygon", "coordinates": [[[73.99374999994227, 18.67625000000939], [73.99374999994227, 18.675416666676057], [73.9945833332756, 18.675416666676057], [73.9945833332756, 18.67625000000939], [73.99374999994227, 18.67625000000939]]]}}, {"type": "Feature", "properties": {"name": "Stream"}, "geometry": {"type": "Polygon", "coordinates": [[[74.00041666660894, 18.67625000000939], [74.00041666660894, 18.675416666676057], [74.00124999994227, 18.675416666676057], [74.00124999994227, 18.67625000000939], [74.00041666660894, 18.67625000000939]]]}}, {"type": "Feature", "properties": {"name": "Stream"}, "geometry": {"type": "Polygon", "coordinates": [[[73.680416666609, 18.675416666676057], [73.680416666609, 18.674583333342724], [73.68124999994234, 18.674583333342724], [73.68124999994234, 18.675416666676057], [73.680416666609, 18.675416666676057]]]}}, {"type": "Feature", "properties": {"name": "Stream"}, "geometry": {"type": "Polygon", "coordinates": [[[73.98291666660894, 18.675416666676057], [73.98291666660894, 18.674583333342724], [73.98374999994228, 18.674583333342724], [73.98374999994228, 18.675416666676057], [73.98291666660894, 18.675416666676057]]]}}, {"type": "Feature", "properties": {"name": "Stream"}, "geometry": {"type": "Polygon", "coordinates": [[[73.9945833332756, 18.675416666676057], [73.9945833332756, 18.674583333342724], [73.99541666660893, 18.674583333342724], [73.99541666660893, 18.675416666676057], [73.9945833332756, 18.675416666676057]]]}}, {"type": "Feature", "properties": {"name": "Stream"}, "geometry": {"type": "Polygon", "coordinates": [[[73.99958333327561, 18.675416666676057], [73.99958333327561, 18.674583333342724], [74.00041666660894, 18.674583333342724], [74.00041666660894, 18.675416666676057], [73.99958333327561, 18.675416666676057]]]}}, {"type": "Feature", "properties": {"name": "Stream"}, "geometry": {"type": "Polygon", "coordinates": [[[73.89541666660897, 18.67625000000939], [73.89541666660897, 18.67375000000939], [73.8962499999423, 18.67375000000939], [73.8962499999423, 18.67625000000939], [73.89541666660897, 18.67625000000939]]]}}, {"type": "Feature", "properties": {"name": "Stream"}, "geometry": {"type": "Polygon", "coordinates": [[[73.99541666660893, 18.674583333342724], [73.99541666660893, 18.67375000000939], [73.99624999994228, 18.67375000000939], [73.99624999994228, 18.674583333342724], [73.99541666660893, 18.674583333342724]]]}}, {"type": "Feature", "properties": {"name": "Stream"}, "geometry": {"type": "Polygon", "coordinates": [[[73.98374999994228, 18.674583333342724], [73.98374999994228, 18.67291666667606], [73.98458333327561, 18.67291666667606], [73.98458333327561, 18.674583333342724], [73.98374999994228, 18.674583333342724]]]}}, {"type": "Feature", "properties": {"name": "Stream"}, "geometry": {"type": "Polygon", "coordinates": [[[73.99874999994228, 18.674583333342724], [73.99874999994228, 18.67291666667606], [73.99958333327561, 18.67291666667606], [73.99958333327561, 18.674583333342724], [73.99874999994228, 18.674583333342724]]]}}, {"type": "Feature", "properties": {"name": "Stream"}, "geometry": {"type": "Polygon", "coordinates": [[[73.99624999994228, 18.67375000000939], [73.99624999994228, 18.67291666667606], [73.99708333327561, 18.67291666667606], [73.99708333327561, 18.67375000000939], [73.99624999994228, 18.67375000000939]]]}}, {"type": "Feature", "properties": {"name": "Stream"}, "geometry": {"type": "Polygon", "coordinates": [[[73.8962499999423, 18.67375000000939], [73.8962499999423, 18.672083333342727], [73.89708333327563, 18.672083333342727], [73.89708333327563, 18.67375000000939], [73.8962499999423, 18.67375000000939]]]}}, {"type": "Feature", "properties": {"name": "Stream"}, "geometry": {"type": "Polygon", "coordinates": [[[73.68791666660901, 18.67291666667606], [73.68791666660901, 18.672083333342727], [73.69041666660901, 18.672083333342727], [73.69041666660901, 18.67291666667606], [73.68791666660901, 18.67291666667606]]]}}, {"type": "Feature", "properties": {"name": "Stream"}, "geometry": {"type": "Polygon", "coordinates": [[[73.98458333327561, 18.67291666667606], [73.98458333327561, 18.672083333342727], [73.98541666660894, 18.672083333342727], [73.98541666660894, 18.67291666667606], [73.98458333327561, 18.67291666667606]]]}}, {"type": "Feature", "properties": {"name": "Stream"}, "geometry": {"type": "Polygon", "coordinates": [[[73.67958333327567, 18.674583333342724], [73.67958333327567, 18.671250000009394], [73.680416666609, 18.671250000009394], [73.680416666609, 18.674583333342724], [73.67958333327567, 18.674583333342724]]]}}, {"type": "Feature", "properties": {"name": "Stream"}, "geometry": {"type": "Polygon", "coordinates": [[[73.68624999994235, 18.672083333342727], [73.68624999994235, 18.671250000009394], [73.68791666660901, 18.671250000009394], [73.68791666660901, 18.672083333342727], [73.68624999994235, 18.672083333342727]]]}}, {"type": "Feature", "properties": {"name": "Stream"}, "geometry": {"type": "Polygon", "coordinates": [[[73.69041666660901, 18.672083333342727], [73.69041666660901, 18.671250000009394], [73.69208333327568, 18.671250000009394], [73.69208333327568, 18.672083333342727], [73.69041666660901, 18.672083333342727]]]}}, {"type": "Feature", "properties": {"name": "Stream"}, "geometry": {"type": "Polygon", "coordinates": [[[73.89708333327563, 18.672083333342727], [73.89708333327563, 18.671250000009394], [73.89791666660896, 18.671250000009394], [73.89791666660896, 18.672083333342727], [73.89708333327563, 18.672083333342727]]]}}, {"type": "Feature", "properties": {"name": "Stream"}, "geometry": {"type": "Polygon", "coordinates": [[[73.98541666660894, 18.672083333342727], [73.98541666660894, 18.670416666676058], [73.98624999994227, 18.670416666676058], [73.98624999994227, 18.672083333342727], [73.98541666660894, 18.672083333342727]]]}}, {"type": "Feature", "properties": {"name": "Stream"}, "geometry": {"type": "Polygon", "coordinates": [[[73.680416666609, 18.671250000009394], [73.680416666609, 18.670416666676058], [73.68208333327567, 18.670416666676058], [73.68208333327567, 18.671250000009394], [73.680416666609, 18.671250000009394]]]}}, {"type": "Feature", "properties": {"name": "Stream"}, "geometry": {"type": "Polygon", "coordinates": [[[73.68541666660902, 18.671250000009394], [73.68541666660902, 18.670416666676058], [73.68624999994235, 18.670416666676058], [73.68624999994235, 18.671250000009394], [73.68541666660902, 18.671250000009394]]]}}, {"type": "Feature", "properties": {"name": "Stream"}, "geometry": {"type": "Polygon", "coordinates": [[[73.69208333327568, 18.671250000009394], [73.69208333327568, 18.670416666676058], [73.69291666660901, 18.670416666676058], [73.69291666660901, 18.671250000009394], [73.69208333327568, 18.671250000009394]]]}}, {"type": "Feature", "properties": {"name": "Stream"}, "geometry": {"type": "Polygon", "coordinates": [[[73.99708333327561, 18.67291666667606], [73.99708333327561, 18.670416666676058], [73.99791666660894, 18.670416666676058], [73.99791666660894, 18.669583333342725], [73.99874999994228, 18.669583333342725], [73.99874999994228, 18.67291666667606], [73.99708333327561, 18.67291666667606]]]}}, {"type": "Feature", "properties": {"name": "Stream"}, "geometry": {"type": "Polygon", "coordinates": [[[73.89791666660896, 18.671250000009394], [73.89791666660896, 18.669583333342725], [73.8987499999423, 18.669583333342725], [73.8987499999423, 18.671250000009394], [73.89791666660896, 18.671250000009394]]]}}, {"type": "Feature", "properties": {"name": "Stream"}, "geometry": {"type": "Polygon", "coordinates": [[[73.68208333327567, 18.670416666676058], [73.68208333327567, 18.669583333342725], [73.68541666660902, 18.669583333342725], [73.68541666660902, 18.670416666676058], [73.68208333327567, 18.670416666676058]]]}}, {"type": "Feature", "properties": {"name": "Stream"}, "geometry": {"type": "Polygon", "coordinates": [[[73.69291666660901, 18.670416666676058], [73.69291666660901, 18.669583333342725], [73.69708333327567, 18.669583333342725], [73.69708333327567, 18.670416666676058], [73.69291666660901, 18.670416666676058]]]}}, {"type": "Feature", "properties": {"name": "Stream"}, "geometry": {"type": "Polygon", "coordinates": [[[73.98624999994227, 18.670416666676058], [73.98624999994227, 18.669583333342725], [73.9870833332756, 18.669583333342725], [73.9870833332756, 18.670416666676058], [73.98624999994227, 18.670416666676058]]]}}, {"type": "Feature", "properties": {"name": "Stream"}, "geometry": {"type": "Polygon", "coordinates": [[[73.69708333327567, 18.669583333342725], [73.69708333327567, 18.668750000009393], [73.697916666609, 18.668750000009393], [73.697916666609, 18.669583333342725], [73.69708333327567, 18.669583333342725]]]}}, {"type": "Feature", "properties": {"name": "Stream"}, "geometry": {"type": "Polygon", "coordinates": [[[73.9870833332756, 18.669583333342725], [73.9870833332756, 18.668750000009393], [73.98791666660894, 18.668750000009393], [73.98791666660894, 18.669583333342725], [73.9870833332756, 18.669583333342725]]]}}, {"type": "Feature", "properties": {"name": "Stream"}, "geometry": {"type": "Polygon", "coordinates": [[[73.99874999994228, 18.669583333342725], [73.99874999994228, 18.668750000009393], [73.99958333327561, 18.668750000009393], [73.99958333327561, 18.669583333342725], [73.99874999994228, 18.669583333342725]]]}}, {"type": "Feature", "properties": {"name": "Stream"}, "geometry": {"type": "Polygon", "coordinates": [[[73.8987499999423, 18.669583333342725], [73.8987499999423, 18.66791666667606], [73.89958333327563, 18.66791666667606], [73.89958333327563, 18.669583333342725], [73.8987499999423, 18.669583333342725]]]}}, {"type": "Feature", "properties": {"name": "Stream"}, "geometry": {"type": "Polygon", "coordinates": [[[73.697916666609, 18.668750000009393], [73.697916666609, 18.66791666667606], [73.69874999994234, 18.66791666667606], [73.69874999994234, 18.668750000009393], [73.697916666609, 18.668750000009393]]]}}, {"type": "Feature", "properties": {"name": "Stream"}, "geometry": {"type": "Polygon", "coordinates": [[[73.98791666660894, 18.668750000009393], [73.98791666660894, 18.66791666667606], [73.98874999994227, 18.66791666667606], [73.98874999994227, 18.668750000009393], [73.98791666660894, 18.668750000009393]]]}}, {"type": "Feature", "properties": {"name": "Stream"}, "geometry": {"type": "Polygon", "coordinates": [[[73.99958333327561, 18.668750000009393], [73.99958333327561, 18.66791666667606], [74.00124999994227, 18.66791666667606], [74.00124999994227, 18.668750000009393], [73.99958333327561, 18.668750000009393]]]}}, {"type": "Feature", "properties": {"name": "Stream"}, "geometry": {"type": "Polygon", "coordinates": [[[74.00124999994227, 18.66791666667606], [74.00124999994227, 18.667083333342728], [74.00291666660894, 18.667083333342728], [74.00291666660894, 18.66791666667606], [74.00124999994227, 18.66791666667606]]]}}, {"type": "Feature", "properties": {"name": "Stream"}, "geometry": {"type": "Polygon", "coordinates": [[[73.89958333327563, 18.66791666667606], [73.89958333327563, 18.666250000009395], [73.90041666660896, 18.666250000009395], [73.90041666660896, 18.66791666667606], [73.89958333327563, 18.66791666667606]]]}}, {"type": "Feature", "properties": {"name": "Stream"}, "geometry": {"type": "Polygon", "coordinates": [[[74.00291666660894, 18.667083333342728], [74.00291666660894, 18.666250000009395], [74.00374999994227, 18.666250000009395], [74.00374999994227, 18.667083333342728], [74.00291666660894, 18.667083333342728]]]}}, {"type": "Feature", "properties": {"name": "Stream"}, "geometry": {"type": "Polygon", "coordinates": [[[73.90041666660896, 18.666250000009395], [73.90041666660896, 18.66541666667606], [73.9012499999423, 18.66541666667606], [73.9012499999423, 18.666250000009395], [73.90041666660896, 18.666250000009395]]]}}, {"type": "Feature", "properties": {"name": "Stream"}, "geometry": {"type": "Polygon", "coordinates": [[[74.00374999994227, 18.666250000009395], [74.00374999994227, 18.66541666667606], [74.0045833332756, 18.66541666667606], [74.0045833332756, 18.666250000009395], [74.00374999994227, 18.666250000009395]]]}}, {"type": "Feature", "properties": {"name": "Stream"}, "geometry": {"type": "Polygon", "coordinates": [[[73.69874999994234, 18.66791666667606], [73.69874999994234, 18.664583333342726], [73.69958333327567, 18.664583333342726], [73.69958333327567, 18.66791666667606], [73.69874999994234, 18.66791666667606]]]}}, {"type": "Feature", "properties": {"name": "Stream"}, "geometry": {"type": "Polygon", "coordinates": [[[74.0045833332756, 18.66541666667606], [74.0045833332756, 18.664583333342726], [74.00624999994227, 18.664583333342726], [74.00624999994227, 18.66541666667606], [74.0045833332756, 18.66541666667606]]]}}, {"type": "Feature", "properties": {"name": "Stream"}, "geometry": {"type": "Polygon", "coordinates": [[[73.98874999994227, 18.66791666667606], [73.98874999994227, 18.663750000009394], [73.9895833332756, 18.663750000009394], [73.9895833332756, 18.66791666667606], [73.98874999994227, 18.66791666667606]]]}}, {"type": "Feature", "properties": {"name": "Stream"}, "geometry": {"type": "Polygon", "coordinates": [[[73.9012499999423, 18.66541666667606], [73.9012499999423, 18.663750000009394], [73.90208333327563, 18.663750000009394], [73.90208333327563, 18.66541666667606], [73.9012499999423, 18.66541666667606]]]}}, {"type": "Feature", "properties": {"name": "Stream"}, "geometry": {"type": "Polygon", "coordinates": [[[74.00624999994227, 18.664583333342726], [74.00624999994227, 18.663750000009394], [74.0095833332756, 18.663750000009394], [74.0095833332756, 18.664583333342726], [74.00624999994227, 18.664583333342726]]]}}, {"type": "Feature", "properties": {"name": "Stream"}, "geometry": {"type": "Polygon", "coordinates": [[[74.0120833332756, 18.664583333342726], [74.0120833332756, 18.663750000009394], [74.01291666660893, 18.663750000009394], [74.01291666660893, 18.664583333342726], [74.0120833332756, 18.664583333342726]]]}}, {"type": "Feature", "properties": {"name": "Stream"}, "geometry": {"type": "Polygon", "coordinates": [[[73.697916666609, 18.664583333342726], [73.697916666609, 18.66291666667606], [73.69874999994234, 18.66291666667606], [73.69874999994234, 18.664583333342726], [73.697916666609, 18.664583333342726]]]}}, {"type": "Feature", "properties": {"name": "Stream"}, "geometry": {"type": "Polygon", "coordinates": [[[73.90208333327563, 18.663750000009394], [73.90208333327563, 18.66291666667606], [73.90374999994229, 18.66291666667606], [73.90374999994229, 18.663750000009394], [73.90208333327563, 18.663750000009394]]]}}, {"type": "Feature", "properties": {"name": "Stream"}, "geometry": {"type": "Polygon", "coordinates": [[[73.98791666660894, 18.663750000009394], [73.98791666660894, 18.66291666667606], [73.98874999994227, 18.66291666667606], [73.98874999994227, 18.663750000009394], [73.98791666660894, 18.663750000009394]]]}}, {"type": "Feature", "properties": {"name": "Stream"}, "geometry": {"type": "Polygon", "coordinates": [[[74.0095833332756, 18.663750000009394], [74.0095833332756, 18.66291666667606], [74.0120833332756, 18.66291666667606], [74.0120833332756, 18.663750000009394], [74.0095833332756, 18.663750000009394]]]}}, {"type": "Feature", "properties": {"name": "Stream"}, "geometry": {"type": "Polygon", "coordinates": [[[74.01291666660893, 18.663750000009394], [74.01291666660893, 18.66291666667606], [74.01374999994226, 18.66291666667606], [74.01374999994226, 18.663750000009394], [74.01291666660893, 18.663750000009394]]]}}, {"type": "Feature", "properties": {"name": "Stream"}, "geometry": {"type": "Polygon", "coordinates": [[[74.02791666660893, 18.663750000009394], [74.02791666660893, 18.66291666667606], [74.0295833332756, 18.66291666667606], [74.0295833332756, 18.663750000009394], [74.02791666660893, 18.663750000009394]]]}}, {"type": "Feature", "properties": {"name": "Stream"}, "geometry": {"type": "Polygon", "coordinates": [[[73.90374999994229, 18.66291666667606], [73.90374999994229, 18.66208333334273], [73.90458333327562, 18.66208333334273], [73.90458333327562, 18.66291666667606], [73.90374999994229, 18.66291666667606]]]}}, {"type": "Feature", "properties": {"name": "Stream"}, "geometry": {"type": "Polygon", "coordinates": [[[73.9870833332756, 18.66291666667606], [73.9870833332756, 18.66208333334273], [73.98791666660894, 18.66208333334273], [73.98791666660894, 18.66291666667606], [73.9870833332756, 18.66291666667606]]]}}, {"type": "Feature", "properties": {"name": "Stream"}, "geometry": {"type": "Polygon", "coordinates": [[[74.01374999994226, 18.66291666667606], [74.01374999994226, 18.66208333334273], [74.01874999994227, 18.66208333334273], [74.01874999994227, 18.66291666667606], [74.01374999994226, 18.66291666667606]]]}}, {"type": "Feature", "properties": {"name": "Stream"}, "geometry": {"type": "Polygon", "coordinates": [[[74.0270833332756, 18.66291666667606], [74.0270833332756, 18.66208333334273], [74.02791666660893, 18.66208333334273], [74.02791666660893, 18.66291666667606], [74.0270833332756, 18.66291666667606]]]}}, {"type": "Feature", "properties": {"name": "Stream"}, "geometry": {"type": "Polygon", "coordinates": [[[74.0295833332756, 18.66291666667606], [74.0295833332756, 18.66208333334273], [74.03041666660893, 18.66208333334273], [74.03041666660893, 18.66291666667606], [74.0295833332756, 18.66291666667606]]]}}, {"type": "Feature", "properties": {"name": "Stream"}, "geometry": {"type": "Polygon", "coordinates": [[[73.90458333327562, 18.66208333334273], [73.90458333327562, 18.661250000009396], [73.90541666660896, 18.661250000009396], [73.90541666660896, 18.66208333334273], [73.90458333327562, 18.66208333334273]]]}}, {"type": "Feature", "properties": {"name": "Stream"}, "geometry": {"type": "Polygon", "coordinates": [[[73.93624999994229, 18.66208333334273], [73.93624999994229, 18.661250000009396], [73.93958333327562, 18.661250000009396], [73.93958333327562, 18.66208333334273], [73.93624999994229, 18.66208333334273]]]}}, {"type": "Feature", "properties": {"name": "Stream"}, "geometry": {"type": "Polygon", "coordinates": [[[73.98624999994227, 18.66208333334273], [73.98624999994227, 18.661250000009396], [73.9870833332756, 18.661250000009396], [73.9870833332756, 18.66208333334273], [73.98624999994227, 18.66208333334273]]]}}, {"type": "Feature", "properties": {"name": "Stream"}, "geometry": {"type": "Polygon", "coordinates": [[[74.01874999994227, 18.66208333334273], [74.01874999994227, 18.661250000009396], [74.0270833332756, 18.661250000009396], [74.0270833332756, 18.66208333334273], [74.01874999994227, 18.66208333334273]]]}}, {"type": "Feature", "properties": {"name": "Stream"}, "geometry": {"type": "Polygon", "coordinates": [[[74.03041666660893, 18.66208333334273], [74.03041666660893, 18.661250000009396], [74.03124999994226, 18.661250000009396], [74.03124999994226, 18.66208333334273], [74.03041666660893, 18.66208333334273]]]}}, {"type": "Feature", "properties": {"name": "Stream"}, "geometry": {"type": "Polygon", "coordinates": [[[73.69708333327567, 18.66291666667606], [73.69708333327567, 18.66041666667606], [73.697916666609, 18.66041666667606], [73.697916666609, 18.66291666667606], [73.69708333327567, 18.66291666667606]]]}}, {"type": "Feature", "properties": {"name": "Stream"}, "geometry": {"type": "Polygon", "coordinates": [[[73.90541666660896, 18.661250000009396], [73.90541666660896, 18.66041666667606], [73.90624999994229, 18.66041666667606], [73.90624999994229, 18.661250000009396], [73.90541666660896, 18.661250000009396]]]}}, {"type": "Feature", "properties": {"name": "Stream"}, "geometry": {"type": "Polygon", "coordinates": [[[73.93541666660896, 18.661250000009396], [73.93541666660896, 18.66041666667606], [73.93624999994229, 18.66041666667606], [73.93624999994229, 18.661250000009396], [73.93541666660896, 18.661250000009396]]]}}, {"type": "Feature", "properties": {"name": "Stream"}, "geometry": {"type": "Polygon", "coordinates": [[[73.93958333327562, 18.661250000009396], [73.93958333327562, 18.66041666667606], [73.94041666660895, 18.66041666667606], [73.94041666660895, 18.661250000009396], [73.93958333327562, 18.661250000009396]]]}}, {"type": "Feature", "properties": {"name": "Stream"}, "geometry": {"type": "Polygon", "coordinates": [[[73.98541666660894, 18.661250000009396], [73.98541666660894, 18.66041666667606], [73.98624999994227, 18.66041666667606], [73.98624999994227, 18.661250000009396], [73.98541666660894, 18.661250000009396]]]}}, {"type": "Feature", "properties": {"name": "Stream"}, "geometry": {"type": "Polygon", "coordinates": [[[74.03124999994226, 18.661250000009396], [74.03124999994226, 18.66041666667606], [74.0320833332756, 18.66041666667606], [74.0320833332756, 18.661250000009396], [74.03124999994226, 18.661250000009396]]]}}, {"type": "Feature", "properties": {"name": "Stream"}, "geometry": {"type": "Polygon", "coordinates": [[[74.03624999994226, 18.661250000009396], [74.03624999994226, 18.66041666667606], [74.03874999994227, 18.66041666667606], [74.03874999994227, 18.661250000009396], [74.03624999994226, 18.661250000009396]]]}}, {"type": "Feature", "properties": {"name": "Stream"}, "geometry": {"type": "Polygon", "coordinates": [[[73.697916666609, 18.66041666667606], [73.697916666609, 18.659583333342727], [73.69874999994234, 18.659583333342727], [73.69874999994234, 18.66041666667606], [73.697916666609, 18.66041666667606]]]}}, {"type": "Feature", "properties": {"name": "Stream"}, "geometry": {"type": "Polygon", "coordinates": [[[73.70791666660901, 18.66041666667606], [73.70791666660901, 18.659583333342727], [73.71208333327567, 18.659583333342727], [73.71208333327567, 18.66041666667606], [73.70791666660901, 18.66041666667606]]]}}, {"type": "Feature", "properties": {"name": "Stream"}, "geometry": {"type": "Polygon", "coordinates": [[[73.90624999994229, 18.66041666667606], [73.90624999994229, 18.659583333342727], [73.90708333327562, 18.659583333342727], [73.90708333327562, 18.66041666667606], [73.90624999994229, 18.66041666667606]]]}}, {"type": "Feature", "properties": {"name": "Stream"}, "geometry": {"type": "Polygon", "coordinates": [[[73.93458333327563, 18.66041666667606], [73.93458333327563, 18.659583333342727], [73.93541666660896, 18.659583333342727], [73.93541666660896, 18.66041666667606], [73.93458333327563, 18.66041666667606]]]}}, {"type": "Feature", "properties": {"name": "Stream"}, "geometry": {"type": "Polygon", "coordinates": [[[73.98374999994228, 18.66041666667606], [73.98374999994228, 18.659583333342727], [73.98541666660894, 18.659583333342727], [73.98541666660894, 18.66041666667606], [73.98374999994228, 18.66041666667606]]]}}, {"type": "Feature", "properties": {"name": "Stream"}, "geometry": {"type": "Polygon", "coordinates": [[[74.0320833332756, 18.66041666667606], [74.0320833332756, 18.659583333342727], [74.03624999994226, 18.659583333342727], [74.03624999994226, 18.66041666667606], [74.0320833332756, 18.66041666667606]]]}}, {"type": "Feature", "properties": {"name": "Stream"}, "geometry": {"type": "Polygon", "coordinates": [[[74.03874999994227, 18.66041666667606], [74.03874999994227, 18.659583333342727], [74.04291666660893, 18.659583333342727], [74.04291666660893, 18.66041666667606], [74.03874999994227, 18.66041666667606]]]}}, {"type": "Feature", "properties": {"name": "Stream"}, "geometry": {"type": "Polygon", "coordinates": [[[73.94041666660895, 18.66041666667606], [73.94041666660895, 18.658750000009395], [73.94124999994229, 18.658750000009395], [73.94124999994229, 18.66041666667606], [73.94041666660895, 18.66041666667606]]]}}, {"type": "Feature", "properties": {"name": "Stream"}, "geometry": {"type": "Polygon", "coordinates": [[[73.69874999994234, 18.659583333342727], [73.69874999994234, 18.658750000009395], [73.702916666609, 18.658750000009395], [73.702916666609, 18.659583333342727], [73.69874999994234, 18.659583333342727]]]}}, {"type": "Feature", "properties": {"name": "Stream"}, "geometry": {"type": "Polygon", "coordinates": [[[73.70374999994233, 18.659583333342727], [73.70374999994233, 18.658750000009395], [73.70791666660901, 18.658750000009395], [73.70791666660901, 18.659583333342727], [73.70374999994233, 18.659583333342727]]]}}, {"type": "Feature", "properties": {"name": "Stream"}, "geometry": {"type": "Polygon", "coordinates": [[[73.71208333327567, 18.659583333342727], [73.71208333327567, 18.658750000009395], [73.712916666609, 18.658750000009395], [73.712916666609, 18.659583333342727], [73.71208333327567, 18.659583333342727]]]}}, {"type": "Feature", "properties": {"name": "Stream"}, "geometry": {"type": "Polygon", "coordinates": [[[73.90708333327562, 18.659583333342727], [73.90708333327562, 18.658750000009395], [73.90874999994229, 18.658750000009395], [73.90874999994229, 18.659583333342727], [73.90708333327562, 18.659583333342727]]]}}, {"type": "Feature", "properties": {"name": "Stream"}, "geometry": {"type": "Polygon", "coordinates": [[[73.9337499999423, 18.659583333342727], [73.9337499999423, 18.658750000009395], [73.93458333327563, 18.658750000009395], [73.93458333327563, 18.659583333342727], [73.9337499999423, 18.659583333342727]]]}}, {"type": "Feature", "properties": {"name": "Stream"}, "geometry": {"type": "Polygon", "coordinates": [[[73.98291666660894, 18.659583333342727], [73.98291666660894, 18.658750000009395], [73.98374999994228, 18.658750000009395], [73.98374999994228, 18.659583333342727], [73.98291666660894, 18.659583333342727]]]}}, {"type": "Feature", "properties": {"name": "Stream"}, "geometry": {"type": "Polygon", "coordinates": [[[74.04291666660893, 18.659583333342727], [74.04291666660893, 18.658750000009395], [74.04541666660893, 18.658750000009395], [74.04541666660893, 18.659583333342727], [74.04291666660893, 18.659583333342727]]]}}, {"type": "Feature", "properties": {"name": "Stream"}, "geometry": {"type": "Polygon", "coordinates": [[[73.702916666609, 18.658750000009395], [73.702916666609, 18.657916666676062], [73.70374999994233, 18.657916666676062], [73.70374999994233, 18.658750000009395], [73.702916666609, 18.658750000009395]]]}}, {"type": "Feature", "properties": {"name": "Stream"}, "geometry": {"type": "Polygon", "coordinates": [[[73.712916666609, 18.658750000009395], [73.712916666609, 18.657916666676062], [73.71374999994234, 18.657916666676062], [73.71374999994234, 18.658750000009395], [73.712916666609, 18.658750000009395]]]}}, {"type": "Feature", "properties": {"name": "Stream"}, "geometry": {"type": "Polygon", "coordinates": [[[73.90874999994229, 18.658750000009395], [73.90874999994229, 18.657916666676062], [73.91124999994229, 18.657916666676062], [73.91124999994229, 18.658750000009395], [73.90874999994229, 18.658750000009395]]]}}, {"type": "Feature", "properties": {"name": "Stream"}, "geometry": {"type": "Polygon", "coordinates": [[[73.93291666660895, 18.658750000009395], [73.93291666660895, 18.657916666676062], [73.9337499999423, 18.657916666676062], [73.9337499999423, 18.658750000009395], [73.93291666660895, 18.658750000009395]]]}}, {"type": "Feature", "properties": {"name": "Stream"}, "geometry": {"type": "Polygon", "coordinates": [[[73.98208333327561, 18.658750000009395], [73.98208333327561, 18.657916666676062], [73.98291666660894, 18.657916666676062], [73.98291666660894, 18.658750000009395], [73.98208333327561, 18.658750000009395]]]}}, {"type": "Feature", "properties": {"name": "Stream"}, "geometry": {"type": "Polygon", "coordinates": [[[74.04541666660893, 18.658750000009395], [74.04541666660893, 18.657916666676062], [74.04624999994226, 18.657916666676062], [74.04624999994226, 18.658750000009395], [74.04541666660893, 18.658750000009395]]]}}, {"type": "Feature", "properties": {"name": "Stream"}, "geometry": {"type": "Polygon", "coordinates": [[[73.71374999994234, 18.657916666676062], [73.71374999994234, 18.65708333334273], [73.71458333327567, 18.65708333334273], [73.71458333327567, 18.657916666676062], [73.71374999994234, 18.657916666676062]]]}}, {"type": "Feature", "properties": {"name": "Stream"}, "geometry": {"type": "Polygon", "coordinates": [[[73.91124999994229, 18.657916666676062], [73.91124999994229, 18.65708333334273], [73.91458333327563, 18.65708333334273], [73.91458333327563, 18.657916666676062], [73.91124999994229, 18.657916666676062]]]}}, {"type": "Feature", "properties": {"name": "Stream"}, "geometry": {"type": "Polygon", "coordinates": [[[73.93208333327561, 18.657916666676062], [73.93208333327561, 18.65708333334273], [73.93291666660895, 18.65708333334273], [73.93291666660895, 18.657916666676062], [73.93208333327561, 18.657916666676062]]]}}, {"type": "Feature", "properties": {"name": "Stream"}, "geometry": {"type": "Polygon", "coordinates": [[[73.98124999994228, 18.657916666676062], [73.98124999994228, 18.65708333334273], [73.98208333327561, 18.65708333334273], [73.98208333327561, 18.657916666676062], [73.98124999994228, 18.657916666676062]]]}}, {"type": "Feature", "properties": {"name": "Stream"}, "geometry": {"type": "Polygon", "coordinates": [[[74.04624999994226, 18.657916666676062], [74.04624999994226, 18.656250000009397], [74.0470833332756, 18.656250000009397], [74.0470833332756, 18.657916666676062], [74.04624999994226, 18.657916666676062]]]}}, {"type": "Feature", "properties": {"name": "Stream"}, "geometry": {"type": "Polygon", "coordinates": [[[73.71458333327567, 18.65708333334273], [73.71458333327567, 18.656250000009397], [73.715416666609, 18.656250000009397], [73.715416666609, 18.65708333334273], [73.71458333327567, 18.65708333334273]]]}}, {"type": "Feature", "properties": {"name": "Stream"}, "geometry": {"type": "Polygon", "coordinates": [[[73.91458333327563, 18.65708333334273], [73.91458333327563, 18.656250000009397], [73.91791666660896, 18.656250000009397], [73.91791666660896, 18.65708333334273], [73.91458333327563, 18.65708333334273]]]}}, {"type": "Feature", "properties": {"name": "Stream"}, "geometry": {"type": "Polygon", "coordinates": [[[73.93041666660895, 18.65708333334273], [73.93041666660895, 18.656250000009397], [73.93208333327561, 18.656250000009397], [73.93208333327561, 18.65708333334273], [73.93041666660895, 18.65708333334273]]]}}, {"type": "Feature", "properties": {"name": "Stream"}, "geometry": {"type": "Polygon", "coordinates": [[[73.98041666660895, 18.65708333334273], [73.98041666660895, 18.656250000009397], [73.98124999994228, 18.656250000009397], [73.98124999994228, 18.65708333334273], [73.98041666660895, 18.65708333334273]]]}}, {"type": "Feature", "properties": {"name": "Stream"}, "geometry": {"type": "Polygon", "coordinates": [[[73.715416666609, 18.656250000009397], [73.715416666609, 18.65541666667606], [73.71624999994233, 18.65541666667606], [73.71624999994233, 18.656250000009397], [73.715416666609, 18.656250000009397]]]}}, {"type": "Feature", "properties": {"name": "Stream"}, "geometry": {"type": "Polygon", "coordinates": [[[73.91791666660896, 18.656250000009397], [73.91791666660896, 18.65541666667606], [73.91874999994229, 18.65541666667606], [73.91874999994229, 18.656250000009397], [73.91791666660896, 18.656250000009397]]]}}, {"type": "Feature", "properties": {"name": "Stream"}, "geometry": {"type": "Polygon", "coordinates": [[[73.92958333327562, 18.656250000009397], [73.92958333327562, 18.65541666667606], [73.93041666660895, 18.65541666667606], [73.93041666660895, 18.656250000009397], [73.92958333327562, 18.656250000009397]]]}}, {"type": "Feature", "properties": {"name": "Stream"}, "geometry": {"type": "Polygon", "coordinates": [[[73.97874999994228, 18.656250000009397], [73.97874999994228, 18.65541666667606], [73.98041666660895, 18.65541666667606], [73.98041666660895, 18.656250000009397], [73.97874999994228, 18.656250000009397]]]}}, {"type": "Feature", "properties": {"name": "Stream"}, "geometry": {"type": "Polygon", "coordinates": [[[74.0470833332756, 18.656250000009397], [74.0470833332756, 18.65541666667606], [74.04791666660893, 18.65541666667606], [74.04791666660893, 18.656250000009397], [74.0470833332756, 18.656250000009397]]]}}, {"type": "Feature", "properties": {"name": "Stream"}, "geometry": {"type": "Polygon", "coordinates": [[[73.71624999994233, 18.65541666667606], [73.71624999994233, 18.65458333334273], [73.71708333327567, 18.65458333334273], [73.71708333327567, 18.65541666667606], [73.71624999994233, 18.65541666667606]]]}}, {"type": "Feature", "properties": {"name": "Stream"}, "geometry": {"type": "Polygon", "coordinates": [[[73.91874999994229, 18.65541666667606], [73.91874999994229, 18.65458333334273], [73.92041666660896, 18.65458333334273], [73.92041666660896, 18.65541666667606], [73.91874999994229, 18.65541666667606]]]}}, {"type": "Feature", "properties": {"name": "Stream"}, "geometry": {"type": "Polygon", "coordinates": [[[73.92791666660895, 18.65541666667606], [73.92791666660895, 18.65458333334273], [73.92958333327562, 18.65458333334273], [73.92958333327562, 18.65541666667606], [73.92791666660895, 18.65541666667606]]]}}, {"type": "Feature", "properties": {"name": "Stream"}, "geometry": {"type": "Polygon", "coordinates": [[[73.71708333327567, 18.65458333334273], [73.71708333327567, 18.653750000009396], [73.717916666609, 18.653750000009396], [73.717916666609, 18.65458333334273], [73.71708333327567, 18.65458333334273]]]}}, {"type": "Feature", "properties": {"name": "Stream"}, "geometry": {"type": "Polygon", "coordinates": [[[73.92041666660896, 18.65458333334273], [73.92041666660896, 18.653750000009396], [73.92124999994229, 18.653750000009396], [73.92124999994229, 18.65458333334273], [73.92041666660896, 18.65458333334273]]]}}, {"type": "Feature", "properties": {"name": "Stream"}, "geometry": {"type": "Polygon", "coordinates": [[[73.92708333327562, 18.65458333334273], [73.92708333327562, 18.653750000009396], [73.92791666660895, 18.653750000009396], [73.92791666660895, 18.65458333334273], [73.92708333327562, 18.65458333334273]]]}}, {"type": "Feature", "properties": {"name": "Stream"}, "geometry": {"type": "Polygon", "coordinates": [[[74.04791666660893, 18.65541666667606], [74.04791666660893, 18.652916666676063], [74.04874999994226, 18.652916666676063], [74.04874999994226, 18.65541666667606], [74.04791666660893, 18.65541666667606]]]}}, {"type": "Feature", "properties": {"name": "Stream"}, "geometry": {"type": "Polygon", "coordinates": [[[73.717916666609, 18.653750000009396], [73.717916666609, 18.652916666676063], [73.720416666609, 18.652916666676063], [73.720416666609, 18.653750000009396], [73.717916666609, 18.653750000009396]]]}}, {"type": "Feature", "properties": {"name": "Stream"}, "geometry": {"type": "Polygon", "coordinates": [[[73.92124999994229, 18.653750000009396], [73.92124999994229, 18.652916666676063], [73.92291666660896, 18.652916666676063], [73.92291666660896, 18.653750000009396], [73.92124999994229, 18.653750000009396]]]}}, {"type": "Feature", "properties": {"name": "Stream"}, "geometry": {"type": "Polygon", "coordinates": [[[73.97791666660895, 18.65541666667606], [73.97791666660895, 18.65208333334273], [73.97874999994228, 18.65208333334273], [73.97874999994228, 18.65541666667606], [73.97791666660895, 18.65541666667606]]]}}, {"type": "Feature", "properties": {"name": "Stream"}, "geometry": {"type": "Polygon", "coordinates": [[[73.92624999994229, 18.653750000009396], [73.92624999994229, 18.65208333334273], [73.92708333327562, 18.65208333334273], [73.92708333327562, 18.653750000009396], [73.92624999994229, 18.653750000009396]]]}}, {"type": "Feature", "properties": {"name": "Stream"}, "geometry": {"type": "Polygon", "coordinates": [[[73.720416666609, 18.652916666676063], [73.720416666609, 18.65208333334273], [73.72124999994233, 18.65208333334273], [73.72124999994233, 18.652916666676063], [73.720416666609, 18.652916666676063]]]}}, {"type": "Feature", "properties": {"name": "Stream"}, "geometry": {"type": "Polygon", "coordinates": [[[73.92291666660896, 18.652916666676063], [73.92291666660896, 18.65208333334273], [73.92458333327562, 18.65208333334273], [73.92458333327562, 18.652916666676063], [73.92291666660896, 18.652916666676063]]]}}, {"type": "Feature", "properties": {"name": "Stream"}, "geometry": {"type": "Polygon", "coordinates": [[[74.04874999994226, 18.652916666676063], [74.04874999994226, 18.65208333334273], [74.04958333327559, 18.65208333334273], [74.04958333327559, 18.652916666676063], [74.04874999994226, 18.652916666676063]]]}}, {"type": "Feature", "properties": {"name": "Stream"}, "geometry": {"type": "Polygon", "coordinates": [[[73.92458333327562, 18.65208333334273], [73.92458333327562, 18.651250000009398], [73.92624999994229, 18.651250000009398], [73.92624999994229, 18.65208333334273], [73.92458333327562, 18.65208333334273]]]}}, {"type": "Feature", "properties": {"name": "Stream"}, "geometry": {"type": "Polygon", "coordinates": [[[73.97874999994228, 18.65208333334273], [73.97874999994228, 18.651250000009398], [73.97958333327561, 18.651250000009398], [73.97958333327561, 18.65208333334273], [73.97874999994228, 18.65208333334273]]]}}, {"type": "Feature", "properties": {"name": "Stream"}, "geometry": {"type": "Polygon", "coordinates": [[[74.04958333327559, 18.65208333334273], [74.04958333327559, 18.651250000009398], [74.05041666660892, 18.651250000009398], [74.05041666660892, 18.65208333334273], [74.04958333327559, 18.65208333334273]]]}}, {"type": "Feature", "properties": {"name": "Stream"}, "geometry": {"type": "Polygon", "coordinates": [[[73.97958333327561, 18.651250000009398], [73.97958333327561, 18.650416666676065], [73.98041666660895, 18.650416666676065], [73.98041666660895, 18.651250000009398], [73.97958333327561, 18.651250000009398]]]}}, {"type": "Feature", "properties": {"name": "Stream"}, "geometry": {"type": "Polygon", "coordinates": [[[74.05041666660892, 18.651250000009398], [74.05041666660892, 18.650416666676065], [74.05124999994226, 18.650416666676065], [74.05124999994226, 18.651250000009398], [74.05041666660892, 18.651250000009398]]]}}, {"type": "Feature", "properties": {"name": "Stream"}, "geometry": {"type": "Polygon", "coordinates": [[[73.72124999994233, 18.65208333334273], [73.72124999994233, 18.64958333334273], [73.72208333327566, 18.64958333334273], [73.72208333327566, 18.65208333334273], [73.72124999994233, 18.65208333334273]]]}}, {"type": "Feature", "properties": {"name": "Stream"}, "geometry": {"type": "Polygon", "coordinates": [[[73.98041666660895, 18.650416666676065], [73.98041666660895, 18.64958333334273], [73.98124999994228, 18.64958333334273], [73.98124999994228, 18.650416666676065], [73.98041666660895, 18.650416666676065]]]}}, {"type": "Feature", "properties": {"name": "Stream"}, "geometry": {"type": "Polygon", "coordinates": [[[74.05124999994226, 18.650416666676065], [74.05124999994226, 18.64958333334273], [74.05208333327559, 18.64958333334273], [74.05208333327559, 18.650416666676065], [74.05124999994226, 18.650416666676065]]]}}, {"type": "Feature", "properties": {"name": "Stream"}, "geometry": {"type": "Polygon", "coordinates": [[[73.94124999994229, 18.658750000009395], [73.94124999994229, 18.648750000009397], [73.94208333327562, 18.648750000009397], [73.94208333327562, 18.658750000009395], [73.94124999994229, 18.658750000009395]]]}}, {"type": "Feature", "properties": {"name": "Stream"}, "geometry": {"type": "Polygon", "coordinates": [[[73.72208333327566, 18.64958333334273], [73.72208333327566, 18.648750000009397], [73.722916666609, 18.648750000009397], [73.722916666609, 18.64958333334273], [73.72208333327566, 18.64958333334273]]]}}, {"type": "Feature", "properties": {"name": "Stream"}, "geometry": {"type": "Polygon", "coordinates": [[[73.98124999994228, 18.64958333334273], [73.98124999994228, 18.648750000009397], [73.98208333327561, 18.648750000009397], [73.98208333327561, 18.64958333334273], [73.98124999994228, 18.64958333334273]]]}}, {"type": "Feature", "properties": {"name": "Stream"}, "geometry": {"type": "Polygon", "coordinates": [[[74.05208333327559, 18.64958333334273], [74.05208333327559, 18.648750000009397], [74.05291666660892, 18.648750000009397], [74.05291666660892, 18.64958333334273], [74.05208333327559, 18.64958333334273]]]}}, {"type": "Feature", "properties": {"name": "Stream"}, "geometry": {"type": "Polygon", "coordinates": [[[73.722916666609, 18.648750000009397], [73.722916666609, 18.647916666676064], [73.72374999994233, 18.647916666676064], [73.72374999994233, 18.648750000009397], [73.722916666609, 18.648750000009397]]]}}, {"type": "Feature", "properties": {"name": "Stream"}, "geometry": {"type": "Polygon", "coordinates": [[[73.98208333327561, 18.648750000009397], [73.98208333327561, 18.647916666676064], [73.98291666660894, 18.647916666676064], [73.98291666660894, 18.648750000009397], [73.98208333327561, 18.648750000009397]]]}}, {"type": "Feature", "properties": {"name": "Stream"}, "geometry": {"type": "Polygon", "coordinates": [[[74.05291666660892, 18.648750000009397], [74.05291666660892, 18.647916666676064], [74.05374999994226, 18.647916666676064], [74.05374999994226, 18.648750000009397], [74.05291666660892, 18.648750000009397]]]}}, {"type": "Feature", "properties": {"name": "Stream"}, "geometry": {"type": "Polygon", "coordinates": [[[73.72374999994233, 18.647916666676064], [73.72374999994233, 18.64708333334273], [73.72541666660901, 18.64708333334273], [73.72541666660901, 18.647916666676064], [73.72374999994233, 18.647916666676064]]]}}, {"type": "Feature", "properties": {"name": "Stream"}, "geometry": {"type": "Polygon", "coordinates": [[[73.98291666660894, 18.647916666676064], [73.98291666660894, 18.64708333334273], [73.98374999994228, 18.64708333334273], [73.98374999994228, 18.647916666676064], [73.98291666660894, 18.647916666676064]]]}}, {"type": "Feature", "properties": {"name": "Stream"}, "geometry": {"type": "Polygon", "coordinates": [[[74.05374999994226, 18.647916666676064], [74.05374999994226, 18.64708333334273], [74.05458333327559, 18.64708333334273], [74.05458333327559, 18.647916666676064], [74.05374999994226, 18.647916666676064]]]}}, {"type": "Feature", "properties": {"name": "Stream"}, "geometry": {"type": "Polygon", "coordinates": [[[73.94041666660895, 18.648750000009397], [73.94041666660895, 18.6462500000094], [73.94124999994229, 18.6462500000094], [73.94124999994229, 18.648750000009397], [73.94041666660895, 18.648750000009397]]]}}, {"type": "Feature", "properties": {"name": "Stream"}, "geometry": {"type": "Polygon", "coordinates": [[[73.72541666660901, 18.64708333334273], [73.72541666660901, 18.6462500000094], [73.72958333327567, 18.6462500000094], [73.72958333327567, 18.64708333334273], [73.72541666660901, 18.64708333334273]]]}}, {"type": "Feature", "properties": {"name": "Stream"}, "geometry": {"type": "Polygon", "coordinates": [[[73.98374999994228, 18.64708333334273], [73.98374999994228, 18.6462500000094], [73.98458333327561, 18.6462500000094], [73.98458333327561, 18.64708333334273], [73.98374999994228, 18.64708333334273]]]}}, {"type": "Feature", "properties": {"name": "Stream"}, "geometry": {"type": "Polygon", "coordinates": [[[74.05458333327559, 18.64708333334273], [74.05458333327559, 18.6462500000094], [74.05541666660892, 18.6462500000094], [74.05541666660892, 18.64708333334273], [74.05458333327559, 18.64708333334273]]]}}, {"type": "Feature", "properties": {"name": "Stream"}, "geometry": {"type": "Polygon", "coordinates": [[[73.72958333327567, 18.6462500000094], [73.72958333327567, 18.645416666676066], [73.73124999994234, 18.645416666676066], [73.73124999994234, 18.6462500000094], [73.72958333327567, 18.6462500000094]]]}}, {"type": "Feature", "properties": {"name": "Stream"}, "geometry": {"type": "Polygon", "coordinates": [[[73.94124999994229, 18.6462500000094], [73.94124999994229, 18.645416666676066], [73.94374999994228, 18.645416666676066], [73.94374999994228, 18.6462500000094], [73.94124999994229, 18.6462500000094]]]}}, {"type": "Feature", "properties": {"name": "Stream"}, "geometry": {"type": "Polygon", "coordinates": [[[74.05541666660892, 18.6462500000094], [74.05541666660892, 18.645416666676066], [74.05624999994225, 18.645416666676066], [74.05624999994225, 18.6462500000094], [74.05541666660892, 18.6462500000094]]]}}, {"type": "Feature", "properties": {"name": "Stream"}, "geometry": {"type": "Polygon", "coordinates": [[[73.73124999994234, 18.645416666676066], [73.73124999994234, 18.64458333334273], [73.73208333327567, 18.64458333334273], [73.73208333327567, 18.645416666676066], [73.73124999994234, 18.645416666676066]]]}}, {"type": "Feature", "properties": {"name": "Stream"}, "geometry": {"type": "Polygon", "coordinates": [[[73.73708333327566, 18.645416666676066], [73.73708333327566, 18.64458333334273], [73.73958333327566, 18.64458333334273], [73.73958333327566, 18.645416666676066], [73.73708333327566, 18.645416666676066]]]}}, {"type": "Feature", "properties": {"name": "Stream"}, "geometry": {"type": "Polygon", "coordinates": [[[73.94374999994228, 18.645416666676066], [73.94374999994228, 18.64458333334273], [73.94624999994228, 18.64458333334273], [73.94624999994228, 18.645416666676066], [73.94374999994228, 18.645416666676066]]]}}, {"type": "Feature", "properties": {"name": "Stream"}, "geometry": {"type": "Polygon", "coordinates": [[[74.05624999994225, 18.645416666676066], [74.05624999994225, 18.64458333334273], [74.05708333327559, 18.64458333334273], [74.05708333327559, 18.645416666676066], [74.05624999994225, 18.645416666676066]]]}}, {"type": "Feature", "properties": {"name": "Stream"}, "geometry": {"type": "Polygon", "coordinates": [[[73.73208333327567, 18.64458333334273], [73.73208333327567, 18.643750000009398], [73.732916666609, 18.643750000009398], [73.732916666609, 18.64458333334273], [73.73208333327567, 18.64458333334273]]]}}, {"type": "Feature", "properties": {"name": "Stream"}, "geometry": {"type": "Polygon", "coordinates": [[[73.735416666609, 18.64458333334273], [73.735416666609, 18.643750000009398], [73.73708333327566, 18.643750000009398], [73.73708333327566, 18.64458333334273], [73.735416666609, 18.64458333334273]]]}}, {"type": "Feature", "properties": {"name": "Stream"}, "geometry": {"type": "Polygon", "coordinates": [[[73.73958333327566, 18.64458333334273], [73.73958333327566, 18.643750000009398], [73.740416666609, 18.643750000009398], [73.740416666609, 18.64458333334273], [73.73958333327566, 18.64458333334273]]]}}, {"type": "Feature", "properties": {"name": "Stream"}, "geometry": {"type": "Polygon", "coordinates": [[[73.94624999994228, 18.64458333334273], [73.94624999994228, 18.643750000009398], [73.94791666660895, 18.643750000009398], [73.94791666660895, 18.64458333334273], [73.94624999994228, 18.64458333334273]]]}}, {"type": "Feature", "properties": {"name": "Stream"}, "geometry": {"type": "Polygon", "coordinates": [[[74.05708333327559, 18.64458333334273], [74.05708333327559, 18.643750000009398], [74.05791666660892, 18.643750000009398], [74.05791666660892, 18.64458333334273], [74.05708333327559, 18.64458333334273]]]}}, {"type": "Feature", "properties": {"name": "Stream"}, "geometry": {"type": "Polygon", "coordinates": [[[73.732916666609, 18.643750000009398], [73.732916666609, 18.642916666676065], [73.735416666609, 18.642916666676065], [73.735416666609, 18.643750000009398], [73.732916666609, 18.643750000009398]]]}}, {"type": "Feature", "properties": {"name": "Stream"}, "geometry": {"type": "Polygon", "coordinates": [[[73.740416666609, 18.643750000009398], [73.740416666609, 18.642916666676065], [73.74208333327566, 18.642916666676065], [73.74208333327566, 18.643750000009398], [73.740416666609, 18.643750000009398]]]}}, {"type": "Feature", "properties": {"name": "Stream"}, "geometry": {"type": "Polygon", "coordinates": [[[73.94791666660895, 18.643750000009398], [73.94791666660895, 18.642916666676065], [73.95041666660894, 18.642916666676065], [73.95041666660894, 18.643750000009398], [73.94791666660895, 18.643750000009398]]]}}, {"type": "Feature", "properties": {"name": "Stream"}, "geometry": {"type": "Polygon", "coordinates": [[[74.05791666660892, 18.643750000009398], [74.05791666660892, 18.642916666676065], [74.05874999994226, 18.642916666676065], [74.05874999994226, 18.643750000009398], [74.05791666660892, 18.643750000009398]]]}}, {"type": "Feature", "properties": {"name": "Stream"}, "geometry": {"type": "Polygon", "coordinates": [[[73.95041666660894, 18.642916666676065], [73.95041666660894, 18.642083333342732], [73.95124999994228, 18.642083333342732], [73.95124999994228, 18.642916666676065], [73.95041666660894, 18.642916666676065]]]}}, {"type": "Feature", "properties": {"name": "Stream"}, "geometry": {"type": "Polygon", "coordinates": [[[74.05874999994226, 18.642916666676065], [74.05874999994226, 18.642083333342732], [74.0595833332756, 18.642083333342732], [74.0595833332756, 18.642916666676065], [74.05874999994226, 18.642916666676065]]]}}, {"type": "Feature", "properties": {"name": "Stream"}, "geometry": {"type": "Polygon", "coordinates": [[[73.74208333327566, 18.642916666676065], [73.74208333327566, 18.6412500000094], [73.74291666660899, 18.6412500000094], [73.74291666660899, 18.642916666676065], [73.74208333327566, 18.642916666676065]]]}}, {"type": "Feature", "properties": {"name": "Stream"}, "geometry": {"type": "Polygon", "coordinates": [[[73.74374999994232, 18.642083333342732], [73.74374999994232, 18.6412500000094], [73.74458333327566, 18.6412500000094], [73.74458333327566, 18.642083333342732], [73.74374999994232, 18.642083333342732]]]}}, {"type": "Feature", "properties": {"name": "Stream"}, "geometry": {"type": "Polygon", "coordinates": [[[73.74624999994234, 18.642083333342732], [73.74624999994234, 18.6412500000094], [73.75208333327566, 18.6412500000094], [73.75208333327566, 18.642083333342732], [73.74624999994234, 18.642083333342732]]]}}, {"type": "Feature", "properties": {"name": "Stream"}, "geometry": {"type": "Polygon", "coordinates": [[[73.95124999994228, 18.642083333342732], [73.95124999994228, 18.6412500000094], [73.95374999994227, 18.6412500000094], [73.95374999994227, 18.642083333342732], [73.95124999994228, 18.642083333342732]]]}}, {"type": "Feature", "properties": {"name": "Stream"}, "geometry": {"type": "Polygon", "coordinates": [[[74.0595833332756, 18.642083333342732], [74.0595833332756, 18.6412500000094], [74.06041666660893, 18.6412500000094], [74.06041666660893, 18.642083333342732], [74.0595833332756, 18.642083333342732]]]}}, {"type": "Feature", "properties": {"name": "Stream"}, "geometry": {"type": "Polygon", "coordinates": [[[73.74291666660899, 18.6412500000094], [73.74291666660899, 18.640416666676067], [73.74374999994232, 18.640416666676067], [73.74374999994232, 18.6412500000094], [73.74291666660899, 18.6412500000094]]]}}, {"type": "Feature", "properties": {"name": "Stream"}, "geometry": {"type": "Polygon", "coordinates": [[[73.74458333327566, 18.6412500000094], [73.74458333327566, 18.640416666676067], [73.74624999994234, 18.640416666676067], [73.74624999994234, 18.6412500000094], [73.74458333327566, 18.6412500000094]]]}}, {"type": "Feature", "properties": {"name": "Stream"}, "geometry": {"type": "Polygon", "coordinates": [[[73.75208333327566, 18.6412500000094], [73.75208333327566, 18.640416666676067], [73.752916666609, 18.640416666676067], [73.752916666609, 18.6412500000094], [73.75208333327566, 18.6412500000094]]]}}, {"type": "Feature", "properties": {"name": "Stream"}, "geometry": {"type": "Polygon", "coordinates": [[[73.95374999994227, 18.6412500000094], [73.95374999994227, 18.640416666676067], [73.95541666660895, 18.640416666676067], [73.95541666660895, 18.6412500000094], [73.95374999994227, 18.6412500000094]]]}}, {"type": "Feature", "properties": {"name": "Stream"}, "geometry": {"type": "Polygon", "coordinates": [[[74.06041666660893, 18.6412500000094], [74.06041666660893, 18.640416666676067], [74.06124999994226, 18.640416666676067], [74.06124999994226, 18.6412500000094], [74.06041666660893, 18.6412500000094]]]}}, {"type": "Feature", "properties": {"name": "Stream"}, "geometry": {"type": "Polygon", "coordinates": [[[73.98458333327561, 18.6462500000094], [73.98458333327561, 18.63958333334273], [73.98541666660894, 18.63958333334273], [73.98541666660894, 18.6462500000094], [73.98458333327561, 18.6462500000094]]]}}, {"type": "Feature", "properties": {"name": "Stream"}, "geometry": {"type": "Polygon", "coordinates": [[[73.752916666609, 18.640416666676067], [73.752916666609, 18.63958333334273], [73.75374999994233, 18.63958333334273], [73.75374999994233, 18.640416666676067], [73.752916666609, 18.640416666676067]]]}}, {"type": "Feature", "properties": {"name": "Stream"}, "geometry": {"type": "Polygon", "coordinates": [[[73.95541666660895, 18.640416666676067], [73.95541666660895, 18.63958333334273], [73.95624999994229, 18.63958333334273], [73.95624999994229, 18.640416666676067], [73.95541666660895, 18.640416666676067]]]}}, {"type": "Feature", "properties": {"name": "Stream"}, "geometry": {"type": "Polygon", "coordinates": [[[74.06124999994226, 18.640416666676067], [74.06124999994226, 18.63958333334273], [74.0620833332756, 18.63958333334273], [74.0620833332756, 18.640416666676067], [74.06124999994226, 18.640416666676067]]]}}, {"type": "Feature", "properties": {"name": "Stream"}, "geometry": {"type": "Polygon", "coordinates": [[[73.95624999994229, 18.63958333334273], [73.95624999994229, 18.6387500000094], [73.95874999994228, 18.6387500000094], [73.95874999994228, 18.63958333334273], [73.95624999994229, 18.63958333334273]]]}}, {"type": "Feature", "properties": {"name": "Stream"}, "geometry": {"type": "Polygon", "coordinates": [[[74.0620833332756, 18.63958333334273], [74.0620833332756, 18.6387500000094], [74.06291666660893, 18.6387500000094], [74.06291666660893, 18.63958333334273], [74.0620833332756, 18.63958333334273]]]}}, {"type": "Feature", "properties": {"name": "Stream"}, "geometry": {"type": "Polygon", "coordinates": [[[73.95874999994228, 18.6387500000094], [73.95874999994228, 18.637916666676066], [73.96124999994228, 18.637916666676066], [73.96124999994228, 18.6387500000094], [73.95874999994228, 18.6387500000094]]]}}, {"type": "Feature", "properties": {"name": "Stream"}, "geometry": {"type": "Polygon", "coordinates": [[[74.06291666660893, 18.6387500000094], [74.06291666660893, 18.637916666676066], [74.06374999994226, 18.637916666676066], [74.06374999994226, 18.6387500000094], [74.06291666660893, 18.6387500000094]]]}}, {"type": "Feature", "properties": {"name": "Stream"}, "geometry": {"type": "Polygon", "coordinates": [[[73.96124999994228, 18.637916666676066], [73.96124999994228, 18.637083333342733], [73.96208333327561, 18.637083333342733], [73.96208333327561, 18.637916666676066], [73.96124999994228, 18.637916666676066]]]}}, {"type": "Feature", "properties": {"name": "Stream"}, "geometry": {"type": "Polygon", "coordinates": [[[74.06374999994226, 18.637916666676066], [74.06374999994226, 18.637083333342733], [74.06458333327559, 18.637083333342733], [74.06458333327559, 18.637916666676066], [74.06374999994226, 18.637916666676066]]]}}, {"type": "Feature", "properties": {"name": "Stream"}, "geometry": {"type": "Polygon", "coordinates": [[[73.96208333327561, 18.637083333342733], [73.96208333327561, 18.6362500000094], [73.96291666660895, 18.6362500000094], [73.96291666660895, 18.637083333342733], [73.96208333327561, 18.637083333342733]]]}}, {"type": "Feature", "properties": {"name": "Stream"}, "geometry": {"type": "Polygon", "coordinates": [[[74.06458333327559, 18.637083333342733], [74.06458333327559, 18.6362500000094], [74.06541666660893, 18.6362500000094], [74.06541666660893, 18.637083333342733], [74.06458333327559, 18.637083333342733]]]}}, {"type": "Feature", "properties": {"name": "Stream"}, "geometry": {"type": "Polygon", "coordinates": [[[73.98374999994228, 18.63958333334273], [73.98374999994228, 18.63541666667607], [73.98458333327561, 18.63541666667607], [73.98458333327561, 18.63958333334273], [73.98374999994228, 18.63958333334273]]]}}, {"type": "Feature", "properties": {"name": "Stream"}, "geometry": {"type": "Polygon", "coordinates": [[[73.96291666660895, 18.6362500000094], [73.96291666660895, 18.63541666667607], [73.96374999994228, 18.63541666667607], [73.96374999994228, 18.6362500000094], [73.96291666660895, 18.6362500000094]]]}}, {"type": "Feature", "properties": {"name": "Stream"}, "geometry": {"type": "Polygon", "coordinates": [[[74.06541666660893, 18.6362500000094], [74.06541666660893, 18.63541666667607], [74.06624999994226, 18.63541666667607], [74.06624999994226, 18.6362500000094], [74.06541666660893, 18.6362500000094]]]}}, {"type": "Feature", "properties": {"name": "Stream"}, "geometry": {"type": "Polygon", "coordinates": [[[73.96374999994228, 18.63541666667607], [73.96374999994228, 18.634583333342732], [73.96541666660895, 18.634583333342732], [73.96541666660895, 18.63541666667607], [73.96374999994228, 18.63541666667607]]]}}, {"type": "Feature", "properties": {"name": "Stream"}, "geometry": {"type": "Polygon", "coordinates": [[[74.06624999994226, 18.63541666667607], [74.06624999994226, 18.634583333342732], [74.06791666660892, 18.634583333342732], [74.06791666660892, 18.63541666667607], [74.06624999994226, 18.63541666667607]]]}}, {"type": "Feature", "properties": {"name": "Stream"}, "geometry": {"type": "Polygon", "coordinates": [[[73.75374999994233, 18.63958333334273], [73.75374999994233, 18.6337500000094], [73.75458333327566, 18.6337500000094], [73.75458333327566, 18.63958333334273], [73.75374999994233, 18.63958333334273]]]}}, {"type": "Feature", "properties": {"name": "Stream"}, "geometry": {"type": "Polygon", "coordinates": [[[73.96541666660895, 18.634583333342732], [73.96541666660895, 18.6337500000094], [73.96624999994228, 18.6337500000094], [73.96624999994228, 18.634583333342732], [73.96541666660895, 18.634583333342732]]]}}, {"type": "Feature", "properties": {"name": "Stream"}, "geometry": {"type": "Polygon", "coordinates": [[[74.06791666660892, 18.634583333342732], [74.06791666660892, 18.6337500000094], [74.07124999994225, 18.6337500000094], [74.07124999994225, 18.634583333342732], [74.06791666660892, 18.634583333342732]]]}}, {"type": "Feature", "properties": {"name": "Stream"}, "geometry": {"type": "Polygon", "coordinates": [[[73.98291666660894, 18.63541666667607], [73.98291666660894, 18.632916666676067], [73.98374999994228, 18.632916666676067], [73.98374999994228, 18.63541666667607], [73.98291666660894, 18.63541666667607]]]}}, {"type": "Feature", "properties": {"name": "Stream"}, "geometry": {"type": "Polygon", "coordinates": [[[73.75458333327566, 18.6337500000094], [73.75458333327566, 18.632916666676067], [73.755416666609, 18.632916666676067], [73.755416666609, 18.6337500000094], [73.75458333327566, 18.6337500000094]]]}}, {"type": "Feature", "properties": {"name": "Stream"}, "geometry": {"type": "Polygon", "coordinates": [[[73.96624999994228, 18.6337500000094], [73.96624999994228, 18.632916666676067], [73.96708333327561, 18.632916666676067], [73.96708333327561, 18.6337500000094], [73.96624999994228, 18.6337500000094]]]}}, {"type": "Feature", "properties": {"name": "Stream"}, "geometry": {"type": "Polygon", "coordinates": [[[74.09208333327558, 18.6337500000094], [74.09208333327558, 18.632916666676067], [74.09291666660891, 18.632916666676067], [74.09291666660891, 18.6337500000094], [74.09208333327558, 18.6337500000094]]]}}, {"type": "Feature", "properties": {"name": "Stream"}, "geometry": {"type": "Polygon", "coordinates": [[[73.755416666609, 18.632916666676067], [73.755416666609, 18.632083333342734], [73.75624999994233, 18.632083333342734], [73.75624999994233, 18.632916666676067], [73.755416666609, 18.632916666676067]]]}}, {"type": "Feature", "properties": {"name": "Stream"}, "geometry": {"type": "Polygon", "coordinates": [[[74.08958333327558, 18.632916666676067], [74.08958333327558, 18.632083333342734], [74.09208333327558, 18.632083333342734], [74.09208333327558, 18.632916666676067], [74.08958333327558, 18.632916666676067]]]}}, {"type": "Feature", "properties": {"name": "Stream"}, "geometry": {"type": "Polygon", "coordinates": [[[74.09291666660891, 18.632916666676067], [74.09291666660891, 18.632083333342734], [74.09374999994225, 18.632083333342734], [74.09374999994225, 18.632916666676067], [74.09291666660891, 18.632916666676067]]]}}, {"type": "Feature", "properties": {"name": "Stream"}, "geometry": {"type": "Polygon", "coordinates": [[[73.75624999994233, 18.632083333342734], [73.75624999994233, 18.631250000009402], [73.75708333327566, 18.631250000009402], [73.75708333327566, 18.632083333342734], [73.75624999994233, 18.632083333342734]]]}}, {"type": "Feature", "properties": {"name": "Stream"}, "geometry": {"type": "Polygon", "coordinates": [[[74.08791666660892, 18.632083333342734], [74.08791666660892, 18.631250000009402], [74.08958333327558, 18.631250000009402], [74.08958333327558, 18.632083333342734], [74.08791666660892, 18.632083333342734]]]}}, {"type": "Feature", "properties": {"name": "Stream"}, "geometry": {"type": "Polygon", "coordinates": [[[74.07124999994225, 18.6337500000094], [74.07124999994225, 18.63041666667607], [74.07208333327559, 18.63041666667607], [74.07208333327559, 18.6337500000094], [74.07124999994225, 18.6337500000094]]]}}, {"type": "Feature", "properties": {"name": "Stream"}, "geometry": {"type": "Polygon", "coordinates": [[[73.96708333327561, 18.632916666676067], [73.96708333327561, 18.63041666667607], [73.96791666660894, 18.63041666667607], [73.96791666660894, 18.632916666676067], [73.96708333327561, 18.632916666676067]]]}}, {"type": "Feature", "properties": {"name": "Stream"}, "geometry": {"type": "Polygon", "coordinates": [[[73.98208333327561, 18.632916666676067], [73.98208333327561, 18.63041666667607], [73.98291666660894, 18.63041666667607], [73.98291666660894, 18.632916666676067], [73.98208333327561, 18.632916666676067]]]}}, {"type": "Feature", "properties": {"name": "Stream"}, "geometry": {"type": "Polygon", "coordinates": [[[73.75708333327566, 18.631250000009402], [73.75708333327566, 18.63041666667607], [73.75874999994232, 18.63041666667607], [73.75874999994232, 18.631250000009402], [73.75708333327566, 18.631250000009402]]]}}, {"type": "Feature", "properties": {"name": "Stream"}, "geometry": {"type": "Polygon", "coordinates": [[[74.08624999994225, 18.631250000009402], [74.08624999994225, 18.63041666667607], [74.08791666660892, 18.63041666667607], [74.08791666660892, 18.631250000009402], [74.08624999994225, 18.631250000009402]]]}}, {"type": "Feature", "properties": {"name": "Stream"}, "geometry": {"type": "Polygon", "coordinates": [[[73.75874999994232, 18.63041666667607], [73.75874999994232, 18.629583333342737], [73.75958333327566, 18.629583333342737], [73.75958333327566, 18.63041666667607], [73.75874999994232, 18.63041666667607]]]}}, {"type": "Feature", "properties": {"name": "Stream"}, "geometry": {"type": "Polygon", "coordinates": [[[73.96624999994228, 18.63041666667607], [73.96624999994228, 18.629583333342737], [73.96708333327561, 18.629583333342737], [73.96708333327561, 18.63041666667607], [73.96624999994228, 18.63041666667607]]]}}, {"type": "Feature", "properties": {"name": "Stream"}, "geometry": {"type": "Polygon", "coordinates": [[[74.08541666660892, 18.63041666667607], [74.08541666660892, 18.629583333342737], [74.08624999994225, 18.629583333342737], [74.08624999994225, 18.63041666667607], [74.08541666660892, 18.63041666667607]]]}}, {"type": "Feature", "properties": {"name": "Stream"}, "geometry": {"type": "Polygon", "coordinates": [[[73.98124999994228, 18.63041666667607], [73.98124999994228, 18.6287500000094], [73.98208333327561, 18.6287500000094], [73.98208333327561, 18.63041666667607], [73.98124999994228, 18.63041666667607]]]}}, {"type": "Feature", "properties": {"name": "Stream"}, "geometry": {"type": "Polygon", "coordinates": [[[73.75958333327566, 18.629583333342737], [73.75958333327566, 18.6287500000094], [73.76041666660899, 18.6287500000094], [73.76041666660899, 18.629583333342737], [73.75958333327566, 18.629583333342737]]]}}, {"type": "Feature", "properties": {"name": "Stream"}, "geometry": {"type": "Polygon", "coordinates": [[[73.77374999994232, 18.629583333342737], [73.77374999994232, 18.6287500000094], [73.77541666660899, 18.6287500000094], [73.77541666660899, 18.629583333342737], [73.77374999994232, 18.629583333342737]]]}}, {"type": "Feature", "properties": {"name": "Stream"}, "geometry": {"type": "Polygon", "coordinates": [[[74.08458333327559, 18.629583333342737], [74.08458333327559, 18.6287500000094], [74.08541666660892, 18.6287500000094], [74.08541666660892, 18.629583333342737], [74.08458333327559, 18.629583333342737]]]}}, {"type": "Feature", "properties": {"name": "Stream"}, "geometry": {"type": "Polygon", "coordinates": [[[74.07208333327559, 18.63041666667607], [74.07208333327559, 18.627916666676068], [74.07291666660892, 18.627916666676068], [74.07291666660892, 18.63041666667607], [74.07208333327559, 18.63041666667607]]]}}, {"type": "Feature", "properties": {"name": "Stream"}, "geometry": {"type": "Polygon", "coordinates": [[[73.76041666660899, 18.6287500000094], [73.76041666660899, 18.627916666676068], [73.76124999994232, 18.627916666676068], [73.76124999994232, 18.6287500000094], [73.76041666660899, 18.6287500000094]]]}}, {"type": "Feature", "properties": {"name": "Stream"}, "geometry": {"type": "Polygon", "coordinates": [[[73.77291666660899, 18.6287500000094], [73.77291666660899, 18.627916666676068], [73.77374999994232, 18.627916666676068], [73.77374999994232, 18.6287500000094], [73.77291666660899, 18.6287500000094]]]}}, {"type": "Feature", "properties": {"name": "Stream"}, "geometry": {"type": "Polygon", "coordinates": [[[73.77541666660899, 18.6287500000094], [73.77541666660899, 18.627916666676068], [73.77624999994232, 18.627916666676068], [73.77624999994232, 18.6287500000094], [73.77541666660899, 18.6287500000094]]]}}, {"type": "Feature", "properties": {"name": "Stream"}, "geometry": {"type": "Polygon", "coordinates": [[[73.98041666660895, 18.6287500000094], [73.98041666660895, 18.627916666676068], [73.98124999994228, 18.627916666676068], [73.98124999994228, 18.6287500000094], [73.98041666660895, 18.6287500000094]]]}}, {"type": "Feature", "properties": {"name": "Stream"}, "geometry": {"type": "Polygon", "coordinates": [[[74.08374999994226, 18.6287500000094], [74.08374999994226, 18.627916666676068], [74.08458333327559, 18.627916666676068], [74.08458333327559, 18.6287500000094], [74.08374999994226, 18.6287500000094]]]}}, {"type": "Feature", "properties": {"name": "Stream"}, "geometry": {"type": "Polygon", "coordinates": [[[73.76124999994232, 18.627916666676068], [73.76124999994232, 18.627083333342735], [73.76374999994232, 18.627083333342735], [73.76374999994232, 18.627916666676068], [73.76124999994232, 18.627916666676068]]]}}, {"type": "Feature", "properties": {"name": "Stream"}, "geometry": {"type": "Polygon", "coordinates": [[[73.77208333327566, 18.627916666676068], [73.77208333327566, 18.627083333342735], [73.77291666660899, 18.627083333342735], [73.77291666660899, 18.627916666676068], [73.77208333327566, 18.627916666676068]]]}}, {"type": "Feature", "properties": {"name": "Stream"}, "geometry": {"type": "Polygon", "coordinates": [[[73.77624999994232, 18.627916666676068], [73.77624999994232, 18.627083333342735], [73.77708333327566, 18.627083333342735], [73.77708333327566, 18.627916666676068], [73.77624999994232, 18.627916666676068]]]}}, {"type": "Feature", "properties": {"name": "Stream"}, "geometry": {"type": "Polygon", "coordinates": [[[73.97958333327561, 18.627916666676068], [73.97958333327561, 18.627083333342735], [73.98041666660895, 18.627083333342735], [73.98041666660895, 18.627916666676068], [73.97958333327561, 18.627916666676068]]]}}, {"type": "Feature", "properties": {"name": "Stream"}, "geometry": {"type": "Polygon", "coordinates": [[[74.07291666660892, 18.627916666676068], [74.07291666660892, 18.627083333342735], [74.07374999994225, 18.627083333342735], [74.07374999994225, 18.627916666676068], [74.07291666660892, 18.627916666676068]]]}}, {"type": "Feature", "properties": {"name": "Stream"}, "geometry": {"type": "Polygon", "coordinates": [[[74.08291666660892, 18.627916666676068], [74.08291666660892, 18.627083333342735], [74.08374999994226, 18.627083333342735], [74.08374999994226, 18.627916666676068], [74.08291666660892, 18.627916666676068]]]}}, {"type": "Feature", "properties": {"name": "Stream"}, "geometry": {"type": "Polygon", "coordinates": [[[73.96541666660895, 18.629583333342737], [73.96541666660895, 18.626250000009403], [73.96624999994228, 18.626250000009403], [73.96624999994228, 18.629583333342737], [73.96541666660895, 18.629583333342737]]]}}, {"type": "Feature", "properties": {"name": "Stream"}, "geometry": {"type": "Polygon", "coordinates": [[[73.76374999994232, 18.627083333342735], [73.76374999994232, 18.626250000009403], [73.76624999994232, 18.626250000009403], [73.76624999994232, 18.627083333342735], [73.76374999994232, 18.627083333342735]]]}}, {"type": "Feature", "properties": {"name": "Stream"}, "geometry": {"type": "Polygon", "coordinates": [[[73.77124999994233, 18.627083333342735], [73.77124999994233, 18.626250000009403], [73.77208333327566, 18.626250000009403], [73.77208333327566, 18.627083333342735], [73.77124999994233, 18.627083333342735]]]}}, {"type": "Feature", "properties": {"name": "Stream"}, "geometry": {"type": "Polygon", "coordinates": [[[73.79041666660899, 18.627083333342735], [73.79041666660899, 18.626250000009403], [73.79124999994232, 18.626250000009403], [73.79124999994232, 18.627083333342735], [73.79041666660899, 18.627083333342735]]]}}, {"type": "Feature", "properties": {"name": "Stream"}, "geometry": {"type": "Polygon", "coordinates": [[[73.97874999994228, 18.627083333342735], [73.97874999994228, 18.626250000009403], [73.97958333327561, 18.626250000009403], [73.97958333327561, 18.627083333342735], [73.97874999994228, 18.627083333342735]]]}}, {"type": "Feature", "properties": {"name": "Stream"}, "geometry": {"type": "Polygon", "coordinates": [[[74.08208333327559, 18.627083333342735], [74.08208333327559, 18.626250000009403], [74.08291666660892, 18.626250000009403], [74.08291666660892, 18.627083333342735], [74.08208333327559, 18.627083333342735]]]}}, {"type": "Feature", "properties": {"name": "Stream"}, "geometry": {"type": "Polygon", "coordinates": [[[74.07374999994225, 18.627083333342735], [74.07374999994225, 18.62541666667607], [74.07458333327558, 18.62541666667607], [74.07458333327558, 18.627083333342735], [74.07374999994225, 18.627083333342735]]]}}, {"type": "Feature", "properties": {"name": "Stream"}, "geometry": {"type": "Polygon", "coordinates": [[[73.76624999994232, 18.626250000009403], [73.76624999994232, 18.62541666667607], [73.76708333327566, 18.62541666667607], [73.76708333327566, 18.626250000009403], [73.76624999994232, 18.626250000009403]]]}}, {"type": "Feature", "properties": {"name": "Stream"}, "geometry": {"type": "Polygon", "coordinates": [[[73.770416666609, 18.626250000009403], [73.770416666609, 18.62541666667607], [73.77124999994233, 18.62541666667607], [73.77124999994233, 18.626250000009403], [73.770416666609, 18.626250000009403]]]}}, {"type": "Feature", "properties": {"name": "Stream"}, "geometry": {"type": "Polygon", "coordinates": [[[73.78958333327566, 18.626250000009403], [73.78958333327566, 18.62541666667607], [73.79041666660899, 18.62541666667607], [73.79041666660899, 18.626250000009403], [73.78958333327566, 18.626250000009403]]]}}, {"type": "Feature", "properties": {"name": "Stream"}, "geometry": {"type": "Polygon", "coordinates": [[[73.79124999994232, 18.626250000009403], [73.79124999994232, 18.62541666667607], [73.79208333327566, 18.62541666667607], [73.79208333327566, 18.626250000009403], [73.79124999994232, 18.626250000009403]]]}}, {"type": "Feature", "properties": {"name": "Stream"}, "geometry": {"type": "Polygon", "coordinates": [[[73.96458333327561, 18.626250000009403], [73.96458333327561, 18.62541666667607], [73.96541666660895, 18.62541666667607], [73.96541666660895, 18.626250000009403], [73.96458333327561, 18.626250000009403]]]}}, {"type": "Feature", "properties": {"name": "Stream"}, "geometry": {"type": "Polygon", "coordinates": [[[73.97791666660895, 18.626250000009403], [73.97791666660895, 18.62541666667607], [73.97874999994228, 18.62541666667607], [73.97874999994228, 18.626250000009403], [73.97791666660895, 18.626250000009403]]]}}, {"type": "Feature", "properties": {"name": "Stream"}, "geometry": {"type": "Polygon", "coordinates": [[[74.08124999994226, 18.626250000009403], [74.08124999994226, 18.62541666667607], [74.08208333327559, 18.62541666667607], [74.08208333327559, 18.626250000009403], [74.08124999994226, 18.626250000009403]]]}}, {"type": "Feature", "properties": {"name": "Stream"}, "geometry": {"type": "Polygon", "coordinates": [[[73.76708333327566, 18.62541666667607], [73.76708333327566, 18.624583333342738], [73.770416666609, 18.624583333342738], [73.770416666609, 18.62541666667607], [73.76708333327566, 18.62541666667607]]]}}, {"type": "Feature", "properties": {"name": "Stream"}, "geometry": {"type": "Polygon", "coordinates": [[[73.79208333327566, 18.62541666667607], [73.79208333327566, 18.624583333342738], [73.79291666660899, 18.624583333342738], [73.79291666660899, 18.62541666667607], [73.79208333327566, 18.62541666667607]]]}}, {"type": "Feature", "properties": {"name": "Stream"}, "geometry": {"type": "Polygon", "coordinates": [[[73.96374999994228, 18.62541666667607], [73.96374999994228, 18.624583333342738], [73.96458333327561, 18.624583333342738], [73.96458333327561, 18.62541666667607], [73.96374999994228, 18.62541666667607]]]}}, {"type": "Feature", "properties": {"name": "Stream"}, "geometry": {"type": "Polygon", "coordinates": [[[73.97708333327562, 18.62541666667607], [73.97708333327562, 18.624583333342738], [73.97791666660895, 18.624583333342738], [73.97791666660895, 18.62541666667607], [73.97708333327562, 18.62541666667607]]]}}, {"type": "Feature", "properties": {"name": "Stream"}, "geometry": {"type": "Polygon", "coordinates": [[[74.07458333327558, 18.62541666667607], [74.07458333327558, 18.624583333342738], [74.07541666660892, 18.624583333342738], [74.07541666660892, 18.62541666667607], [74.07458333327558, 18.62541666667607]]]}}, {"type": "Feature", "properties": {"name": "Stream"}, "geometry": {"type": "Polygon", "coordinates": [[[74.07874999994225, 18.62541666667607], [74.07874999994225, 18.624583333342738], [74.08124999994226, 18.624583333342738], [74.08124999994226, 18.62541666667607], [74.07874999994225, 18.62541666667607]]]}}, {"type": "Feature", "properties": {"name": "Stream"}, "geometry": {"type": "Polygon", "coordinates": [[[73.77708333327566, 18.627083333342735], [73.77708333327566, 18.6237500000094], [73.77791666660899, 18.6237500000094], [73.77791666660899, 18.627083333342735], [73.77708333327566, 18.627083333342735]]]}}, {"type": "Feature", "properties": {"name": "Stream"}, "geometry": {"type": "Polygon", "coordinates": [[[73.79291666660899, 18.624583333342738], [73.79291666660899, 18.6237500000094], [73.79374999994232, 18.6237500000094], [73.79374999994232, 18.624583333342738], [73.79291666660899, 18.624583333342738]]]}}, {"type": "Feature", "properties": {"name": "Stream"}, "geometry": {"type": "Polygon", "coordinates": [[[73.97624999994228, 18.624583333342738], [73.97624999994228, 18.6237500000094], [73.97708333327562, 18.6237500000094], [73.97708333327562, 18.624583333342738], [73.97624999994228, 18.624583333342738]]]}}, {"type": "Feature", "properties": {"name": "Stream"}, "geometry": {"type": "Polygon", "coordinates": [[[74.07541666660892, 18.624583333342738], [74.07541666660892, 18.6237500000094], [74.07874999994225, 18.6237500000094], [74.07874999994225, 18.624583333342738], [74.07541666660892, 18.624583333342738]]]}}, {"type": "Feature", "properties": {"name": "Stream"}, "geometry": {"type": "Polygon", "coordinates": [[[73.78874999994233, 18.62541666667607], [73.78874999994233, 18.62291666667607], [73.78958333327566, 18.62291666667607], [73.78958333327566, 18.62541666667607], [73.78874999994233, 18.62541666667607]]]}}, {"type": "Feature", "properties": {"name": "Stream"}, "geometry": {"type": "Polygon", "coordinates": [[[73.77791666660899, 18.6237500000094], [73.77791666660899, 18.62291666667607], [73.77874999994232, 18.62291666667607], [73.77874999994232, 18.6237500000094], [73.77791666660899, 18.6237500000094]]]}}, {"type": "Feature", "properties": {"name": "Stream"}, "geometry": {"type": "Polygon", "coordinates": [[[73.97541666660895, 18.6237500000094], [73.97541666660895, 18.62291666667607], [73.97624999994228, 18.62291666667607], [73.97624999994228, 18.6237500000094], [73.97541666660895, 18.6237500000094]]]}}, {"type": "Feature", "properties": {"name": "Stream"}, "geometry": {"type": "Polygon", "coordinates": [[[73.77874999994232, 18.62291666667607], [73.77874999994232, 18.622083333342736], [73.78041666660899, 18.622083333342736], [73.78041666660899, 18.62291666667607], [73.77874999994232, 18.62291666667607]]]}}, {"type": "Feature", "properties": {"name": "Stream"}, "geometry": {"type": "Polygon", "coordinates": [[[73.97374999994227, 18.62291666667607], [73.97374999994227, 18.622083333342736], [73.97541666660895, 18.622083333342736], [73.97541666660895, 18.62291666667607], [73.97374999994227, 18.62291666667607]]]}}, {"type": "Feature", "properties": {"name": "Stream"}, "geometry": {"type": "Polygon", "coordinates": [[[73.79374999994232, 18.6237500000094], [73.79374999994232, 18.621250000009404], [73.79458333327565, 18.621250000009404], [73.79458333327565, 18.6237500000094], [73.79374999994232, 18.6237500000094]]]}}, {"type": "Feature", "properties": {"name": "Stream"}, "geometry": {"type": "Polygon", "coordinates": [[[73.78041666660899, 18.622083333342736], [73.78041666660899, 18.621250000009404], [73.78124999994232, 18.621250000009404], [73.78124999994232, 18.622083333342736], [73.78041666660899, 18.622083333342736]]]}}, {"type": "Feature", "properties": {"name": "Stream"}, "geometry": {"type": "Polygon", "coordinates": [[[73.97291666660894, 18.622083333342736], [73.97291666660894, 18.621250000009404], [73.97374999994227, 18.621250000009404], [73.97374999994227, 18.622083333342736], [73.97291666660894, 18.622083333342736]]]}}, {"type": "Feature", "properties": {"name": "Stream"}, "geometry": {"type": "Polygon", "coordinates": [[[73.96291666660895, 18.624583333342738], [73.96291666660895, 18.62041666667607], [73.96374999994228, 18.62041666667607], [73.96374999994228, 18.624583333342738], [73.96291666660895, 18.624583333342738]]]}}, {"type": "Feature", "properties": {"name": "Stream"}, "geometry": {"type": "Polygon", "coordinates": [[[73.787916666609, 18.62291666667607], [73.787916666609, 18.62041666667607], [73.78874999994233, 18.62041666667607], [73.78874999994233, 18.62291666667607], [73.787916666609, 18.62291666667607]]]}}, {"type": "Feature", "properties": {"name": "Stream"}, "geometry": {"type": "Polygon", "coordinates": [[[73.78124999994232, 18.621250000009404], [73.78124999994232, 18.62041666667607], [73.78208333327565, 18.62041666667607], [73.78208333327565, 18.621250000009404], [73.78124999994232, 18.621250000009404]]]}}, {"type": "Feature", "properties": {"name": "Stream"}, "geometry": {"type": "Polygon", "coordinates": [[[73.79458333327565, 18.621250000009404], [73.79458333327565, 18.62041666667607], [73.79624999994232, 18.62041666667607], [73.79624999994232, 18.621250000009404], [73.79458333327565, 18.621250000009404]]]}}, {"type": "Feature", "properties": {"name": "Stream"}, "geometry": {"type": "Polygon", "coordinates": [[[73.97124999994227, 18.621250000009404], [73.97124999994227, 18.62041666667607], [73.97291666660894, 18.62041666667607], [73.97291666660894, 18.621250000009404], [73.97124999994227, 18.621250000009404]]]}}, {"type": "Feature", "properties": {"name": "Stream"}, "geometry": {"type": "Polygon", "coordinates": [[[73.78208333327565, 18.62041666667607], [73.78208333327565, 18.61958333334274], [73.78291666660898, 18.61958333334274], [73.78291666660898, 18.62041666667607], [73.78208333327565, 18.62041666667607]]]}}, {"type": "Feature", "properties": {"name": "Stream"}, "geometry": {"type": "Polygon", "coordinates": [[[73.78708333327565, 18.62041666667607], [73.78708333327565, 18.61958333334274], [73.787916666609, 18.61958333334274], [73.787916666609, 18.62041666667607], [73.78708333327565, 18.62041666667607]]]}}, {"type": "Feature", "properties": {"name": "Stream"}, "geometry": {"type": "Polygon", "coordinates": [[[73.96374999994228, 18.62041666667607], [73.96374999994228, 18.61958333334274], [73.96541666660895, 18.61958333334274], [73.96541666660895, 18.62041666667607], [73.96374999994228, 18.62041666667607]]]}}, {"type": "Feature", "properties": {"name": "Stream"}, "geometry": {"type": "Polygon", "coordinates": [[[73.97041666660894, 18.62041666667607], [73.97041666660894, 18.61958333334274], [73.97124999994227, 18.61958333334274], [73.97124999994227, 18.62041666667607], [73.97041666660894, 18.62041666667607]]]}}, {"type": "Feature", "properties": {"name": "Stream"}, "geometry": {"type": "Polygon", "coordinates": [[[73.78291666660898, 18.61958333334274], [73.78291666660898, 18.618750000009403], [73.78374999994232, 18.618750000009403], [73.78374999994232, 18.61958333334274], [73.78291666660898, 18.61958333334274]]]}}, {"type": "Feature", "properties": {"name": "Stream"}, "geometry": {"type": "Polygon", "coordinates": [[[73.78624999994231, 18.61958333334274], [73.78624999994231, 18.618750000009403], [73.78708333327565, 18.618750000009403], [73.78708333327565, 18.61958333334274], [73.78624999994231, 18.61958333334274]]]}}, {"type": "Feature", "properties": {"name": "Stream"}, "geometry": {"type": "Polygon", "coordinates": [[[73.96541666660895, 18.61958333334274], [73.96541666660895, 18.618750000009403], [73.97041666660894, 18.618750000009403], [73.97041666660894, 18.61958333334274], [73.96541666660895, 18.61958333334274]]]}}, {"type": "Feature", "properties": {"name": "Stream"}, "geometry": {"type": "Polygon", "coordinates": [[[73.78374999994232, 18.618750000009403], [73.78374999994232, 18.61791666667607], [73.78458333327565, 18.61791666667607], [73.78458333327565, 18.618750000009403], [73.78374999994232, 18.618750000009403]]]}}, {"type": "Feature", "properties": {"name": "Stream"}, "geometry": {"type": "Polygon", "coordinates": [[[73.78541666660898, 18.618750000009403], [73.78541666660898, 18.61791666667607], [73.78624999994231, 18.61791666667607], [73.78624999994231, 18.618750000009403], [73.78541666660898, 18.618750000009403]]]}}, {"type": "Feature", "properties": {"name": "Stream"}, "geometry": {"type": "Polygon", "coordinates": [[[73.78458333327565, 18.61791666667607], [73.78458333327565, 18.617083333342737], [73.78541666660898, 18.617083333342737], [73.78541666660898, 18.61791666667607], [73.78458333327565, 18.61791666667607]]]}}, {"type": "Feature", "properties": {"name": "Stream"}, "geometry": {"type": "Polygon", "coordinates": [[[73.79624999994232, 18.62041666667607], [73.79624999994232, 18.61208333334274], [73.79708333327565, 18.61208333334274], [73.79708333327565, 18.62041666667607], [73.79624999994232, 18.62041666667607]]]}}, {"type": "Feature", "properties": {"name": "Stream"}, "geometry": {"type": "Polygon", "coordinates": [[[73.79541666660899, 18.61208333334274], [73.79541666660899, 18.60708333334274], [73.79624999994232, 18.60708333334274], [73.79624999994232, 18.61208333334274], [73.79541666660899, 18.61208333334274]]]}}, {"type": "Feature", "properties": {"name": "Stream"}, "geometry": {"type": "Polygon", "coordinates": [[[73.79624999994232, 18.60708333334274], [73.79624999994232, 18.605416666676074], [73.79708333327565, 18.605416666676074], [73.79708333327565, 18.60708333334274], [73.79624999994232, 18.60708333334274]]]}}, {"type": "Feature", "properties": {"name": "Stream"}, "geometry": {"type": "Polygon", "coordinates": [[[73.81541666660898, 18.606250000009407], [73.81541666660898, 18.605416666676074], [73.81708333327565, 18.605416666676074], [73.81708333327565, 18.606250000009407], [73.81541666660898, 18.606250000009407]]]}}, {"type": "Feature", "properties": {"name": "Stream"}, "geometry": {"type": "Polygon", "coordinates": [[[73.79708333327565, 18.605416666676074], [73.79708333327565, 18.60458333334274], [73.79791666660898, 18.60458333334274], [73.79791666660898, 18.605416666676074], [73.79708333327565, 18.605416666676074]]]}}, {"type": "Feature", "properties": {"name": "Stream"}, "geometry": {"type": "Polygon", "coordinates": [[[73.81124999994232, 18.605416666676074], [73.81124999994232, 18.60458333334274], [73.81541666660898, 18.60458333334274], [73.81541666660898, 18.605416666676074], [73.81124999994232, 18.605416666676074]]]}}, {"type": "Feature", "properties": {"name": "Stream"}, "geometry": {"type": "Polygon", "coordinates": [[[73.81708333327565, 18.605416666676074], [73.81708333327565, 18.60458333334274], [73.82041666660898, 18.60458333334274], [73.82041666660898, 18.605416666676074], [73.81708333327565, 18.605416666676074]]]}}, {"type": "Feature", "properties": {"name": "Stream"}, "geometry": {"type": "Polygon", "coordinates": [[[73.79791666660898, 18.60458333334274], [73.79791666660898, 18.60375000000941], [73.79874999994232, 18.60375000000941], [73.79874999994232, 18.60458333334274], [73.79791666660898, 18.60458333334274]]]}}, {"type": "Feature", "properties": {"name": "Stream"}, "geometry": {"type": "Polygon", "coordinates": [[[73.81041666660899, 18.60458333334274], [73.81041666660899, 18.60375000000941], [73.81124999994232, 18.60375000000941], [73.81124999994232, 18.60458333334274], [73.81041666660899, 18.60458333334274]]]}}, {"type": "Feature", "properties": {"name": "Stream"}, "geometry": {"type": "Polygon", "coordinates": [[[73.82041666660898, 18.60458333334274], [73.82041666660898, 18.60375000000941], [73.82124999994231, 18.60375000000941], [73.82124999994231, 18.60458333334274], [73.82041666660898, 18.60458333334274]]]}}, {"type": "Feature", "properties": {"name": "Stream"}, "geometry": {"type": "Polygon", "coordinates": [[[73.79874999994232, 18.60375000000941], [73.79874999994232, 18.602916666676073], [73.80374999994231, 18.602916666676073], [73.80374999994231, 18.60375000000941], [73.79874999994232, 18.60375000000941]]]}}, {"type": "Feature", "properties": {"name": "Stream"}, "geometry": {"type": "Polygon", "coordinates": [[[73.80874999994232, 18.60375000000941], [73.80874999994232, 18.602916666676073], [73.81041666660899, 18.602916666676073], [73.81041666660899, 18.60375000000941], [73.80874999994232, 18.60375000000941]]]}}, {"type": "Feature", "properties": {"name": "Stream"}, "geometry": {"type": "Polygon", "coordinates": [[[73.80374999994231, 18.602916666676073], [73.80374999994231, 18.60208333334274], [73.80874999994232, 18.60208333334274], [73.80874999994232, 18.602916666676073], [73.80374999994231, 18.602916666676073]]]}}, {"type": "Feature", "properties": {"name": "Stream"}, "geometry": {"type": "Polygon", "coordinates": [[[73.82124999994231, 18.60375000000941], [73.82124999994231, 18.600416666676075], [73.82208333327564, 18.600416666676075], [73.82208333327564, 18.60375000000941], [73.82124999994231, 18.60375000000941]]]}}, {"type": "Feature", "properties": {"name": "Stream"}, "geometry": {"type": "Polygon", "coordinates": [[[73.82041666660898, 18.600416666676075], [73.82041666660898, 18.599583333342743], [73.82124999994231, 18.599583333342743], [73.82124999994231, 18.600416666676075], [73.82041666660898, 18.600416666676075]]]}}, {"type": "Feature", "properties": {"name": "Stream"}, "geometry": {"type": "Polygon", "coordinates": [[[73.81958333327565, 18.599583333342743], [73.81958333327565, 18.597916666676074], [73.82041666660898, 18.597916666676074], [73.82041666660898, 18.599583333342743], [73.81958333327565, 18.599583333342743]]]}}, {"type": "Feature", "properties": {"name": "Stream"}, "geometry": {"type": "Polygon", "coordinates": [[[73.81874999994231, 18.597916666676074], [73.81874999994231, 18.59708333334274], [73.81958333327565, 18.59708333334274], [73.81958333327565, 18.597916666676074], [73.81874999994231, 18.597916666676074]]]}}, {"type": "Feature", "properties": {"name": "Stream"}, "geometry": {"type": "Polygon", "coordinates": [[[73.81958333327565, 18.59708333334274], [73.81958333327565, 18.59625000000941], [73.82041666660898, 18.59625000000941], [73.82041666660898, 18.59708333334274], [73.81958333327565, 18.59708333334274]]]}}, {"type": "Feature", "properties": {"name": "Stream"}, "geometry": {"type": "Polygon", "coordinates": [[[73.82041666660898, 18.59625000000941], [73.82041666660898, 18.595416666676076], [73.82124999994231, 18.595416666676076], [73.82124999994231, 18.59625000000941], [73.82041666660898, 18.59625000000941]]]}}, {"type": "Feature", "properties": {"name": "Stream"}, "geometry": {"type": "Polygon", "coordinates": [[[73.82124999994231, 18.595416666676076], [73.82124999994231, 18.594583333342744], [73.82374999994231, 18.594583333342744], [73.82374999994231, 18.595416666676076], [73.82124999994231, 18.595416666676076]]]}}, {"type": "Feature", "properties": {"name": "Stream"}, "geometry": {"type": "Polygon", "coordinates": [[[73.82374999994231, 18.594583333342744], [73.82374999994231, 18.59375000000941], [73.82458333327564, 18.59375000000941], [73.82458333327564, 18.592916666676075], [73.82541666660897, 18.592916666676075], [73.82541666660897, 18.594583333342744], [73.82374999994231, 18.594583333342744]]]}}, {"type": "Feature", "properties": {"name": "Stream"}, "geometry": {"type": "Polygon", "coordinates": [[[73.82541666660897, 18.592916666676075], [73.82541666660897, 18.592083333342742], [73.8262499999423, 18.592083333342742], [73.8262499999423, 18.592916666676075], [73.82541666660897, 18.592916666676075]]]}}, {"type": "Feature", "properties": {"name": "Stream"}, "geometry": {"type": "Polygon", "coordinates": [[[73.8262499999423, 18.592083333342742], [73.8262499999423, 18.59125000000941], [73.82708333327564, 18.59125000000941], [73.82708333327564, 18.592083333342742], [73.8262499999423, 18.592083333342742]]]}}, {"type": "Feature", "properties": {"name": "Stream"}, "geometry": {"type": "Polygon", "coordinates": [[[73.82708333327564, 18.59125000000941], [73.82708333327564, 18.589583333342745], [73.82791666660897, 18.589583333342745], [73.82791666660897, 18.59125000000941], [73.82708333327564, 18.59125000000941]]]}}, {"type": "Feature", "properties": {"name": "Stream"}, "geometry": {"type": "Polygon", "coordinates": [[[73.82791666660897, 18.589583333342745], [73.82791666660897, 18.58541666667608], [73.8287499999423, 18.58541666667608], [73.8287499999423, 18.589583333342745], [73.82791666660897, 18.589583333342745]]]}}, {"type": "Feature", "properties": {"name": "Stream"}, "geometry": {"type": "Polygon", "coordinates": [[[73.82708333327564, 18.58541666667608], [73.82708333327564, 18.584583333342746], [73.82791666660897, 18.584583333342746], [73.82791666660897, 18.58541666667608], [73.82708333327564, 18.58541666667608]]]}}, {"type": "Feature", "properties": {"name": "Stream"}, "geometry": {"type": "Polygon", "coordinates": [[[73.8262499999423, 18.584583333342746], [73.8262499999423, 18.583750000009413], [73.82708333327564, 18.583750000009413], [73.82708333327564, 18.584583333342746], [73.8262499999423, 18.584583333342746]]]}}, {"type": "Feature", "properties": {"name": "Stream"}, "geometry": {"type": "Polygon", "coordinates": [[[73.82541666660897, 18.583750000009413], [73.82541666660897, 18.58291666667608], [73.8262499999423, 18.58291666667608], [73.8262499999423, 18.583750000009413], [73.82541666660897, 18.583750000009413]]]}}, {"type": "Feature", "properties": {"name": "Stream"}, "geometry": {"type": "Polygon", "coordinates": [[[73.82458333327564, 18.58291666667608], [73.82458333327564, 18.582083333342744], [73.82541666660897, 18.582083333342744], [73.82541666660897, 18.58291666667608], [73.82458333327564, 18.58291666667608]]]}}, {"type": "Feature", "properties": {"name": "Stream"}, "geometry": {"type": "Polygon", "coordinates": [[[73.82374999994231, 18.582083333342744], [73.82374999994231, 18.581250000009412], [73.82458333327564, 18.581250000009412], [73.82458333327564, 18.582083333342744], [73.82374999994231, 18.582083333342744]]]}}, {"type": "Feature", "properties": {"name": "Stream"}, "geometry": {"type": "Polygon", "coordinates": [[[73.82208333327564, 18.581250000009412], [73.82208333327564, 18.58041666667608], [73.82374999994231, 18.58041666667608], [73.82374999994231, 18.581250000009412], [73.82208333327564, 18.581250000009412]]]}}, {"type": "Feature", "properties": {"name": "Stream"}, "geometry": {"type": "Polygon", "coordinates": [[[73.82124999994231, 18.58041666667608], [73.82124999994231, 18.578750000009414], [73.82208333327564, 18.578750000009414], [73.82208333327564, 18.58041666667608], [73.82124999994231, 18.58041666667608]]]}}, {"type": "Feature", "properties": {"name": "Stream"}, "geometry": {"type": "Polygon", "coordinates": [[[73.82041666660898, 18.578750000009414], [73.82041666660898, 18.577083333342745], [73.82124999994231, 18.577083333342745], [73.82124999994231, 18.578750000009414], [73.82041666660898, 18.578750000009414]]]}}, {"type": "Feature", "properties": {"name": "Stream"}, "geometry": {"type": "Polygon", "coordinates": [[[73.82124999994231, 18.577083333342745], [73.82124999994231, 18.576250000009413], [73.82208333327564, 18.576250000009413], [73.82208333327564, 18.577083333342745], [73.82124999994231, 18.577083333342745]]]}}, {"type": "Feature", "properties": {"name": "Stream"}, "geometry": {"type": "Polygon", "coordinates": [[[73.8262499999423, 18.577083333342745], [73.8262499999423, 18.576250000009413], [73.8287499999423, 18.576250000009413], [73.8287499999423, 18.57541666667608], [73.82958333327565, 18.57541666667608], [73.82958333327565, 18.577083333342745], [73.8262499999423, 18.577083333342745]]]}}, {"type": "Feature", "properties": {"name": "Stream"}, "geometry": {"type": "Polygon", "coordinates": [[[73.82208333327564, 18.576250000009413], [73.82208333327564, 18.57541666667608], [73.8262499999423, 18.57541666667608], [73.8262499999423, 18.576250000009413], [73.82208333327564, 18.576250000009413]]]}}, {"type": "Feature", "properties": {"name": "Stream"}, "geometry": {"type": "Polygon", "coordinates": [[[73.82958333327565, 18.57541666667608], [73.82958333327565, 18.574583333342748], [73.83041666660898, 18.574583333342748], [73.83041666660898, 18.57541666667608], [73.82958333327565, 18.57541666667608]]]}}, {"type": "Feature", "properties": {"name": "Stream"}, "geometry": {"type": "Polygon", "coordinates": [[[73.83041666660898, 18.574583333342748], [73.83041666660898, 18.572916666676083], [73.83124999994232, 18.572916666676083], [73.83124999994232, 18.574583333342748], [73.83041666660898, 18.574583333342748]]]}}, {"type": "Feature", "properties": {"name": "Stream"}, "geometry": {"type": "Polygon", "coordinates": [[[73.83124999994232, 18.572916666676083], [73.83124999994232, 18.571250000009414], [73.83208333327565, 18.571250000009414], [73.83208333327565, 18.572916666676083], [73.83124999994232, 18.572916666676083]]]}}, {"type": "Feature", "properties": {"name": "Stream"}, "geometry": {"type": "Polygon", "coordinates": [[[73.83041666660898, 18.571250000009414], [73.83041666660898, 18.56958333334275], [73.83124999994232, 18.56958333334275], [73.83124999994232, 18.571250000009414], [73.83041666660898, 18.571250000009414]]]}}]}